Canal,Numero_de_aparicoes
"HYBE LABELS",202
"Brawl Stars",187
"FORMULA 1",162
NFL,155
"JYP Entertainment",138
CONMEBOL,132
"Mnet K-POP",119
SMTOWN,115
BABYMONSTER,110
MrBeast,108
ESPN,108
"Clash of Clans",106
"Mark Rober",105
"The Royalty Family",104
"Emilly Vick",99
"KQ ENTERTAINMENT",95
"Linkin Park",94
"Canal GOAT",93
Enaldinho,92
LadyGagaVEVO,92
"Stray Kids Japan Official YouTube",91
ge,87
"MasterChef Brasil",86
"ESPN Brasil",83
"League of Legends",81
"Autumn Nations Series",78
"Marvel Entertainment",77
ROSÃ‰,74
cricket.com.au,73
"STUDIO CHOOM [ìŠ¤íŠœë””ì˜¤ ì¶¤]",73
"Hay Day",70
"Tyler, The Creator",70
"Tyler, The Creator - Topic",70
"MDM Sketch Comedy",68
"Jordan Matter",67
JENNIE,67
DaFuq!?Boom!,67
Jazzghost,64
"CANAL+ Sport",64
"Universal Pictures",64
"Kendrick Lamar",64
"beIN SPORTS France",63
"NRL - National Rugby League",63
"Honkai: Star Rail",62
"Bruno Mars",62
"Mcfly et Carlito",62
"Stokes Twins",59
ã«ã˜ã•ã‚“ã˜,59
BillieEilishVEVO,59
XG,58
Apple,58
OfficialGDRAGON,58
"Netflix Sports",57
rezendeevil,56
CazÃ©TV,54
"TNT Sports Brasil",53
NBA,53
"FOX Soccer",53
M-1ã‚°ãƒ©ãƒ³ãƒ—ãƒª,53
A24,52
"Leozinn 077",51
"First We Feast",51
"ĞĞ°Ñ‚ÑƒÑ€Ğ°Ğ» ĞĞ»ÑŒĞ±ĞµÑ€Ñ‚Ğ¾Ğ²Ğ¸Ñ‡",51
PlayOverwatch,51
"Kurzgesagt â€“ In a Nutshell",51
"Anthony Wreyn",51
EYstreem,51
"Manchester United",50
"KBS WORLD TV",50
"NBA Extra - beIN SPORTS France",48
"Dude Perfect",48
BeyoncÃ©,48
"Ben Azelart",48
"Man City",47
BMSG,47
TerraGreen,46
ãƒãƒ ã‚·ãƒ§ãƒ¼ã®ã‚¹ãƒãƒ¼ãƒ„å®Ÿæ³ch,46
"High Side",46
"All Blacks",46
"Nintendo of America",46
Bauers,45
"UR Â· Cristiano",45
SQUEEZIE,44
WWE,44
Kitawari,44
"Daniel LaBelle",44
"DAZN Japan",43
MLB,42
"DOM Studio",42
"Ryan Trahan",42
"TNT Sports",42
IVE,42
Lachlan,42
"Tottenham Hotspur",42
"AFC Asian Cup",41
"CFB ON FOX",41
ãŠã‚ã¡ã‚“ã‚†ãƒ¼,41
"Omar Raja - ESPN",41
"Victoria Pfeifer",41
"U-NEXT ãƒ•ãƒƒãƒˆãƒœãƒ¼ãƒ«",40
ä»¤å’Œã®è™CHANNEL,40
AntsCanada,40
æœˆãƒç¾å…,40
"THE FIRST TAKE",40
"Topper Guild",40
Fortnite,40
LKCJ,40
"Major League Soccer",40
"Sam and Colby",40
"Nam PhÆ°Æ¡ng",40
TylaVEVO,40
Miniminter,39
Grian,39
TÃ©lÃ©foot,39
"All Elite Wrestling",39
OcÃ©ane,39
äº€æ¢¨å’Œä¹Ÿ,39
Amixem,38
"Apple TV",38
Netflix,38
"Ryland vlogs",38
"How Ridiculous",37
LDShadowLady,37
Underscore_,37
MoreSidemen,37
"Nick DiGiovanni",36
"L' immigrÃ© parisien",36
"Will Tennyson",36
TheWeekndVEVO,36
Veritasium,36
"Damso - Topic",36
"MrLololoshka (Ğ Ğ¾Ğ¼Ğ°Ğ½ Ğ¤Ğ¸Ğ»ÑŒÑ‡ĞµĞ½ĞºĞ¾Ğ²)",36
"NBA Brasil",36
VIVINOS,36
FutParÃ³dias,36
THEBLACKLABEL,36
IShowSpeed,36
ãã—å®¶ã ã‘ã§ã™,36
CYRILmp4,36
CarynandConnieGaming,36
"ABS-CBN Entertainment",36
BANGTANTV,35
"Charles & MÃ©lanie",35
"Megan Thee Stallion",35
TF1,35
"Technology Connections",35
"Chico Garcia",35
"DAZN Boxing",35
"Kysha e Mine",35
TateMcRaeVEVO,35
MoniLina,35
Brianna,35
"KAI Channel / æœå€‰æµ·",34
"Porta dos Fundos",34
"Bandai Namco Entertainment",34
"FOX SPORTS AUSTRALIA",34
"Bryson DeChambeau",34
Trash,34
ã°ã‚“ã°ã‚“ã–ã„,34
"BE:FIRST Official",34
"Scotland National Team",34
è·¯é£ä¸å”èˆæ¡,34
"Justin Flom",34
é…’æ¡œ,33
"CBS Sports Golazo",33
"Ryan Oliveira",33
"Rafa & Luiz",33
"HugoDÃ©crypte - Grands formats",33
"æ¥µæ¥½ã¨ã‚“ã¼å±±æœ¬åœ­å£± ã‘ã„ã¡ã‚‡ã‚“ãƒãƒ£ãƒ³ãƒãƒ«",33
"Fight Hub TV",33
MollyMae,33
Fixz,33
PrestonPlayz,33
"SBSKPOP X INKIGAYO",33
"ã¯ã˜ã‚ã—ã‚ƒã¡ã‚‡ãƒ¼2 (hajime)",33
"Mariah Carey",33
"Football Australia",32
"By Pamella",32
JFATV,32
PM7,32
"Corbucci Eats",32
KarolGVEVO,32
å¥‡è»’Tricking,32
WOWOWã‚µãƒƒã‚«ãƒ¼official,32
Donut,32
"ãƒœãƒ³ã‚½ãƒ¯ãƒ¼ãƒ«TV BonSoirTV",32
"Call of Duty",32
"twenty one pilots",32
è¥¿é‡æœªå§«,31
"ã€å…¬å¼ã€‘TBS ã‚¹ãƒãƒ¼ãƒ„",31
"TV Palmeiras/FAM",31
Tavarish,31
STORROR,31
"Kalogeras Sisters ",31
"Creepy Nuts",31
"ãã£ããƒ¼ ! ã®å¼•ç”°ãã£ããƒ¼ !",31
"Crafty Buddy",31
PewDiePie,31
"JustParkers ",31
"Paramount Pictures",31
ã¨ã†ã‚,31
æ±æ˜ ã‚¢ãƒ‹ãƒ¡ãƒ¼ã‚·ãƒ§ãƒ³å…¬å¼YouTubeãƒãƒ£ãƒ³ãƒãƒ«,31
"Practical Engineering",31
"WWE on USA",30
"Recap Mood",30
"ROF-MAO / ã‚ãµã¾ãŠãƒãƒ£ãƒ³ãƒãƒ«ã€ã«ã˜ã•ã‚“ã˜ã€‘",30
"Esporte na Band",30
"MasomkaMagic  ",30
"Creative Squad",30
"Satozaki Channel",30
"SQUEEZIE GAMING",30
"Zoe Sugg",30
ChroNoiR,30
RMCSport,30
CANAL+,30
GrandTV,30
"Thiago Productions",29
"Parole de chat",29
BamaBass,29
æ±æµ·ã‚ªãƒ³ã‚¨ã‚¢,29
"Juice WRLD",29
ãƒ•ã‚¸ãƒ†ãƒ¬ãƒ“å…¬å¼,29
"æå­æŸ’ Liziqi",29
Coldplay,29
"TD BRICKS",29
SCH,29
Feldup,29
"LALIGA EA SPORTS",29
"Auto Focus",29
"Stervio 3.0",29
"Wanitwa Mos Entertainment",29
ã‚¸ãƒ£ãƒ³ãƒ—ãƒãƒ£ãƒ³ãƒãƒ«,29
Subnautica,29
ã¯ã˜ã‚ã—ã‚ƒã¡ã‚‡ãƒ¼ï¼ˆhajimeï¼‰,28
SolarBalls,28
"Werenoi - Topic",28
Valouzz,28
ãƒ¢ãƒ³ã‚¹ãƒˆï¼ˆãƒ¢ãƒ³ã‚¹ã‚¿ãƒ¼ã‚¹ãƒˆãƒ©ã‚¤ã‚¯ï¼‰å…¬å¼,28
"Luan Santana",28
SPOTVNOW,28
"LIL UZI VERT",28
"Let's Game It Out",28
"Ninho - Topic",28
"GAZO OFFICIEL",28
"Mat Armstrong MK2",28
"Quenlin Blackwell",28
Booska-P,28
MUSSA,28
"Amelia Dimoldenberg",28
Tonigon,28
SkinSpotlights,28
KATSEYE,28
"Niska Officiel",28
ãƒ•ãƒŸã‚«ãƒŠ,27
"Adeline Camargo",27
Neoxi,27
"IZALICK ",27
"Liverpool FC",27
ãƒ‡ã‚£ã‚ºãƒ‹ãƒ¼ãƒ»ã‚¹ã‚¿ã‚¸ã‚ªå…¬å¼,27
ã‚ˆã«ã®ã¡ã‚ƒã‚“ã­ã‚‹,27
Vogue,27
"Mat Armstrong",27
"Jorge Rivera-Herrans - Topic",27
"FOX Sports",27
PointCrow,27
"Val Lienard",27
"Sakuna Ch. çµåŸã•ããª",27
"Nicolas Gomes",27
Mastu,27
"Robby and Penny",27
æ¨ªæµœDeNAãƒ™ã‚¤ã‚¹ã‚¿ãƒ¼ã‚ºå…¬å¼ãƒãƒ£ãƒ³ãƒãƒ«,27
JxmyHighroller,27
æ±æµ·ã‚ªãƒ³ã‚¨ã‚¢ã®æ§ãˆå®¤,27
Africori,27
LilBabyVEVO,27
"Bryton Myler",27
"KISS OF LIFE",27
"King & Prince",26
DougDougDoug,26
"GR6 EXPLODE",26
"Lil Joyca",26
GENEZIO,26
Adem&Bilal,26
UFC,26
"ãƒ—ãƒ­ã‚¸ã‚§ã‚¯ãƒˆã‚»ã‚«ã‚¤ ã‚«ãƒ©ãƒ•ãƒ«ã‚¹ãƒ†ãƒ¼ã‚¸! feat. åˆéŸ³ãƒŸã‚¯",26
"Marvel Brasil",26
FLAMBY,26
"LUIZ DO SOM",26
"Jeremy Jahns",26
"Sonar Produtora ",26
"Romain Molina",26
"lil boat",26
PINK,26
"Canal GB",26
"Nintendo å…¬å¼ãƒãƒ£ãƒ³ãƒãƒ«",26
"ESPN MMA",26
"Associated Press",26
Footasylum,26
"Smells Like GASOLINE",26
rekrap2,26
"Jake Paul",26
AddisonRaeVEVO,26
"Marusya Outdoors",26
ã¨ã—ã¿ã¤æ±æµ·ã‚ªãƒ³ã‚¨ã‚¢ã®,26
"Red Bull",25
Preston,25
"HugoDÃ©crypte - Actus du jour",25
"Hey! Say! JUMP",25
JaidenAnimations,25
"Simone Mendes",25
WizkidVEVO,25
"Apex Legends",25
thegameawards,25
"Unspeakable Studios",25
Jeenie.Weenie,25
"Promo Influ",25
VALORANT,25
ProbIems,25
"Pocket Cine",25
"Nidal Wonder",25
"Premier Boxing Champions",25
"Le Parisien",24
pierson,24
"Mari Maria",24
Mendrake,24
"Nene Ch.æ¡ƒéˆ´ã­ã­",24
HeavyDSparks,24
arcsystemworks,24
"Maes officiel",24
"France tv sport",24
"The United Stand",24
"ONE PIECEå…¬å¼YouTubeãƒãƒ£ãƒ³ãƒãƒ«",24
Darko,24
ã‚¢ã‚¤ãƒ‰ãƒ«ãƒã‚¹ã‚¿ãƒ¼ãƒãƒ£ãƒ³ãƒãƒ«,24
LazarBeam,24
"Safiya Nygaard",24
"Diana Belitskay",24
"Mob Entertainment",24
"Westen Champlin",24
"Niko Ch. è™é‡‘å¦ƒç¬‘è™ - FLOW GLOW",24
Blarod,24
Sofyan,24
"Judo Sloth Gaming",24
"The AFC Hub",24
"Serie A",24
"NPR Music",24
ç«å½±å¿è€…ä¸€å®¶,23
"NBA Rakuten",23
"Zenless Zone Zero",23
Groland,23
"MylÃ¨ne Farmer",23
"Windies Cricket",23
"Studio Bagel",23
ãƒ­ãƒ¼ãƒ‰ã‚·ãƒ«ã‚¯,23
"Andrey Grechka",23
Sevdaliza,23
ShuffleGamer,23
JOYCA,23
"Bruna Constantino",23
Kis-My-Ft2,23
"Ambition Strikes",23
Tyla,23
SocksStudios,23
Djilsi,23
Minecraft,23
30PRAUM,23
"CNN Brasil",23
ITZY,23
"Hoovies Garage",23
ãƒ–ãƒ©ãƒ¼ãƒœã‚Šã‚‡ã†ã®ãƒœãƒ³ã‚µãƒãƒ‰ã‚¥!ãƒãƒ£ãƒ³ãƒãƒ«,23
Nait,22
"LE FOOT EN VIDÃ‰O",22
"Filipe Ret",22
ä¸å‹•ç”£Gãƒ¡ãƒ³æ»å³¶,22
"Sarahs Day",22
GLITCH,22
"SBT Sports",22
è²´ã¡ã‚ƒã‚“ã­ã‚‹ãš,22
"beIN SPORTS Australia",22
"Jack Pembrook",22
"ãƒ—ãƒ­é‡çƒ ãƒ‰ãƒ©ãƒ•ãƒˆã¡ã‚ƒã‚“ã­ã‚‹",22
"Yeat Music",22
"Bruno Perini - VocÃª MAIS Rico",22
"Optus Sport",22
MTV,22
"Ğ’Ğ¾ĞµĞ½Ğ½Ñ‹Ğµ Ğ¡Ğ²Ğ¾Ğ´ĞºĞ¸",22
"Joll and Conk",22
Gurky,22
ã½ã¸ãƒãƒ£ãƒ³ãƒãƒ«,22
"Coisa Nossa",22
"Skill Up",22
"Corinthians TV",22
Max,22
"Growth TV",22
"VitÃ³ria MineBlox",22
ãƒ¬ã‚¤ãˆã‚‚ã‚“ï¼ ã‚†ã£ãã‚Šå®Ÿæ³,22
Gomu,22
"Brent Rivera",22
"Hora do Faro",22
"Cool Items Official",22
"LLOUD Official",22
"The Weeknd - Topic",22
"JoÃ© DwÃ¨t FilÃ©",22
"DEATH BATTLE!",22
Inoxtag,22
"Disney Plus",21
Geleia,21
"NBA on TNT",21
AMP,21
"My Chemical Romance",21
"Schlatt & Co.",21
MandJTV,21
ScrapLifeLee,21
"Henrique e Juliano",21
Ninho,21
"Chihaya Ch. è¼ªå ‚ åƒé€Ÿ - FLOW GLOW",21
SBT,21
FREESTYLEBENDER,21
"Prime Video",21
"å…ƒé‡è‰¯çŒ«ãƒãƒ£ãƒãƒ£ã¨R me",21
"Cortes do Flow [OFICIAL]",21
"Yes Theory",21
"ã‚ã¿ã¡ã‚ƒã‚“ã­ã‚‹ / èŠåœ°äºœç¾",21
Futcrunch,21
FilmsActu,21
ã®ã°ã¾ã‚“ã‚²ãƒ¼ãƒ ã‚¹,21
Appel,21
å¹³æˆãƒ•ãƒ©ãƒŸãƒ³ã‚´,21
"Greg Guillotin",21
"æœå€‰æœªæ¥ Mikuru Asakura",21
kesha,21
Wavy,21
JRAå…¬å¼ãƒãƒ£ãƒ³ãƒãƒ«,21
FEURIPE,20
ä½åŠ©ä¸é¸£äºº,20
"Paramount+ Brasil",20
OM,20
Jesser,20
"ESPN FC",20
Markiplier,20
"Ligue 1 McDonaldâ€™s",20
"For Crafts Sake Shorts",20
jacksepticeye,20
"KITAYSKAYA ZMEYKA",20
çªç„¶ã§ã™ãŒå ã£ã¦ã‚‚ã„ã„ã§ã™ã‹?ã€å…¬å¼ã€‘,20
èŒèŒä¸èˆæ¡,20
DORETDEPLATINE,20
ã‚ã–ã¾ã—ãƒ†ãƒ¬ãƒ“ãƒãƒ£ãƒ³ãƒãƒ«,20
Fischer's-ã‚²ãƒ¼ãƒ ã‚º-,20
Apuh,20
"Peco Channel",20
"Vivi Ch. ç¶ºã€…ç¾…ã€…ãƒ´ã‚£ãƒ´ã‚£ - FLOW GLOW",20
"sir yacht",20
"IMP. OFFICIAL",20
"British Vogue",20
StanceWorks,20
"Grind Hard Plumbing Co",20
"Trash Bandicoot",20
"Nico LÃ ",20
"BWF TV",20
"Boston Dynamics",20
Sylvqin,20
Kep1er,20
"Montreux Comedy",20
"LE GRAND JD",20
"Bruno Garcia YT",20
INI,20
ARASHI,20
theneedledrop,20
å…”å­è­¦å®˜,20
"CouRage Gaming",20
"Suisei Channel",20
ã™ã—ã‚‰ãƒ¼ã‚ã‚“ã€Šã«ãã€‹â†2nd,20
"MowMow Officiel",20
"erica ha",20
"Top Rank Boxing",20
RebeuDeter,20
"MUSIC STATION",20
"The Tonight Show Starring Jimmy Fallon",19
"Alec Steele",19
"Joe Albanese",19
"PFL MMA",19
"Casal WK",19
ãƒãƒ•ã‚£ã‚¢æ¢¶ç”°ã¨ä¸­æ‘æ‚ ä¸€ã®ã€Œã‚ã—ã‚ƒãŒãªTVã€,19
"Dancing With The Stars",19
"RIZIN FIGHTING FEDERATION",19
ãˆãªã´,19
"Renato Cariani",19
"ENHYPEN - Topic",19
"ã‚·ã‚§ãƒªãƒ³ãƒ»ãƒãƒ¼ã‚¬ãƒ³ãƒ‡ã‚£ -Shellin Burgundy- ã€ã«ã˜ã•ã‚“ã˜ã€‘",19
"Tev - Ici Japon",19
"Embrulha Pra Viagem",19
è¶…äººå¤«å¦‡,19
"Philippe Etchebest",19
"Netflix Brasil",19
"Monster Hunter",19
"DukeDennis LIVE",19
NAZA,19
"J. Cole",19
"Invento na Hora",19
"Succulent Gaming",19
"Morley Kert",19
"é›ªè‚Œç²¾ å…¬å¼ãƒãƒ£ãƒ³ãƒãƒ«",19
AnythingAlexia,19
"ĞĞ½Ğ°ÑÑ‚Ğ°ÑĞ¸Ñ Ğ¢Ğ°Ñ€Ğ°ÑĞ¾Ğ²Ğ°",19
"ESPN College Football",19
L'Ã‰QUIPE,19
PlayStation,19
"Sunaika Bruna",19
Gelado,19
"a bit more willne",19
"MK MUSIC",19
"Amado Batista",19
"Grupo Menos Ã© Mais",19
å¹³æˆã€è£ã€‘ãƒŸãƒ³ã‚´,19
MrRoflWaffles,19
"Zazou de Crecy",19
HopeScope,19
"PAIX PER MIL",19
"Marine LB",19
"The Game Theorists",19
Yellowstone,19
Rsko,19
UNILAD,19
"Caters Clips",19
"ABEMA Prime #ã‚¢ãƒ™ãƒ—ãƒ©ã€å…¬å¼ã€‘",19
"Rzm64 FR ",19
"Dani Nobrega",19
JADEVEVO,19
"xkcd's What If?",18
"(ãƒ‘ãƒ¼ã‚½ãƒ« ãƒ‘ãƒ»ãƒªãƒ¼ã‚°TVå…¬å¼)PacificLeagueTV",18
"TOKYO MX",18
ã‚‚ã¡ã¾ã‚‹æ—¥è¨˜,18
"Domi & Yani",18
MotoGP,18
"Mini Katana",18
"Pitch Addict",18
TMSã‚¢ãƒ‹ãƒ¡å…¬å¼ãƒãƒ£ãƒ³ãƒãƒ«ã€ã‚¢ãƒ‹ãƒ¡åˆ¶ä½œ60å‘¨å¹´ã€‘,18
ã¹ã‚ŠãŸã‚“ã§æ¤œç´¢ãŠé¡˜ã„ã—ã¾ã™,18
"Henry Tran",18
4GamerSP,18
ã‚ã•ã²ã€‚,18
"Genshin Impact",18
æ—¥æœ¬é‡çƒæ©Ÿæ§‹(NPB)å…¬å¼ãƒãƒ£ãƒ³ãƒãƒ«,18
"Live Speedy",18
"Leisi Crazy",18
/è°·ã‚„ã‚“è°·å´é·¹äºº,18
CTVBY,18
U-NEXTæ ¼é—˜æŠ€å…¬å¼,18
"Les VidÃ©os de Riles",18
ã‚«ãƒ©ãƒ•ãƒ«ãƒ”ãƒ¼ãƒ,18
Maghla,18
"INNA SERG",18
"Juliana Perdomo",18
"Snow Man",18
ISS,18
"shark movie",18
Gunna,18
"DAZN Women's Football",18
COLORS,18
"Lena retournement de Situations",18
"Comics Explained",18
Ludwig,18
"Magic The Noah",18
"Bailey Sarian",18
"Squad Busters",18
"Half-Asleep Chris",18
"NFL on ESPN",18
"Riot Games",18
"Throttle House",18
"De Placa",18
æå®¶everyday,17
Skyrroz,17
ã‚ã³ã‚“,17
MMAWeekly.com,17
"NBA on ESPN",17
EFL,17
"Dr Nozman",17
"Riot Games Music",17
PlayHard,17
ã‚­ãƒ¨ã€‚,17
"Jogo Aberto",17
Hungria,17
A-Reece,17
"Shera ",17
"SÃ³ Por Causa",17
im_siowei,17
ĞšĞ•Ğ Ğ¯,17
"Ã‰ o Vini",17
"Wicked Movie",17
"Gigaton Games",17
"ITZY - Topic",17
ãƒ©ãƒ©ãƒãƒ¥ãƒ¼ãƒ³ã€ãƒ©ãƒ©ãƒ³ãƒ‰å…¬å¼ã€‘,17
æ—¥æ¸…é£Ÿå“ã‚°ãƒ«ãƒ¼ãƒ—å…¬å¼ãƒãƒ£ãƒ³ãƒãƒ«,17
"Bondi Vet",17
ä¸ƒæ¬¡å…ƒç”Ÿå¾’ä¼š,17
DougDoug,17
"Pieds CarrÃ©s",17
æ¡œäº•æ”¿åšã®ã‚²ãƒ¼ãƒ ä½œã‚‹ã«ã¯,17
"Trek Trendy",17
"ISSEI / ã„ã£ã›ã„",17
"The Sims",17
RDCworld1,17
SAIFOND,17
"Hacksmith Industries",17
"Jorge & Mateus - Topic",17
"FKA twigs",17
"Overly Sarcastic Productions",17
ã¾ã˜ã‚ã«ãƒ¤ãƒã‚·ãƒ†ã‚£,17
Acelerados,17
"Ronny Dahl",17
FREITAS,17
Disney,17
JO1,17
"Dlala Thukzin",17
"The Try Guys",17
"Rick Beato",17
"Elsa Arca",17
"Republic Records",17
RCDriftTok,17
"BOLO HOUSE MUSIC",17
"Karan Aujla",17
"Kuzuha Channel",17
ChrisMD,16
Unspeakable,16
Hangtime,16
"Magnus MidtbÃ¸",16
ĞĞĞ’ĞĞ¡Ğ¢ĞĞ˜Ğ§ĞĞš,16
"Zac Builds",16
hankschannel,16
"YoungBoy Never Broke Again",16
"Leah Kateb",16
"Archie5 Reacts",16
"Triple Charm",16
"Trixie Mattel",16
"France 3 Hauts-de-France",16
Vivziepop,16
DaVinciMovie,16
"Philippe Cantenot",16
"Detroit Lions",16
"VSPORTS - Liga Portugal",16
"Chef Verrecchia",16
TheMacLife,16
"Lady Gaga",16
"Julia MineGirl",16
"DRAMATIC BASEBALL 2024",16
"Lyrical Lemonade",16
VideoFromSpace,16
"ä½ä¹…é–“å®£è¡Œã®NOBROCK TV",16
"Games EduUu",16
CapcomChannel,16
"izna (ì´ì¦ˆë‚˜)",16
"Kevin Tran L'Empereur",16
"Drew Gooden",16
Dinos,16
SPOTVNEWS,16
"Fox Cricket",16
Cartoloucos,16
Evbo,16
"Aline Dessine",16
"LeoNata Family",16
Stervio,16
Doritin,16
"NEN FAM",16
"Kai Cenat Live",16
Mrwhosetheboss,16
"Henrique Carvalho",16
"Coisa de Nerd",16
PineappleStormTV,16
"Sport Club Internacional",16
CaylusBlox,16
"TrÃ  Äáº·ng Official",16
"Babalwa M",16
"Paramount Brasil",16
"LoL Esports",16
"Max Fosh",16
"Fox News",16
"Malik Bentalha",16
"Fox Movie",16
"DUDU e CAROL",16
"Hit the Road",15
"Maryana Lokel",15
"Domingo Espetacular",15
Ricardinho,15
"FC Barcelona",15
"A Fazenda",15
BradyYourTutor,15
Nattan,15
"Hey It's Honeysuckle",15
"Jonny Devaney",15
"Mrs. GREEN APPLE",15
"ILYA BORZOV",15
"Luan Santana - Topic",15
"VirgÃ­nia Fonseca",15
Pixar,15
"Sam Sulek",15
Quiff,15
ä¸­å·å®¶ãƒãƒ£ãƒ³ãƒãƒ«,15
"Baylen Levine",15
"FamÃ­lia Maria Clara e JP",15
"ä¸­é‡å„ªä½œ / äººç”Ÿã«æ„›è»Šã‚’ã€‚",15
Fischer's-ãƒ•ã‚£ãƒƒã‚·ãƒ£ãƒ¼ã‚º-,15
Brubs,15
"The Ninja Fam!",15
"Byilhan Live",15
"Vlog Creations",15
"Whiteout Survival",15
"ã—ãªã“ Shinako / ASMR",15
"SEC Shorts",15
"Talkin' Yanks",15
"Ong Squad",15
"Viih Tube",15
"Justin Trudeau",15
TODAY,15
"Morgan Wallen",15
"Pierre Croce Volume 2",15
ã€å…¬å¼ã€‘ãã“ã¾ã§è¨€ã£ã¦å§”å“¡ä¼šNP,15
"Super Beauty team",15
CaseyNeistat,15
"Red Bull Bike",15
"Jojo Sim",14
oShven,14
NileBlue,14
æ§™é‡æ™ºç« ã®ä¿ºã˜ã‚ƒã‘ã‚“,14
"Joseph's Farm Design",14
"Spaceflight Now",14
"Les Do Makeup",14
"The Pat McAfee Show",14
"Bazar du Grenier",14
i_roblox_queen,14
Sheshounet,14
Mæ¡£æ¡ˆ,14
"Teamfight Tactics",14
"ĞšĞĞ Ğ•ĞĞ ĞœĞĞšĞĞ Ğ•ĞĞ",14
shane,14
"GD Colon",14
"TV VendÃ©e",14
LeChefOtaku,14
"VendÃ©e Globe",14
"CENTTWINZ TV",14
"Baseball Doesn't Exist",14
"æ˜Ÿå°ã‚·ãƒ§ã‚¦ / Hoshirube Shoã€ã«ã˜ã•ã‚“ã˜ã€‘",14
"Prime Video Brasil",14
ç¤¾ç¯‰,14
å°è±†å³¶ã®æ¼å¸«ã¯ã¾ã‚†ã†,14
Watcher,14
æœ¨æ‘æ‹“å“‰,14
"Yellow Dress Girl",14
"Dubrovsky Play",14
"Los Wagners",14
"Botafogo TV",14
Ğ‘Ğ£Ğ›Ğ”Ğ–ĞĞ¢ÑŒ,14
BVIRAL,14
"NFL on FOX",14
"Mythri Movie Makers",14
BwaJack,14
"Sushant KC",14
PowerfulJRE,14
"The W.A.D.E. Concept",14
"Marvel Rivals",14
ã‚ã‚ã‚“ã¼ã·ã‚‰ã™ã€æ—¥å¸¸ã‚³ãƒ¡ãƒ‡ã‚£ã€‘,14
"æ«»å‚46 OFFICIAL YouTube CHANNEL",14
"B N S",14
Flashgitz,14
25KTHEPLUGVEVO,14
ã‚‰ãƒªãƒªã€ã‚‹ã‚Œã‚,14
Alok,14
"Fuze III",14
NakeyJakey,14
FastGoodCuisine,14
"YBS Youngbloods",14
ThreeDaysGraceVEVO,14
"Fritz Ramos",14
"The Cosmonaut Variety Hour",14
"Good Mythical Morning",14
"Nintendo Mobile",14
"The Rest Is Football",14
ãƒˆãƒ¼ãƒã‚¹ã‚¬ã‚¸ã‚§ãƒã‚¬,14
"SnowyThrillers Movie",14
"Rehaan Records",14
"No Life Shaq",14
ã‚ã‚“ã‚¹ã‚¿ãƒãƒ£ãƒ³ãƒãƒ«,14
"Supergiant Games",14
"Outdoor Boys",14
å‹•ç”»ã€ã¯ã˜ã‚ã¦ã¿ã¾ã—ãŸã€ãƒ†ãƒ¬ãƒ“æœæ—¥å…¬å¼ã€‘,14
"Matsuri Channel å¤è‰²ã¾ã¤ã‚Š",14
MoreAliA,14
"Donald J Trump",14
"Jorge Rivera-Herrans",14
ã‹ã‚‰ã™ã¾Aãƒãƒ£ãƒ³ãƒãƒ«,14
"ABEMA æ ¼é—˜ã€å…¬å¼ã€‘",13
MandaloreGaming,13
BrainPilot,13
Tamburini's,13
"Lala Tv",13
BATEK_OFFICIAL,13
"Olympique Lyonnais",13
"Camila Loures",13
"Todah Music",13
"Engineering Explained",13
"Corridor Digital",13
England,13
DECO*27,13
"Fortnite FR",13
"Band Receitas",13
"Ethan Nestor",13
"ãƒ•ãƒ«ã‚¿ã®æ–¹ç¨‹å¼ã€å¤ç”°æ•¦ä¹Ÿ å…¬å¼ãƒãƒ£ãƒ³ãƒãƒ«ã€‘",13
Maxedy,13
"hololive DEV_IS FLOW GLOW",13
Laurette,13
MiniMoochi,13
"Ğ˜ÑÑ‚Ğ¾Ñ€Ğ¸Ñ Ğ¾Ğ´Ğ½Ğ¾Ğ³Ğ¾ Ğ²Ğ¾ĞºĞ°Ğ»Ğ¸ÑÑ‚Ğ°",13
"Ğ¡Ğ°ÑˆĞ° ĞšĞ²Ğ°ÑˆĞµĞ½Ğ°Ñ",13
"Jay Leno's Garage",13
ä¸­ç”ºç¶¾ãƒãƒ£ãƒ³ãƒãƒ«,13
ã‚€ã,13
"Ù…Ù‡Ø§Ø±Ø§Øª Ø­Ø±ÙÙŠØ©",13
"HAUS PLANSâ„¢ï¸",13
JonTronShow,13
"Lazy Lie Crazyã€ãƒ¬ã‚¤ã‚¯ãƒ¬ã€‘",13
"Most Valuable Promotions",13
ã ã‚“ã‚¹ã‚­,13
"Star Academy - Topic",13
"Gabi Magsan",13
"Bitelo natural ",13
"UFC Brasil",13
è¾»ã¡ã‚ƒã‚“ãƒãƒ«,13
uncarley,13
"20th Century Studios",13
"The Nursery Nurse",13
"Alex Eubank",13
"Star Wars",13
"Gazo - Topic",13
"Man Made",13
viniccius13,13
Lionfield,13
"Law&Crime Trials",13
"Jake Shane",13
"Ğ˜Ğ›Ğ¬Ğ”ĞĞ  ĞĞ’Ğ¢Ğ-ĞŸĞĞ”Ğ‘ĞĞ ",13
"Ğ–ĞµĞºĞ¸Ñ‡ Ğ”ÑƒĞ±Ñ€Ğ¾Ğ²ÑĞºĞ¸Ğ¹",13
MrMattyPlays,13
ãªãã,13
Cinemassacre,13
"Deep Pocket Monster",13
"æ¦Šãƒã‚¹ / Sakaki Nessã€ã«ã˜ã•ã‚“ã˜ã€‘",13
MBCkpop,13
"Tev & Louis",13
"Ice Cream Sandwich",13
ã‚µãƒ„ã‚­,13
"League of Legends Brasil",13
ã‚ã¾ã‚Šé©šã‹ãªã„ã‚¬ãƒƒãƒãƒãƒ³ã¯ãƒ›ãƒ©ãƒ¼ã‚²ãƒ¼ãƒ ã°ã‹ã‚Šã‚„ã£ã¦ã„ã‚‹,13
BigTime,13
Ghoulz,13
JOLLY,13
"America's Funniest Home Videos",13
æ–‡é‡ç’°ã€ã«ã˜ã•ã‚“ã˜ã®é‡è‰¯çŒ«ã€‘ãµã¿ã®ãŸã¾ã,13
GameKnackã€QuizKnockã‚²ãƒ¼ãƒ ãƒãƒ£ãƒ³ãƒãƒ«ã€‘,13
ã‚ªã‚¦ãƒã‚¬ãƒˆã‚­FILM,13
"LÃ©o Duff",13
GloRillaVEVO,13
"International Tennis Federation",13
"Holly Wolly Bow Arabic",13
MaxCraft,13
JREHighlights,13
CBLOL,13
"The Beatles",13
"Thoren Bradley",13
"Vice Grip Garage",13
"æ©˜ã²ãªã® / Hinano Tachibana",13
å²¡ç”°ã‚’è¿½ãˆ!!,13
"Mogul Mail",13
"Aã‡! group",13
Hagerty,13
ã•ã—ã¯ã‚‰ã¡ã‚ƒã‚“ã­ã‚‹,13
DRIVETRIBE,13
"Ice Cube / Cubevision",13
"TIE Ru",13
"CGP Grey",13
Vaundy,13
"Blue Man Group",13
"Misfit Minds",13
LazarLazar,13
"The Last Bacon",12
"Le Bazar de Laupok",12
BRISxLIFE,12
"The Fat Electrician",12
"Chefclub Shorts",12
"Ğ¡Ğ°Ğ¸Ğ´ Ğ”Ğ¸Ğ°Ñ",12
"Momoka Japan",12
"Euphoric Brothers",12
SunnyV2,12
"Marcos Vasconcellos",12
"Matt Stonie",12
GotagaTV,12
RealLifeLore,12
"Walt Disney Studios BR",12
"Domer Grief",12
"Spaceboy Shorts",12
"RMC Sport Combat",12
"Royal Court",12
"Love Music ",12
ã‚ªã‚¿ã‚¯ä¼šè¨ˆå£«chã€å±±ç”°çœŸå“‰ã€‘å°‘ã—ã ã‘ãŠé‡‘ã§å¾—ã™ã‚‹,12
angryginge13,12
å„ªé‡Œã¡ã‚ƒã‚“ã­ã‚‹ã€å…¬å¼ã€‘,12
HikakinGames,12
Laufey,12
"Ğ¢Ğ°Ğ¹Ğ½Ğ° ĞœĞœĞ",12
L'Arcã€œenã€œCiel,12
"Josh Johnson",12
"Cleetus2 McFarland",12
"King Legacy",12
"Gas Monkey Garage",12
ChappellRoanVEVO,12
2XKO,12
"K Tech",12
ã¾ã“ã¡,12
T-Series,12
"Jana Duggar",12
"PIVOT å…¬å¼ãƒãƒ£ãƒ³ãƒãƒ«",12
Ninjaxx,12
Burback,12
MrTalalaa,12
Samcrac,12
Sora,12
"Gone with the Wynns",12
"Chino Pacas",12
NinjaxxÂ²,12
"ã‚¢ãƒ‹ãƒ—ãƒ¬ãƒƒã‚¯ã‚¹ ãƒãƒ£ãƒ³ãƒãƒ«",12
"Joueur Du Grenier",12
colinfurze,12
"æ¾å‚å¤§è¼” official YouTube ",12
ClownPierce,12
Bionic,12
ã™ã—ã‚‰ãƒ¼ã‚ã‚“ã€Šã‚Šãã€‹,12
"Abroad in Japan",12
"Ryan Reynolds",12
"EMOTION Label Channel",12
"ãƒãƒ³ã‚«ãƒ©ã‚¸ã‚ª / Bankaradio",12
"COLAS BIM",12
"FOX 61",12
"é«˜æœ¨ è±Š Takagi Yutaka",12
LankyBox,12
"Steve Morris Engines",12
"Endless Love",12
YESNetwork,12
"Minec Music Short",12
"Tennis TV",12
"Sr Pelo",12
"MC Cebezinho - Topic",12
Deji,12
"Toronto Argonauts",12
Premfn,12
ã‚«ãƒ³ãƒ†ãƒ¬ç«¶é¦¬ã€å…¬å¼ã€‘,12
Fanatiz,12
Renju,12
"Blacktail Studio",12
Taspio,12
Haminations,12
LCI,12
"ã‚­ã‚¿ãƒ‹ã‚¿ãƒ„ãƒ¤ / Tatsuya Kitani",12
"Payton Delu",12
"Caike Pro",12
Wifies,12
NOBRU,12
"ZyonMana ã‚¸ãƒ§ãƒ³ãƒãƒŠ",12
"The Kelly Clarkson Show",12
"Felipe AraÃºjo",12
"FaZe Rug",12
"Cruzeiro Esporte Clube",12
"Filipe Ret - Topic",12
Balian,12
ãŠã‚ã¡ã‚“ã‚†ãƒ¼ã®ç´ æšã’,12
"Star Trek",12
"Emma Graziano",12
Anitta,12
BRKsEDU,12
Settled,12
shakiraVEVO,12
ã‚³ãƒ ãƒ‰ãƒƒãƒˆ,12
Factorio,12
"it's Live",12
é‡é£Ÿãƒãƒ³ã‚¿ãƒ¼èŒ¸æœ¬æœ—ï¼ˆãŸã‘ã‚‚ã¨ã‚ãã‚‰ï¼‰ch,12
"Carbon Meister Plays",12
ã—ã‚…ãŒãƒ¼ã¯ã†ã™,12
"Alan Becker",12
Souen,12
KEIJU,12
"Scott The Woz",12
Jaguar,12
"The Pain Game",12
SummerWalkerVEVO,12
Simplistic,12
"Johnnie Guilbert",12
EminemVEVO,12
"Eric Land",12
"That Track Channel",12
"Fortnite Brasil",12
"Jorge & Mateus Oficial",12
"Watson  (Official Video)",12
"Sick Science!",12
"Secret Vlog",12
"Science Time",12
"ã‚«ãƒªã‚¹ãƒ Official Channel",12
"SBS Sport ",12
"MC Tuto",12
Gigguk,12
"KENZO ã€æ–°å®¿109ã€‘",12
"Eamon & Bec",12
wolfalberto,12
Broke,12
Kombo,11
"KahoSei Channel from Canada",11
"TG Plays",11
"Daria Graph",11
ãƒ•ãƒ¬ãƒ³ãƒ»Eãƒ»ãƒ«ã‚¹ã‚¿ãƒªã‚ª,11
"CHÃCARA COMÃ‰DIA SELVAGEM",11
ã‚¬ãƒ³ãƒ€ãƒ ãƒãƒ£ãƒ³ãƒãƒ«,11
"Fishing With Oh Dad!",11
toomuchlucile,11
"Ğ”ĞµĞ½Ğ¸Ñ ĞšÑƒĞºĞ¾ÑĞºĞ°",11
"Top Gear",11
"Pierre Croce",11
"YX factory",11
"Diva DepressÃ£o ",11
"Studio Danielle",11
"BBC News Brasil",11
VOLTACTION,11
"Kountry Wayne",11
"æ£®ã‚±ã®æ—¥å¸¸ -Gag Life Family -",11
"Simon Puech",11
Thinkerview,11
"The Kingâ€™s Guards Channel (fan account)",11
SekineRisa,11
"Chi Lochii",11
LucasParleF1,11
Keblack,11
"Kurtis Conner",11
"å®‰ä¿ç‘ è¼ä¹Ÿ Rukiya Anpo",11
ã‚¹ã‚¯ã‚¦ã‚§ã‚¢ãƒ»ã‚¨ãƒ‹ãƒƒã‚¯ã‚¹,11
"Ğ¡Ğ¸Ğ¼Ğ±Ğ¾Ñ‡ĞºĞ° ĞŸĞ¸Ğ¼Ğ¿Ğ¾Ñ‡ĞºĞ°",11
"Family Games Media",11
"Rebecca Zamolo",11
"ã‚ã‹ã§ã¿ã£ããªã‚«ãƒ¬ãƒƒã‚¸ã€€æ—§ -Academic Motor College-",11
JioStudios,11
GMK,11
"Sir Gibsy",11
"Travis Japan",11
Savun,11
"Sundae Conversation",11
"Rauw Alejandro",11
"Futebol pelo Mundo",11
"DJ FOY",11
PaulistÃ£o,11
"The Times and The Sunday Times",11
"Gibi ASMR",11
"What a Fail !",11
"TOKYO MX NEWS",11
MATH,11
"Zack D. Films",11
"The Deal Guy",11
Delacruz,11
"Tito Double P",11
Jungeli,11
"Sana & Nael",11
"Mundo Torajo",11
ã›ã˜ã‚…ã§ã™ã€‚,11
Nerdforge,11
"Undecided with Matt Ferrell",11
Nightcap,11
æ±å®MOVIEãƒãƒ£ãƒ³ãƒãƒ«,11
"Mcfly et Carlito la chaÃ®ne secondaire",11
"CHAGUINHA PESCADOR",11
TheAMaazing,11
"ã¨ãã©ãƒãƒ£ãƒ³ãƒãƒ« / Tokido",11
"Matt Larose",11
"Isaac Punts",11
Rikinho,11
"ç¥å´æµ / Megumi Kanzaki",11
"Isabela Boscov",11
Carbonne,11
"EpicSkillshot - LoL VOD Library",11
"ISK Officiel",11
Timoute,11
AminematueLive,11
"ESPN MLB",11
"æ/anne TOKYO",11
thelonelyisland,11
"Gomer Simpson ",11
GOAT,11
mrnigelng,11
"ä¸‰å´å„ªå¤ª MISAKI",11
Marblr,11
"France 3 Bretagne",11
VodK,11
Ğš-Media,11
ã—ã®ã‘ã‚“å¤§é£Ÿã„,11
"Statman Dave",11
"Renato Garcia YT",11
"Robin Hood Gamer",11
"Sur Ronster",11
"ESN Media - The Bridge",11
åˆæ˜Ÿå­¦åœ’,11
"Jaqueline Sobrinho",11
"La Fouine",11
jeffreestar,11
ã»ã—ã®ã“CH,11
"Dil Raju",11
"Saturday Night Live",11
"L' AntreDuMaÃ®tre",11
"Stardy -æ²³é‡ç„æ–—ã®ç¥æˆæ¥­",11
Flighthouse,11
"Universal Pictures Brasil",11
"MC GP",11
"Seanie Dew",11
"Jack Harlow",11
Tays,11
"TÃ¡ Gravando",11
"Just Helena",11
"Kazaki Ch. â€ æ£®ä¸­èŠ±å’² â€",11
"Mythical Kitchen",11
"ã‚¨ãƒã‚¹ã¡ã‚ƒã‚“ã­ã‚‹ / EMAS CHANNEL",11
ã‚ˆã£ã—ã„Games,11
B20baOfficiel,11
"Soolking Officiel",11
ãŸãã¡ã‚ƒã‚“ãƒãƒ«/æ‰æµ¦å¤ªé™½,11
CalebCity,11
Goobus,11
"Sithara Entertainments",11
"Tom Aspinall Official",11
"Robson Abreu",11
"Aashirvad Cinemas",11
"James Marriott",11
MichouOff,11
"äº¬æœ¬å¤§æˆ‘ from ART-PUT",11
"RepÃºblica Coisa de Nerd",11
ARTE,11
"Dua Lipa",11
ShortCircuit,11
"MC Luuky",11
"HMZ Officiel",11
"Claudio CapÃ©o",11
Micode,11
è§£ä½“æ…æ›¸ã€å®®æœ¬æ…ä¹Ÿå…¬å¼YouTubeãƒãƒ£ãƒ³ãƒãƒ«ã€‘,11
"Kevin's English Room / æ›å±±ã‚±ãƒ“å¿—éƒ",11
Borges,11
itsDigBar,11
"LOL Podcast ",11
GinoMachino,11
beerpup,11
Davi,11
é«™æ©‹å°šæˆã®HISAã¡ã‚ƒã‚“,11
"Lukas Agustinho",11
SunlessKhan,11
"Marvel FR",10
ãƒãƒªãƒãƒªãƒãƒªãƒ¼,10
"Void Cauan",10
"U.S. Soccer",10
ã‚¨ãƒŸãƒªãƒ³ãƒãƒ£ãƒ³ãƒãƒ«,10
ScienceEtonnante,10
"Dustin Hadley",10
"Felipe Amorim",10
AÃ§Ãºcar,10
"YOAKE FILM",10
ã²ãªãŸ,10
"Poisson FÃ©cond",10
"The Sciencoder",10
Paulygones,10
KiKiDo,10
"Desert Drifter",10
"Ğ’ĞĞ¡Ğ¯ ĞĞ Ğ¡Ğ•ĞĞ•",10
"Willibed Reacts",10
Heykel,10
"ĞœĞĞ¨ ĞœĞ˜Ğ›ĞĞ¨",10
ãƒ©ãƒ ãƒ€æŠ€è¡“éƒ¨,10
NASASpaceflight,10
"Comedy Club",10
ã‚¼ãƒ³ãƒ¬ã‚¹ã‚¾ãƒ¼ãƒ³ã‚¼ãƒ­-ZZZ-å…¬å¼,10
"Evan and Katelyn",10
ãˆã¬ãã‚“ã¡ã‚ƒã‚“ã­ã‚‹,10
"æ¼†ã¡ã‚ƒã‚“family ",10
Ado,10
"The Onion",10
"Farmhouse on Boone",10
è¶…ã¨ãã‚ãâ™¡å®£ä¼éƒ¨ã‚µãƒ–ãƒãƒ£ãƒ³ãƒãƒ«,10
"Anwar Jibawi",10
"Patrick Bruel",10
IS:SUE,10
"Mhd Officiel",10
"Jacob Geller",10
Ã˜MI,10
"CMA Country Music Association",10
"FANTASTICS from EXILE TRIBE",10
"Manga Trash",10
"Marcelo Bechler",10
éˆ´æœ¨ã‘ã‚“ãã†,10
"Braydon Price",10
ã®ã‚“ã³ã‚Šãƒãƒ£ãƒ³ãƒãƒ«ãŒãƒ¼ã©ã¾ã‚“,10
Pidi,10
"ONE OK ROCK",10
ã€ã‚²ãƒ¼ãƒ é€Ÿå ±ã€Œæ”»ç•¥ãƒ»ã‚†ã£ãã‚Šå®Ÿæ³ãƒ»ã‚†ã£ãã‚Šè§£èª¬ãƒ»Switchãƒ»PS5ãƒ»XBOXãƒ»steamãƒ»å®Ÿæ³ã€‘,10
"ã©ãã‚‰ ç”Ÿé§’ãƒ‡ãƒ“ãƒ«",10
"Mike Patey",10
"Grupo Kamisa 10",10
"ä¹ƒæœ¨å‚46 OFFICIAL YouTube CHANNEL",10
ã‹ã¾ã„ãŸã¡ãƒãƒ£ãƒ³ãƒãƒ«,10
ç ´å¤©è’å¤«å©¦ï½å«ãŒç ´å¤©è’éãã¦æ„›ã—ã„ï½,10
"Goji Center",10
ã‚¹ã‚«ã‚¤ãƒ”ãƒ¼ã‚¹,10
"The Chosen",10
è„±ãƒ»ç¨ç†å£«ã‚¹ã‚¬ãƒ¯ãƒ©ãã‚“,10
ç›¸é¦¬ãƒˆãƒ©ãƒ³ã‚¸ã‚¹ã‚¿,10
"Popcorned Planet",10
"SEGREDOS DA MA",10
TBSé™¸ä¸Šã¡ã‚ƒã‚“ã­ã‚‹ã€å…¬å¼ã€‘,10
"ã‚µãƒ ãƒ©ã‚¤ãƒ•ãƒ©ãƒƒã‚°ã€SAMURAI CHANNELã€‘",10
"Serge Beynaud",10
"TWICE JAPAN OFFICIAL YouTube Channel",10
COLAS,10
"CONMEBOL Sudamericana",10
"Infinite Bits",10
Mav,10
"Josiah Schneider",10
firsttouchgames,10
"Inside Fighting",10
Mayadorable,10
"Stupeflip Officiel",10
Edward,10
"Vice Grip Lodge",10
"é•·å°¾ æ™¯ / Nagao Keiã€ã«ã˜ã•ã‚“ã˜ã€‘",10
L2B,10
"Stranger Things",10
"18å· -Juhachigo-",10
"Ğ¡Ğ°ÑˆĞ° Ğ¢ÑƒĞ¼Ğ°Ğ½",10
"Standoff 2 Live",10
"Manim ",10
Louis-San,10
ã‚·ãƒ¢ã‚«ãƒ¯ãƒãƒ£ãƒ³ãƒãƒ«,10
Kadukos,10
"ä¼Šæ³¢ãƒ©ã‚¤ / Inami Raiã€ã«ã˜ã•ã‚“ã˜ã€‘",10
ACG,10
"28 minutes - ARTE",10
"HENRY LIVE",10
"BalanÃ§o Geral",10
"ç¦å²¡TNC ãƒ‹ãƒ¥ãƒ¼ã‚¹",10
"Carla Rockmore",10
MGKVEVO,10
shawcat,10
"Good Enough",10
ãƒ‘ãƒ©ãƒã‚¦ãƒ³ãƒˆãƒ»ãƒ”ã‚¯ãƒãƒ£ãƒ¼ã‚ºï¼ˆæ—¥æœ¬ç‰ˆï¼‰,10
"So Kahina",10
Hiloshow,10
Fofocalizando,10
"Jomboy Media",10
"The Sketch Real",10
ã‚µã‚¶ãƒ³ã‚ªãƒ¼ãƒ«ã‚¹ã‚¿ãƒ¼ã‚º,10
"un mec, une meuf",10
ã¨ã‚‚ã‚„ã‚“ã€ãƒ¬ã‚¤ã‚¯ãƒ¬ã€‘,10
"MC Cebezinho",10
Hatiice944,10
"Aile The Shota",10
"Pesadelo na Cozinha",10
Kameto,10
"Mr DegrEE",10
ç”ºç”°ã¡ã¾ã€ã«ã˜ã•ã‚“ã˜ã€‘,10
ã‹ã™,10
Socksfor1,10
Swar,10
ONEFOUR,10
"MasterChef World Shorts",10
ChocolatAndVanillah,10
"CadÃª a chave?",10
CboysTV,10
"Any Austin",10
"å¢é›²ã‚«ã‚²ãƒ„ / Murakumo Kagetsuã€ã«ã˜ã•ã‚“ã˜ã€‘",10
CNBC,10
Dream,10
ã¾ãã¾ããƒ‘ã‚¹ã‚¿æ¢æ¤œéšŠ,10
"WIXO & LA2S",10
"Passion RÃ©novation",10
"Jake Webber",10
"Jovem Dex",10
"The Fellas",10
Scubeskitchen,10
"NRLW - National Rugby League Women's",10
"La Fouine - Topic",10
ã€æ¨ã—ã®å­ã€‘ãƒ‰ãƒ©ãƒ&æ˜ ç”»å…¬å¼,10
"ãã°ã‚‹ã‚“ í‚¤ë°”ë£¬",10
"ãµãŸã‚Šã±ã± FutariPapa",10
"Mayumi Vlog",10
"Zen Emission",10
"FINAL FANTASY XIV",10
Bz,10
"Safe Zone",10
L'ALLEMAND,10
"Maes - Topic",10
"Melhor Futebol do Mundo - TNT Sports Brasil",10
"Gavin Magnus",10
"La La Learn",10
"Gamer Robot",10
Seijinho,10
tuki.(15),10
"ãšã£ã¨çœŸå¤œä¸­ã§ã„ã„ã®ã«ã€‚ ZUTOMAYO",10
"Recording Academy / GRAMMYs",10
"BLESSD EL BENDITO ğŸ’™",10
"gabi belle",10
ç¥–æ¯ã¨å­«ã¡ã‚ƒã‚“ã­ã‚‹,10
LGR,10
"ä¸‰ä»£ç›® J SOUL BROTHERS from EXILE TRIBE",10
"NOBRU VLOGS",10
"Lara Fabian",10
"KING VADER",10
"ã€ç´ æ½œã‚Šæ¼å¸«ã€‘ãƒã‚µãƒ« Masaru.",10
RIIZE,10
ä¸€èˆª1,10
"Canal do VSR",10
"ã‚¹ãƒãƒ¼ãƒ„ãƒŠãƒ“ é‡çƒãƒãƒ£ãƒ³ãƒãƒ«",10
"Old School RuneScape",10
"Tibi Jones",10
SypherPK,10
"Prem Dhillon",10
"LA HASBA22",10
"Vous Avez Le Droit",10
"New Rockstars",10
Fãƒ©ãƒ³å¤§å­¦å°±è·ãƒãƒ£ãƒ³ãƒãƒ«,10
ã•ã¾ãã€œãšãƒãƒ£ãƒ³ãƒãƒ«,10
"Marques Brownlee",10
"Lil Durk",10
DamianoDavidVEVO,10
ãˆã¿å§‰,10
"Maxime Biaggi",10
Duvetbox,10
"æ±äº¬03 Official YouTube Channel",10
"Storm Labels Official",9
"UOL Esporte",9
"Mayke e Rodrigo",9
benzaieTV,9
ROMY,9
"Eliot Lehanneur",9
"æ±å ‚ã‚³ãƒã‚¯/ Todo Kohaku [ã«ã˜ã•ã‚“ã˜]",9
"Toinelag Gaming",9
GambinoLaMGVEVO,9
"Alexey Arestovych",9
windy31,9
"CANAL DO LAIFINHO",9
"Le Routin",9
"Sissy MUA",9
"Seu Desejo",9
"Football Analysis",9
FLAZOEIRO,9
BigSchool,9
"Ğ¢ĞµĞ»ĞµĞºĞ°Ğ½Ğ°Ğ» Ğ”Ğ¾Ğ¶Ğ´ÑŒ",9
"å­¤ç‹¬ã®ã‚°ãƒ«ãƒ¡ å…¬å¼ãƒãƒ£ãƒ³ãƒãƒ«ã€ãƒ†ãƒ¬æ±ã€‘",9
"Minha Rocinha Querida",9
"janelle dltr",9
"Ğ ÑƒÑĞ»Ğ°Ğ½ Ğ“Ğ»Ğ°Ğ´ĞµĞ½ĞºĞ¾",9
"Nino Paid",9
"CG Speak",9
TanqR,9
MalumaVEVO,9
SlivkiShow,9
"hololive ãƒ›ãƒ­ãƒ©ã‚¤ãƒ– - VTuber Group",9
"MILLENNIUM PARADE Official YouTube Channel",9
"Star Academy Officiel",9
"å €æ±Ÿè²´æ–‡ ãƒ›ãƒªã‚¨ãƒ¢ãƒ³",9
"Quando Rondo",9
"Major Mouvement",9
å®®è¿«ã§ã™ãƒƒ!ã€å®®è¿«åšä¹‹ã€‘,9
meGAME,9
"JasonTheWeen IRL",9
"Ğ“Ğ°Ñ€Ğ°Ğ¶ 54",9
"TV Globo",9
"LÃ©o Foguete ğŸš€",9
Graphyx,9
ãƒ†ãƒ¬æ±BIZ,9
Fudgy,9
ReversÃ£o,9
"Destiny 2",9
Kodes,9
"Angry Ginge Clips X Every Day",9
"Arthur Quezada",9
"ESPOIR TRIBE-ã‚¨ã‚¹ãƒãƒ¯ãƒ¼ãƒ«â€¢ãƒˆãƒ©ã‚¤ãƒ–-",9
"Pringus McDingus",9
Dropout,9
"Bulkin Drive",9
KITAYKA,9
"Breaking Benjamin",9
Ğ”Ğ–ĞĞ ĞĞ¥ĞĞ’,9
"DAIFUKU KITCHEN",9
"MC JacarÃ©",9
Kryptoo,9
MAFUBA,9
"TRT Ğ½Ğ° Ñ€ÑƒÑÑĞºĞ¾Ğ¼",9
"KCON official",9
"ĞšÑƒÑˆĞ°Ñ‚ÑŒ Ğ¥Ğ¾Ñ‡Ñƒ",9
Milo,9
"Black M",9
"Sam Reid",9
"Priscila Senna",9
"ĞœĞ¯Ğ¢ĞĞĞ¯ Ğ¤ĞĞĞ¢Ğ",9
"DVM RECORDS",9
Devibration,9
"Kenshi Yonezu  ç±³æ´¥ç„å¸«",9
Batatinha,9
ãã¾ãã‚Œã‚¯ãƒƒã‚¯ã®ã‚µãƒœã‚Šå ´,9
TheSpaceBucket,9
"Okko Ğ¡Ğ¿Ğ¾Ñ€Ñ‚ ",9
Evanimas,9
AFTV,9
"Garena Free Fire Brasil",9
å¥½äººå°ä¸‘,9
Ademgdy,9
"Valouzz 2.0",9
"IRIBABY WORLD",9
"Iguinho e Lulinha",9
"IrmÃ£s Pina",9
"Fresh LaDouille",9
"Grand Corps Malade Officiel",9
"TyC Sports",9
"Need for Speed",9
"Trevor Bauer",9
ç”£çµŒãƒ‹ãƒ¥ãƒ¼ã‚¹,9
"Nick Eh 30",9
aCookieGod,9
"Romain - Les InachevÃ©s",9
ã‚¢ã‚«games,9
SidemenReacts,9
Concacaf,9
"AFP News Agency",9
"Cyrus North",9
LTãƒ–ãƒ­ã‚°,9
Ghost,9
"Dr. Yaro - Topic",9
"This Morning",9
"é˜ªç¥ã‚¿ã‚¤ã‚¬ãƒ¼ã‚¹ å…¬å¼",9
"Canal Zico 10",9
"SAWAYAN GAMES / ã‚µãƒ¯ãƒ¤ãƒ³ ã‚²ãƒ¼ãƒ ã‚º",9
ã‚ã„ã¿ã‚‡ã‚“,9
Flamingo,9
HTBåŒ—æµ·é“ã‚¹ãƒãƒ¼ãƒ„,9
"Lena Situations",9
"Jamy - Epicurieux",9
ãƒ•ãƒ–ã‚­Chã€‚ç™½ä¸Šãƒ•ãƒ–ã‚­,9
"Le Nouvel Obs",9
ãƒ¬ãƒˆãƒ«ãƒˆ,9
"MBS NEWS",9
"Ã‡a commence aujourd'hui - France TÃ©lÃ©visions",9
ã¨ãƒ¢ãƒ¤ã‚·,9
"Elchiki - Clash Of Clans",9
"boardnews / Japanese Motorcade and vehicles ships",9
DazzReviews,9
"Junior Cigano Dos Santos",9
"DA Uzi",9
Neoxouille,9
McCreamy,9
"ãƒ¤ãƒ³ãƒ»ãƒŠãƒª / Yang Nari ã€ã«ã˜ã•ã‚“ã˜ã€‘",9
Liv,9
NIRU,9
"Lorrayne Oliveira",9
"Eric Kanevsky Official",9
"MUSSA GAME",9
"morgans vlogs",9
"Sora Off",9
GIMS,9
HeyDavi,9
ABEMAãƒ‹ãƒ¥ãƒ¼ã‚¹ã€å…¬å¼ã€‘,9
"Brenner Mariano",9
HelloGamesTube,9
Cash,9
"Matt Kempke",9
"Voitures & IngÃ©nierie",9
"Cavaleiros do ForrÃ³",9
"Laerte Viana na Ã¡rea - MMA",9
"gaelle garcia diaz",9
"Manu BahtidÃ£o",9
"ã€å…¬å¼ã€‘Fate/Grand Order ãƒãƒ£ãƒ³ãƒãƒ«",9
"Reza & Puja Khan",9
"MandJTV Plays",9
"Jason Projeto Giga",9
"Direction gÃ©nÃ©rale des Finances publiques",9
InCinematic,9
"So La Zone",9
Daishikawa,9
"This Old Tony",9
"FX Networks",9
"Los Angeles Dodgers",9
"Eliane Fernandes",9
Jojol,9
"MandJTV Extra",9
"France Rugby",9
"Hiromi factory ãƒãƒ£ãƒ³ãƒãƒ«",9
"CHRIS ğŸ§¢",9
"10 News First",9
EmeliaHartford,9
BeardMeatsFood,9
Shane2,9
"Crash Lab'",9
"Primo Pobre",9
DJSnakeVEVO,9
Mushway,9
FNNãƒ—ãƒ©ã‚¤ãƒ ã‚ªãƒ³ãƒ©ã‚¤ãƒ³,9
"Station Service",9
"k a m a i t a c h i",9
"CrazyBomb World",9
Hoshi,9
"æ¥½å¾… RAKUMACHI",9
"Ma Boi - Superconeri",8
"FÃ©dÃ©ration FranÃ§aise de Football",8
"The Film Theorists",8
Chreak,8
"France 3 Bourgogne-Franche-ComtÃ©",8
"FamÃ­lia Oliveira",8
"The Food Theorists",8
Tomorrowland,8
"Iron Master",8
ãœã‚“ã„ã¡,8
"Fortnite Events",8
å‡¡éª¨çªæ’ƒéƒ¨éšŠ,8
"Ğ›Ğ°Ğ¹ĞºĞ¸ Like",8
"Ğ˜Ğ²Ğ°Ğ½ ĞĞ±Ñ€Ğ°Ğ¼Ğ¾Ğ²",8
"Des Racines et des Ailes",8
"ĞŸÑĞ¸Ñ…Ğ¾Ğ»Ğ¾Ğ³ Ğ’ĞµÑ€Ğ¾Ğ½Ğ¸ĞºĞ° Ğ¡Ñ‚ĞµĞ¿Ğ°Ğ½Ğ¾Ğ²Ğ°",8
Ğ¯Ğ½Ñ‡Ğ¸Ğº,8
"MC Poze do Rodo",8
"Ğ’Ğ¸Ñ‚Ğ°Ğ»Ğ¸Ğ¹ ĞpĞµÑ…Ğ¾Ğ²",8
"Gordon Ramsay",8
HikakinTV,8
Nisqy,8
"T-Series Telugu",8
"Elena Bogdanovich",8
OBOY,8
"mitsuba vlogå¤«å©¦ã¨çŠ¬ã®æš®ã‚‰ã—",8
"ĞœĞ˜ĞĞ£Ğ¡ Ğ‘ĞĞ›Ğ›",8
"Mike's Mic",8
"KENT for ä»»å¤©å ‚ã‚²ãƒ¼ãƒ ãƒ¬ãƒ“ãƒ¥ãƒ¼",8
Blogueirinha,8
"MÃºsica Multishow",8
"Canal Rivalidade FC",8
LOUD,8
"Pabllo Vittar",8
PeckBrothers,8
CANDICE,8
oblomoff,8
A4,8
"FUERZA REGIDA",8
"Ğ¡Ğ°Ğ¼Ğ° ĞœĞµĞ½ÑŒÑˆĞ¾Ğ²Ğ°",8
JuiceWRLDVEVO,8
"Hytalo Santos",8
"ZÃ‰ DA ROÃ‡A E SUA TURMA",8
ä¸ŠåŸæµ©æ²»ã®é›‘è«‡é­‚,8
"FREEĞ”OM. LIVE",8
"Le Figaro",8
"ARTEM WOLF",8
"Sabadou com Virginia",8
"Glenda Loures",8
"äº•ä¸Š å’²æ¥½ Sakura Inoue",8
"Diggy Graves",8
"FARM RIDER",8
Michou,8
Miracle,8
Antoine,8
"TF1 INFO",8
"Tristan Hedouin",8
Romancev768,8
"ĞšÑƒÑ…Ğ½Ñ Ğ½Ğ°Ğ¸Ğ·Ğ½Ğ°Ğ½ĞºÑƒ",8
"Combat Crew",8
"Larissa Miranda ",8
"Eu Hipe",8
"Sam and Colby Reacts",8
"Alan Roblox",8
"Hardcore Fighting Championship",8
"Ğ‘ÑÑ‚ÑĞ¸ Girl",8
è¶…ç‰¹æ€¥,8
ColdFusion,8
"TBS NEWS DIG Powered by JNN",8
"Wiris Viana",8
Lackadaisy,8
ChaoukiGaming,8
"Carol Borba",8
"Alphaville (official)",8
"Fraternidade SÃ£o JoÃ£o Paulo II",8
ãƒ‰ãƒ©ã‚´ãƒ³ã‚¯ã‚¨ã‚¹ãƒˆã‚¦ã‚©ãƒ¼ã‚¯å…¬å¼,8
"Lacrim - Topic",8
"Nota Bene",8
"Ğ”Ğ²Ğ¾Ğµ Ğ¸Ğ³Ñ€Ğ°ÑÑ‚ | ĞĞ°Ñ‚Ğ°ÑˆĞ° Ğ¸ Ğ’Ğ¾Ğ²Ğ°",8
"Home Of Games",8
AugustTheDuck,8
"FOX 13 Seattle",8
"IRENE NÃ“BREGA",8
MrDalekJD,8
"Stay Wild",8
BrandonLakeVEVO,8
Tiitof,8
imaginago,8
"Radio Nova",8
courtreezy,8
toni,8
"Guilherme e Benuto",8
STAYC,8
Danyl,8
FundyLIVE,8
"Ordem Paranormal",8
"Big Wedge Golf",8
"Savage Vlogs",8
"Hikari Kizuna TV",8
"Jimmy Kimmel Live",8
Boosfer,8
"PSG - Paris Saint-Germain",8
Mylon,8
"Wanessa Wolf",8
"Movies Universe",8
jschlattLIVE,8
LUDMILLA,8
Flapix,8
"ãƒ¨ãƒ«ã‚·ã‚« / n-buna Official",8
"Matheus Fernandes - Topic",8
MarcA2C,8
GQ,8
"Moriah Elizabeth",8
"CNN Esportes",8
"Micah Morris",8
"Eduardo Costa",8
"Minnesota Vikings",8
porkinbr,8
ã±ã‹ãƒãƒ¥ãƒ¼ãƒ–ã£!,8
"Victoria's Secret",8
"TROPA DO BRUXO",8
"Le caveau familial",8
Adrenaline,8
GMHikaru,8
"Gaebe BS",8
ã¾ã„ãœã‚“ã‚·ã‚¹ã‚¿ãƒ¼ã‚º,8
ã•ãŠã‚Šãƒ³ã¡,8
BalcevMMA_BOXING,8
"Jiji Wonder",8
"CLAUDEMIR GIGLIOTTI",8
"Sylvain Lyve",8
Farod,8
Louaista,8
ALEKS,8
Lacrim,8
"Marcelo e Duda",8
Ubisoft,8
"æˆŒäº¥ã¨ã“ -Inui Toko-",8
ConnorDawg,8
"Nathalie Victoria",8
"AndrÃ© Piunti",8
"Hades 66",8
Cut,8
Podpah,8
"The Backlogs",8
+Igu,8
"Investidor 4.20",8
LevelCapGaming,8
"Gabriel e Shirley - Games",8
"W Magazine",8
franceinfo,8
"beIN SPORTS TÃ¼rkiye",8
"Gi Cardoni",8
"Sobre Funk",8
"Naokiman 2nd Channel",8
"Mc Paiva ZS",8
ĞšĞ¸Ñ€ÑĞ½Ñ‡Ğ¸Ğº,8
L'argus,8
"Ecran Large",8
"Dr. Plants",8
Sunchannel,8
"Todd in the Shadows",8
"This is Ğ¥Ğ¾Ñ€Ğ¾ÑˆĞ¾",8
"FamÃ­lia Rocinha Querida ",8
"Ğ”Ğ¸Ğ¼Ğ° Ğ“Ğ¾Ñ€Ğ´ĞµĞ¹",8
"NIKO & STEPH",8
"Adria and Oatmeal",8
ãƒ†ãƒ¬ãƒ“æœæ—¥ã‚¹ãƒãƒ¼ãƒ„ã€å…¬å¼ã€‘,8
dacooker_,8
"Mundo Sem Fim",8
"timelesz [ã‚¿ã‚¤ãƒ ãƒ¬ã‚¹]",8
illymation,8
Ğ§ĞµÑ€Ğ´Ğ°Ğº,8
TCNick3,8
Chrono,8
juliendoreVEVO,8
"Sky News",8
DiaTV,8
"Korporate Bidness",8
"Debordo Leekunfa",8
"Chuckle Sandwich",8
"Tulinho Oficial",8
"Lucas Rangel",8
"Ğ¡Ğ›ĞĞ’Ğ ĞŸĞĞ¦ĞĞĞ",8
"IrmÃ£os Dias Podcast",8
"Casa Vogue Brasil",8
"clubinho  Nete Silva",8
"Ğ’Ğ˜ĞĞ›Ğ ğŸ°",8
Dave2D,8
"Marcos e Belutti",8
JeanBaptisteShow,8
KaDazee,8
"Warner Bros. France",8
"Bass fishing Productions",8
LubaTV,8
" 30 Millions d'Amis",8
ã¨ã‚Šã£ã´ãƒ,8
æ–™ç†ç ”ç©¶å®¶ãƒªãƒ¥ã‚¦ã‚¸ã®ãƒã‚ºãƒ¬ã‚·ãƒ”,8
å®¶åº­æç¬‘æ—¥è®°,8
"David Freiburger",8
æ•´ä¸ªè·¯äºº,8
"ã‚¹ãƒ¼ãƒ„ äº¤é€š / Suit Train",8
"Schaffrillas Productions",8
"Aline vida de MÃ£e ",8
Calvin,8
"Mundo Geek",8
Zakirovlar_Oilasi,8
"NHK MUSIC",8
"100å„„å¹´LOVEã€Aãƒãƒƒã‚½ åŠ ç´Ã—ãƒ©ãƒ©ãƒ³ãƒ‰ ã‚µãƒ¼ãƒ¤Ã—3æ™‚ã®ãƒ’ãƒ­ã‚¤ãƒ³ ç¦ç”°ã€‘",8
"CDTV å…¬å¼YouTube",8
"Polska Babinks",8
"Nadir Show",8
"Alexandria Ryan",8
"BoumÃ© Sama",8
ã—ã®ã‘ã‚“ã®åˆ¥è…¹,8
"Mohamed Henni",8
"Edson e Hudson",8
"Papyrus Da Batata",8
"Renato Moicano Podcast",8
Engineezy,8
"Steve Wallis",8
"Brad Mondo",8
OlaGUTI,8
"Golden State Warriors",8
"General Hospital",8
JLaservideo,8
"Leo Dias Oficial  ",8
RG28,8
Ali-A,8
"Real Madrid",8
"Hoje em Dia",8
"Valquiria Santana",8
"Bob Lennon",8
"STUDIOCANAL France",8
Rigopes,8
"Nino MssClick",8
FriendlyMachine,8
"ãƒ•ã‚©ãƒ¼ãƒˆãƒŠã‚¤ãƒˆ å…¬å¼",8
"SnakeThug - Brawl Stars",8
Caspahz,8
"Universal Pictures France",8
clararunaway,8
ENHYPEN,8
"Eda Atilla",8
WNBA,8
Naru,8
Bushradical,8
"PRIMO ESTRANHO YT",8
æ—¥åˆŠã‚¹ãƒãƒ¼ãƒ„é‡çƒãƒãƒ£ãƒ³ãƒãƒ«,8
"Elite Cameraman",8
Snaptrox,8
ã‚Šã›ã¨ãƒ«ã‚¤ã‚¹,7
"Fefo Caires",7
"Masahiro Sakurai on Creating Games",7
AcademeG,7
DADI,7
Ğ°Ğ¿Ğ²Ğ¾ÑƒÑ‚,7
"PlantÃ£o do Paulinho",7
"Lawson Penola",7
Ğ‘Ğ¸ÑĞºĞ°Ñ,7
åƒåŸã‚¸ãƒ¥ãƒ‹ã‚¢YouTube,7
"ĞĞ’Ğ  Ğ¨Ğ¾Ñƒ",7
"Onerb Games",7
"Tibo InShape",7
"Bad Friends",7
"USA TODAY",7
Cadrol&Fatich,7
StarTalk,7
"Samy bele",7
"Henrique Buttler",7
"Asian Cricket Council",7
"Max Titanium",7
"Bruno Formiga",7
ã‚†ã£ãã‚ŠK,7
Ğ•Ğ“ĞĞ Ğ˜Ğš,7
"MC Kako",7
"Total War",7
"stunning max",7
è‹é¦¨å‘€,7
"Fahd El",7
"ĞšĞ¾Ğ¼Ğ°Ğ½Ğ´Ğ° ĞĞŸ",7
"ConfederaÃ§Ã£o Brasileira de Futebol",7
"ĞĞ°ÑÑ‚Ğ¾ÑÑ‰ĞµĞµ Ğ’Ñ€ĞµĞ¼Ñ",7
Ğ’ĞŸĞ˜Ğ¡ĞšĞ,7
Lenadorable,7
"Karmine Corp",7
"Dingo Doodles",7
"Wankil Studio - Laink et Terracid",7
Ğ›ÑƒĞ½Ğ¾Ğ¼Ğ¾ÑĞ¸Ğº,7
"Canal Edu Guedes",7
"ĞĞ´Ğ²Ğ¾ĞºĞ°Ñ‚ Ğ•Ğ³Ğ¾Ñ€Ğ¾Ğ²",7
"Murilo Huff",7
ç‡ƒãˆãƒ‰ãƒ©chã€CBCãƒ†ãƒ¬ãƒ“å…¬å¼ã€‘,7
"ITALO EFOOTBALL",7
MANETIKIN,7
"VovÃ´ Raul Gil Oficial",7
TesiveGames,7
Julgane,7
"LOUD Coringa",7
"Florent Garcia",7
"JÃ©rÃ©my Frerot",7
NichLmao,7
NDL,7
åº­ã¥ãã‚Šå¤§å¥½ããŠã˜ã•ã‚“,7
"Jovem Pan Esportes",7
"Os Donos da Bola",7
"ABC News In-depth",7
"ãƒ†ãƒ¬æ±å…¬å¼ TV TOKYO",7
"Dans Ton Corps",7
"Celine Dept",7
å°èš‚èšå’Œå°å®‡å®™,7
"Vasco TV",7
"Helena - Topic",7
RedFalcon,7
"Galera Boa de Luta",7
"VSPORTS - Allianz Cup",7
"Yasmin GalvÃ£o",7
"Pekora Ch. å…ç”°ãºã“ã‚‰",7
"This Is How We Bingham",7
Lazvell,7
chip,7
"Kika Kim",7
Ğ¤Ğ°Ğ¹Ğ±,7
"Lucy Edwards",7
"The Anazala Family ",7
"Livre como vento",7
LAirHisson,7
"Universal Orlando Resort",7
CarExpert,7
jessetc,7
"Duke Dennis",7
PontiacMadeDDG,7
supershigi,7
Talokudo,7
Kanaria,7
"A Roda",7
"VenÃª Casagrande",7
ã‚«ãƒ³ãƒ†ãƒ¬NEWS,7
Zancanelli,7
"Saregama Tamil",7
RafhaValent,7
"Linus Tech Tips",7
"Tz da Coronel",7
"Crispy Concords",7
"Amanda AtaÃ­de",7
"Tales From The Click",7
ExileShow,7
"Un si grand soleil - France TÃ©lÃ©visions",7
"Weder Silva",7
"Vou sem volta",7
"GQ France",7
"KAWAII LAB.",7
"Pablo Oficial",7
ã“ãƒ¼ã™ã‘,7
"ano official channel",7
æ£®ã¡ã‚ƒã‚“ã­ã‚‹,7
"Forge Labs",7
"PokÃ©mon Trash",7
"Hi Gorgeous Anna Layza",7
"ĞĞ²Ñ‚Ğ¾ÑĞ°Ğ»Ğ¾Ğ½ Ğ¡Ğ¸Ğ½Ğ´Ğ¸ĞºĞ°Ñ‚Ğ°",7
ã‚¸ãƒ§ã‚¤å®¶,7
"Canal GNT",7
"FRANCE 24",7
"Kirya Kolesnikov",7
"AC Milan",7
"FaZe Jev",7
MushroomScreen,7
"ã­ã‚‹ã‚ã‚ / Nerumero",7
"Miko Ch. ã•ãã‚‰ã¿ã“",7
ç‹¬ãƒ²ã‚¿å¥³å­ã€ï¼Šã‚¢ãƒƒã‚­ãƒ¼chï¼Šã€‘,7
NickandCarrie,7
"Zach Bryan",7
"Marwa Merazka",7
"FÃ¡bio Sormani",7
ã‚·ã‚¢,7
"Void Darc",7
"COROã¨ä¼Šæ¾¤æ˜ŸèŠ± SEIKA IZAWA",7
å…„è€…å¼Ÿè€…,7
"ZO'R TV",7
"GSC Game World",7
JEREMSTAR,7
"Ilies Mkt",7
"triplets - èƒ¡å®¶ä¸‰åƒé‡‘",7
ZAMination,7
BENOFTHEWEEK,7
ãƒ‘ãƒ¯ãƒ—ãƒ­ãƒ»ãƒ—ãƒ­ã‚¹ãƒ”å…¬å¼ãƒãƒ£ãƒ³ãƒãƒ«,7
"Power Couple Gaming",7
"Dinah Moraes",7
"Gregory e Matheus",7
Ğ¯ĞĞ“Ğ•Ğ ,7
"FOX8 WGHP",7
Tonimek,7
SMii7Yplays,7
"ãƒ”ãƒ¼ã‚¿ãƒ¼ / å¥‡è·¡ã®ãƒ—ãƒ©ãƒãƒŠãƒ©ã‚¤ãƒ• ! â™¡ã€ŒOZIBAãƒãƒ£ãƒ³ãƒãƒ«ã€",7
KingBach,7
"Varanda Futebol Debate",7
ãƒ•ã‚©ãƒ¼ã‚¨ã‚¤ãƒˆ48,7
"Etienne, agri youtubeurre",7
"RTS - Radio TÃ©lÃ©vision Suisse",7
"The Wall Street Journal",7
"Rota Livre Pelo Mundo",7
"Avatar WorldÂ®",7
TheiCollection,7
"Bud Light",7
ãƒã‚°ãƒ­ãƒ˜ãƒƒãƒ‰,7
"Juju Fitcats",7
"Got Talent Global",7
ã‚­ãƒ³ã‚°ã‚ªãƒ–ã‚³ãƒ³ãƒˆ,7
"The Spiffing Brit",7
InfoMoney,7
Ferrari,7
"Snow Man - Topic",7
FutureVEVO,7
"ãã‚Œã„ã˜ãƒ¼ã¾ãã­ã£ã¨ CrazyMagnet",7
Rusty,7
ä¸­æ—¥ãƒ‰ãƒ©ã‚´ãƒ³ã‚ºå…¬å¼ãƒãƒ£ãƒ³ãƒãƒ«,7
"Hawaii News Now",7
CHOCOH,7
"Fred Caldeira",7
å²©æœ¬å‹‰ãƒãƒ£ãƒ³ãƒãƒ«,7
"Luiza Martins ",7
ç¾å¥ˆå­ãƒ•ã‚¡ãƒŸãƒªãƒ¼TV,7
"Vibe de Dois ",7
"Casal Torcedor React",7
"Isamara AmÃ¢ncio",7
"Guillaume & Kim",7
"Amy Scarlet",7
NottinTV,7
"Gloria Groove",7
ã‚ã‚“ã“ã‚‚ã¡_ã‚²ãƒ¼ãƒ æƒ…å ±æ”»ç•¥ch,7
ZetFarTV,7
Gaules,7
ãƒ†ã‚ªãã‚“ãƒ›ãƒ¼ãƒ ,7
"TOMORROW X TOGETHER - Topic",7
ã€V.I.Pã€‘,7
"TOUZANI TV",7
Painzeiro,7
CrunchLabs,7
"The B3",7
Nait2,7
"Jinger & Jeremy Vuolo",6
ElAlfaElJefeTV,6
"PURPLE KISS",6
"ãƒ¯ãƒ¼ãƒŠãƒ¼ ãƒ–ãƒ©ã‚¶ãƒ¼ã‚¹ å…¬å¼ãƒãƒ£ãƒ³ãƒãƒ«",6
"Angela Pearl",6
"Sky Sports News",6
"Sony Pictures Entertainment",6
"Kenny For Real",6
"Games Cage",6
Ğ¯Ğ¯ĞĞ,6
"Uzak Åehir",6
"KeBlack - Topic",6
vanzai,6
"Andra Gogan",6
"Netflix France",6
VonOff1700,6
"Karina ",6
"NIKITA EFREMOV",6
ĞšÑƒĞ·ÑŒĞ¼Ğ°,6
"Bouss Officiel",6
"DAZN X Series",6
"Ross Smith",6
"ĞĞµ ÑˆĞ°Ñ€Ñ!",6
"Ğ Ğ¾ÑÑĞ¸Ñ 90Ñ…",6
"Ğ ÑƒÑĞ»Ğ°Ğ½ Ğ£ÑĞ°Ñ‡ĞµĞ²",6
kevingatesTV,6
"Aston Villa Football Club",6
"Green Thumb",6
"NEWS.BY: Ğ½Ğ¾Ğ²Ğ¾ÑÑ‚Ğ¸ Ğ‘ĞµĞ»Ğ°Ñ€ÑƒÑĞ¸ Ğ¸ Ğ¼Ğ¸Ñ€Ğ°",6
"CORTES - Leon e Nilce [Oficial]",6
"ESL Dota 2",6
"ã‚Šãã¡ã‚…ã€œã¶ ã€ç™½å· é™¸æ–—ã€‘",6
Eddsworld,6
Ğ“Ğ›Ğ•ĞĞ¢,6
"Luan Pereira - Topic",6
"Briana Gigante",6
DailyDrivenExotics,6
"Access Hollywood",6
ĞĞ˜ĞšĞ˜Ğ¢ĞĞ¡,6
"Plan Bri Uncut",6
"Nissy Channel",6
Brancoala,6
"ĞœĞ¸Ğ½Ğ¸ÑÑ‚ĞµÑ€ÑÑ‚Ğ²Ğ¾ ĞŸÑ€Ğ°Ğ²Ğ´Ñ‹",6
"Kodak Black",6
"ã€å…¬å¼ã€‘ãƒ‰ãƒ©ãˆã‚‚ã‚“ / è—¤å­ãƒ»Fãƒ»ä¸äºŒé›„ãƒãƒ£ãƒ³ãƒãƒ«",6
"KBS Kpop",6
CHEU-B,6
"HFC MMA",6
"Mikhail Boldurev",6
FlightReacts,6
"NFL on CBS",6
"Brandon Yates - Topic",6
ç´°æœ¨ã‹ãŠã‚Šãƒãƒ£ãƒ³ãƒãƒ«,6
"Jussie Cunha",6
"ĞĞ½Ğ½Ğ° Ğ¥Ğ°Ğ½Ğ½Ğ°",6
BeeleVEVO,6
"Code Bullet",6
"Risha Kuznetsova ",6
DaBaby,6
"AcademeG DailyStream",6
"RCT - Rugby Club Toulonnais",6
ASG,6
"9 News Australia",6
SPFL,6
Arsenal,6
ãƒã‚±ãƒ¢ãƒ³å…¬å¼YouTubeãƒãƒ£ãƒ³ãƒãƒ«,6
"ĞšÑ€Ğ°ÑĞ½Ğ°Ñ Ğ›Ğ¸Ğ½Ğ¸Ñ",6
Stylosa,6
Firelight,6
è°·ç¹ãƒ™ãƒ¼ã‚¹ãƒœãƒ¼ãƒ«ãƒãƒ£ãƒ³ãƒãƒ«,6
Saberspark,6
"Super Italiano",6
"ĞœĞ°ĞºÑĞ¸Ğ¼ Ğ¨ĞµĞ»ĞºĞ¾Ğ²",6
"TRUE GYM MMA",6
"Toria Lifestyle",6
"Eurosport France",6
"Happy Wolf",6
SIDELNIKOVVV,6
GDB,6
"Los Boyz",6
lilsimsie,6
"Football Club de Marseille",6
"Courrier international",6
"Joli Shopping",6
gattu,6
ãªã‹ã‚ˆã—ã ã„ã‹ãã,6
PierreGarnierVEVO,6
"TUDN MÃ©xico",6
åŸç¥-Genshin-å…¬å¼,6
ãƒ˜ãƒ©ãƒ˜ãƒ©ä¸‰éŠƒå£«,6
KURUCHBRO,6
BETNetworks,6
"Initiatives CÅ“ur",6
MultiVersus,6
"ĞŸĞ°ÑˆĞ° ĞÑĞ°Ğ´Ñ‡Ğ¸Ğ¹",6
ãƒ‡ã‚£ã‚ºãƒ‹ãƒ¼ãƒ—ãƒ©ã‚¹,6
"Garena Free Fire Global",6
"Running Addict",6
"ĞĞ¾Ğ¹ ĞĞ½Ğ¸Ğ¼Ğ°Ñ†Ğ¸Ñ",6
"Mail News",6
"Cowboys Fan Club",6
æ«»å‚ãƒãƒ£ãƒ³ãƒãƒ«,6
"MÃ©tÃ©o Express",6
"TÃ©lÃ© Star",6
"Real Engineering",6
Anastasiz,6
"Overwatch FR",6
"Ğ Ğ°Ğ´Ğ¸Ğ¾ Ğ¡Ğ²Ğ¾Ğ±Ğ¾Ğ´Ğ°",6
SuperHorrorBro,6
"Nicki Minaj",6
æ¡‘ç”°é¾å¾ã®å¿ƒãŒæŠ˜ã‚Œãã…,6
Sticks,6
"Tati Mantovani",6
UFOTINIK,6
"Dead by Daylight",6
DreamXD,6
"G Herbo",6
OHGEESY,6
"Lynda - Topic",6
"W Sound",6
WWLTV,6
"Man Carrying Thing",6
"SAY MY NAME",6
ãƒãƒã¡ã‚ƒã‚“ã¨ã‚³ãƒ¼ã‚¸ã®ãŠä¸Šæ‰‹ã§ã™,6
è£ã•ã‚‰ã°,6
"Lil Poppa",6
æ—¥ãƒ†ãƒ¬å…¬å¼ãƒãƒ£ãƒ³ãƒãƒ«,6
"RIKACO LIFE",6
"Bright Sun Travels",6
"Celebrity Gossip Central",6
"Jovan Buha",6
"Ed Sheeran",6
"Dragon Age",6
"Disney Dreamlight Valley",6
"Canal da Paty",6
"Pierre Garnier - Topic",6
"FOX 5 Atlanta",6
"Still Watching Netflix",6
Espresso,6
"Heat Check",6
"Iguinho e Lulinha - Topic",6
Yuka,6
Codiciado,6
"LÃ©o Foguete - Topic",6
"ã«ã‚…ã†ã¡ã‚…ã†ã¶ | NEWS official",6
"Deli Cuisine",6
MeganMoroneyVEVO,6
AlemanVEVO,6
"AfinArte Music",6
EGO,6
"Kevine Obin",6
"FÃ©dÃ©ration FranÃ§aise de Tennis de Table",6
"Dr. Max Reiner",6
1320video,6
ã‚ã–ã¾ã—8ãƒãƒ£ãƒ³ãƒãƒ«,6
"Coluna do Fla / Flamengo",6
"Guilherme Silva Oficial",6
"Overwatch Brasil",6
"Mike Horn",6
MAZZEL,6
RodWave,6
"Max Klymenko",6
"Lauana Prado",6
"5IVE GUYS FC",6
BF///MS,6
"Cris MJ",6
"POPOTE et POTAGER",6
æ¿€æƒ…ã²ã¨ã‚Š,6
KTO,6
å¹³æ‰‹å‹æ¢¨å¥ˆ,6
Skitsters,6
"Vendredi Tout Est Permis",6
MKIceAndFire,6
ç©åˆ†ã‚µãƒ¼ã‚¯ãƒ«,6
"Raiz Tricolor",6
"CBS Evening News",6
"Just Riadh",6
FruitySama,6
ã•ã—ã¶ãƒ¼ã®å¨¯æ¥½ã®æ—…ãƒãƒ£ãƒ³ãƒãƒ«ã€Sashibuã€‘,6
å¾³äº•video,6
Wyktaur,6
"Oliver Anthony Music",6
"Leeds United Official",6
A-Leagues,6
"ãƒŸãƒ©ãƒ³ãƒ»ã‚±ã‚¹ãƒˆãƒ¬ãƒ« / Milan Kestrel ã€ã«ã˜ã•ã‚“ã˜ã€‘",6
Jãƒªãƒ¼ã‚°å…¬å¼ãƒãƒ£ãƒ³ãƒãƒ«,6
BlacktopBuckets,6
"ABC News",6
"Farine de blÃ©",6
"DÃ©bora Aladim",6
OfflineTV,6
"Pedro Assaad",6
Nubank,6
aespa,6
"Good Mythical MORE",6
"Le TÃ©lÃ©gramme",6
"Morgan VS",6
æ—¥å‘å‚ã¡ã‚ƒã‚“ã­ã‚‹,6
DakPlay,6
"B Man",6
"Garage 2CV Etienne Musslin",6
"Riona Ch. éŸ¿å’²ãƒªã‚ªãƒŠ - FLOW GLOW",6
"Meu TimÃ£o",5
"Ğ¤Ğ°Ğ½Ğ¸ Ğ¥Ğ°Ğ½Ğ¸",5
"The Official Billionaire Black",5
"Double Bubble",5
"Slime Cat",5
"Thomas Angelvy",5
"Ğ›Ğ¸ÑĞ° Ğ ÑƒĞ»Ğ¸Ñ‚",5
"Matheuseira ",5
Ğ›Ğ•Ğ¡ĞĞ«Ğ•,5
"KIRILL SARYCHEV",5
"CBS Sports Golazo - Asia",5
"Durian's Powder Room -ãƒ‰ãƒªã‚¢ãƒ³ãƒ»ãƒ­ãƒ­ãƒ–ãƒªã‚¸ãƒ¼ãƒ€-",5
"FEDYA BOOKER",5
"AKIpress news",5
"SELMA & SOFIANE ",5
éŠ€é­‚ãƒãƒ£ãƒ³ãƒãƒ«ã€å…¬å¼ã€‘,5
"Alex de Castro",5
"Warner Bros. Pictures Brasil",5
"RCC NEWS DIG Powered by JNN",5
"Fulham Football Club",5
Coca-Cola,5
"FOX 10 Phoenix",5
"SidÃ£o do Game",5
"Jason Derulo",5
TheBrianMaps,5
Solek,5
"Kate Brush",5
Jove,5
"Le jardin de Rodolphe",5
Ozodivideo,5
"Thibault & Jessica",5
"Santos Futebol Clube",5
AveryB,5
"ĞœĞ°ĞºÑĞ¸Ğ¼ Ğ¨ĞµĞ²Ñ‡ĞµĞ½ĞºĞ¾",5
"Ğ¢ĞµĞ»ĞµĞºĞ°Ğ½Ğ°Ğ» ĞĞĞ¢",5
"Harley Quinn with the Joker",5
"Ğ—Ğ²ĞµĞ·Ğ´Ñ‹ Ğ¸ Ğ¸Ğ½Ñ‚Ñ€Ğ¸Ğ³Ğ¸",5
"Wee Animation",5
YourFriendZeal,5
"TV Senado",5
Ğ¦Ğ•ĞĞ¢Ğ ,5
Ğ¤ĞĞ Ğ¡ĞĞ–,5
PSGfanTV,5
ANNnewsCH,5
"Mrs Allen",5
Ğ²Ğ”ÑƒĞ´ÑŒ,5
TheGuill84,5
"HAYELI AM",5
"Entertainment Weekly",5
"KGW News",5
"Doodie Lo",5
Ğ Ğ°Ğ·Ğ³Ğ¾Ğ½,5
"Professional Darts Corporation",5
Ğ¢ĞĞŸĞ›Ğ•Ğ¡,5
"Chad Wild Clay",5
"Petites Observations Automobiles",5
"ĞœĞ°Ğ¼Ğ° Ğ² 16",5
"ĞœĞ°ÑÑ‚ĞµÑ€ÑĞºĞ°Ñ Ğ¡Ğ¸Ğ½Ğ´Ğ¸ĞºĞ°Ñ‚Ğ°",5
WebTVBrasileira,5
"Nanass 3.0",5
"Gentle Mates",5
Architects,5
Ğ’Ğ›ĞĞ”Ğ£Ğ¡,5
TVã‚¢ãƒ‹ãƒ¡ã€æ¨ã—ã®å­ã€‘å…¬å¼ãƒãƒ£ãƒ³ãƒãƒ«,5
Ğ›ĞµĞ½Ğ¸Ğ½Ğ³Ñ€Ğ°Ğ´,5
"TÃ¼rkiye Futbol Federasyonu",5
STVãƒ‹ãƒ¥ãƒ¼ã‚¹åŒ—æµ·é“,5
"ĞĞ»ĞµĞºÑĞ°Ğ½Ğ´Ñ€ ĞŸÑƒÑˆĞ½Ğ¾Ğ¹",5
BeatboxJCOP,5
"Dad V Girls Studios",5
"NFL Brasil",5
"M.D. L.R",5
Splash,5
JECK,5
"Arrowhead Game Studios",5
ĞœĞ¸ÑˆĞĞ½Ñ,5
"Big Sean",5
CS99TV,5
oFbr,5
"Ğ’ĞŸĞ˜Ğ¡ĞšĞ LIVE",5
ã­ã“ãã‚“,5
"Himra officiel",5
KOAT,5
"Dragon Docx",5
"Alyssa's Ways",5
"KCAL News",5
"Yeat - Topic",5
"ãƒ­ãƒ¼ãƒ¬ãƒ³ãƒ»ã‚¤ãƒ­ã‚¢ã‚¹ / Lauren Iroasã€ã«ã˜ã•ã‚“ã˜ã€‘",5
"Scripps News",5
"Voyage Voyages",5
"Inoxtag 2.0",5
"The Evrything7 Family 7ï¸âƒ£",5
Gabigol,5
"La Crapule off",5
"Valera Ghosther",5
Vulture,5
ã¡ãƒ¼ã¨ã‚“ã€‚,5
Levsob,5
"People Media Factory",5
Humbled,5
"Nastia Rizik",5
ã‚¢ã‚µãƒ’ã‚°ãƒ«ãƒ¼ãƒ—å…¬å¼ãƒãƒ£ãƒ³ãƒãƒ«,5
"Le Dessous des Cartes - ARTE",5
"On The Radar Radio",5
"Pierre Chabrier",5
"Alan Chikin Chow",5
"KairosTime Gaming",5
Joris,5
"Subaru Ch. å¤§ç©ºã‚¹ãƒãƒ«",5
"Chris Van Vliet",5
M2,5
ã‚µãƒ³ãƒ†ãƒ¬ãƒ“ãƒ‹ãƒ¥ãƒ¼ã‚¹,5
SeikinTV,5
"Non-Stop Film",5
ã‚ã¿ãƒªã‚¶ã‚“å®¶,5
"ĞÑĞ°Ñ„ÑŒĞµĞ² Ğ¡Ñ‚Ğ°Ñ",5
elsamakeup,5
"Pro Direct Soccer France",5
MasterBuilders,5
Lenie,5
BRAVO!,5
"10 Tampa Bay",5
å´©å£Šï¼šã‚¹ã‚¿ãƒ¼ãƒ¬ã‚¤ãƒ«,5
"SHINGO KATORI",5
MarionCameleon,5
"Breakfast Ball",5
Ğ§Ğ•Ğ ĞĞ•Ğ¦,5
å¹´é‡‘ã¨æš®ã‚‰ã—,5
"Cleveland Guardians",5
"Viki Show",5
Ring,5
"The Herd with Colin Cowherd",5
ĞÑ€Ğ¸ÑˆĞ½ĞµĞ²,5
"VALORANT // Brasil",5
"Stintik ",5
å°å‡‰å¤«å¦‡,5
Walmart,5
"Everyday Astronaut",5
nectar,5
ESTGeeVEVO,5
"Hoop Venue",5
"Wendy Ortiz",5
IShow,5
"Les OUTSIDERZ ",5
"Coach Rubens Gomes",5
"ĞĞ°ÑÑ‚Ğ¾ÑÑ‰ĞµĞµ Ğ’Ñ€ĞµĞ¼Ñ. Ğ¡ÑĞ¶ĞµÑ‚Ñ‹",5
Combate,5
"Breakfast Club Power 105.1 FM",5
Pazjor,5
"BBC News - Ğ ÑƒÑÑĞºĞ°Ñ ÑĞ»ÑƒĞ¶Ğ±Ğ°",5
ã“ã£ã¡ã®ã‘ã‚“ã¨,5
"KinKi Kids",5
ABCãƒ†ãƒ¬ãƒ“ãƒ‹ãƒ¥ãƒ¼ã‚¹,5
"Bedjine officiel",5
MissouMakeup,5
Sandrea,5
"larray but more ",5
ã‚·ãƒ¥ãƒ¼ãƒˆã€‚,5
"Luan Pereira LP",5
"Spanian 2",5
"SKITS Arabic",5
"Mastu Gear 2",5
"JoÃ£o Bosco e Gabriel",5
ME:I,5
"Teen Vogue",5
"Melhor da Noite",5
"Tha Lagend Official ",5
"KELOLAND News",5
"FC Bayern MÃ¼nchen",5
"ç”˜çµã‚‚ã‹ / Amayui Moka",5
"More Perfect Union",5
"Bloodhound Q50",5
VinhÃ´,5
"å±±ç”°äº”éƒ ã‚ªãƒˆãƒŠã®æ•™é¤Šè¬›åº§",5
Meychan,5
DanTDM,5
VEIGH,5
"YoungBoy Never Broke Again - Topic",5
Willito,5
EazySpeezy,5
"ã‚¨ã‚¬ã¡ã‚ƒã‚“ã­ã‚‹ EGA-CHANNEL",5
"Dungeon Soup",5
CNN,5
"Rauw Alejandro - Topic",5
easycom,5
KAED,5
KaneBrownVEVO,5
"4M Original",5
Warhammer,5
AstronoGeek,5
"RedaÃ§Ã£o Ninho",5
TerminalMontage,5
"Los Angeles Chargers",5
ãªã“ãªã“ãƒãƒ£ãƒ³ãƒãƒ«,5
"Jay Foreman",5
"Golf Channel",5
"Real Boston Richey - Topic",5
TSUKU,4
Dinzo,4
"Ğ¯ĞºĞ¾Ğ²Ğ»ĞµĞ² ĞœĞ¸ÑˆĞ°",4
"Rancho Humilde",4
"ĞĞ»ĞµĞºÑĞµĞ¹ Ğ¨ĞµĞ²Ñ†Ğ¾Ğ²",4
Ğ¢ĞĞ¢,4
"ĞĞ»ĞµĞºÑĞµĞ¹ Ğ¡Ñ‚Ğ¾Ğ»ÑÑ€Ğ¾Ğ²",4
"Ğ¡Ğ²ĞµÑ‚Ğ»Ñ‹Ğ¹ Voice",4
"Os Donos da Bola RS",4
"CBS Sunday Morning",4
"ĞœĞµĞ½ĞµĞ´Ğ¶ĞµÑ€ ĞĞ½Ñ‚Ğ¾Ğ½",4
"Ğ’ÑÑ‘ Ğ¸Ğ· Ğ·Ğ° ĞœĞµÑ‚Ğ°Ğ»Ğ¾ ĞšĞ¾Ğ¿Ğ°",4
ABC7,4
"Ğ‘Ğ¸Ğ¾Ğ½Ğ¸Ñ‡ĞµÑĞºĞ°Ñ Ğ Ğ¾ÑÑĞ¸Ñ",4
Multishow,4
"Dodger Blue",4
"TUDN USA",4
"Ğ›Ğ®Ğ¡Ğ¯ Ğ§Ğ•Ğ‘ĞĞ¢Ğ˜ĞĞ",4
BehindThePlay,4
"Gil Trindade. Vida Selvagem na AmazÃ´nia",4
"Dr. Plants Brasil",4
"NEXUS VI",4
"Ø¹Ø§Ø¦Ù„Ø© Ø§Ø¨Ùˆ Ø±Ø¹Ø¯ Abo Raad family",4
"UFC Eurasia",4
"Funny daughter's daily life",4
"COMÃ‰DIA SELVAGEM",4
"Infinity Circus",4
"John Lewis",4
Anyaischuk,4
"Jasiel NuÃ±ez",4
Lazizashokuz,4
åŒ—æµ·é“æ—¥æœ¬ãƒãƒ ãƒ•ã‚¡ã‚¤ã‚¿ãƒ¼ã‚º,4
Kolyan_karelia,4
sndk,4
Yoll,4
"Ğ”ÑĞ´ÑŒ ĞĞ½Ğ´Ñ€ĞµĞ¹",4
"DW Ğ½Ğ° Ñ€ÑƒÑÑĞºĞ¾Ğ¼",4
"Pro Ğ¶Ğ¸Ğ·Ğ½ÑŒ",4
"Devil Lilith",4
Ubiquiti,4
"KOCO 5 News",4
å‡±æ—‹MCbattle,4
"WFLA News Channel 8",4
LNST,4
"Micro TDH",4
"ĞĞ»Ñ‘Ğ½Ğ°, Ğ±Ğ»Ğ¸Ğ½!",4
"Renan Fiorini",4
Loguito,4
Rozetked,4
KTVB,4
"Sam Procrastinates",4
"Ğ’ĞĞ¢ Ğ¢ĞĞš NOW",4
"France 3 Normandie",4
"LEO STRONDA ",4
"YangiKulgu Official",4
"Ğ˜Ğ½Ñ„Ğ¾Ñ€Ğ¼Ğ°Ñ†Ğ¸Ğ¾Ğ½Ğ½Ğ¾Ğµ Ğ°Ğ³ĞµĞ½Ñ‚ÑÑ‚Ğ²Ğ¾ Ğ‘ĞµĞ»Ğ¢Ğ",4
"ĞšĞ¸Ğº Ğ‘Ñ€ĞµĞ¹Ğ½Ñ",4
"GARAGE 100",4
ã—ã‚ƒãƒ¼ãºã‚“,4
"Pittsburgh Steelers",4
"CJ Race Cars",4
"ĞĞ°Ğ²Ğ°Ğ»ÑŒĞ½Ñ‹Ğ¹ LIVE",4
SuperCrastan,4
AkStar,4
LiaqNã€ã‚Šã‚ã‚“ã€‘,4
"CNN 10",4
"Bappa Shota",4
"FOX Carolina News",4
"TV VitÃ³ria - Betsat",4
"CANAL+ Sport Afrique",4
"NRJ - Hit Music Only",4
"Dexter on Paramount+ with Showtime",4
"Polo G",4
å¯çˆ±å°ç”œç”œ,4
GonGon,4
å¤§å–œã‚‹äººãŸã¡ã€ˆå¤§å–œåˆ©å‹•ç”»ã€‰,4
"Doobus Goobus",4
"Ğ”Ğ¸Ğ¼Ğ° ĞœĞ°ÑĞ»ĞµĞ½Ğ½Ğ¸ĞºĞ¾Ğ²  ",4
Clarent,4
MichaelBrunVEVO,4
"Manual do Mundo",4
"Free Fire Esports Brasil #LBFF",4
PedruxJoga,4
"ĞŸĞ Ğ•ĞœĞ˜Ğ¯ Ğ”ĞĞ Ğ’Ğ˜ĞĞ",4
"Ğ§Ğ¸ĞºĞµĞ½ ĞšĞ°Ñ€Ñ€Ğ¸",4
Laughability,4
"The Facility",4
"Ğ¡Ğ°Ğ¼ ÑĞµĞ±Ğµ ÑÑƒÑˆĞ¸ÑÑ‚",4
"Ã‰Ğ–Ğ˜ ĞĞšĞ¡ĞĞĞĞ’ ",4
"Ğ’ Ğ³Ğ¾ÑÑ‚ÑÑ… Ñƒ Ğ“Ğ¾Ñ€Ğ´Ğ¾Ğ½Ğ°",4
NoobBlox,4
"Ğ’ĞĞ¢ Ğ¢ĞĞš",4
"Dude Dad",4
"LearnToon - Learn & Play",4
"The Grand Tour",4
Cyprien,4
"BEEJAY TV",4
å°ç«¥ç«¥æˆé•¿è®°,4
"Club 520 Podcast",4
VAVAN,4
"Better Voice",4
AnthonyPadilla,4
sotavision,4
PLURIEL,4
"Eu vocÃª e nÃ³s",4
"Denver Broncos",4
"We Are Iowa Local 5 News",4
ã½ã‚“ã½ã“ã¡ã‚ƒã‚“ã­ã‚‹,4
"turning the tables",4
Mechanic,4
"TINO CAPO",4
"CookieRun: Kingdom",4
LABELCOM,4
"äº•åŸè‰¯å¤ªéƒã€€Ryotaro Ihara",4
"TC Zwag",4
Cadres,4
"july movies",4
UsimamaneVEVO,4
"CBS TEXAS",4
"ĞŸĞµÑ‚Ñ€ Ğ›ÑƒĞ¿ĞµĞ½ĞºĞ¾",4
"Motorsport Brasil",4
"Brooklyn Frost",4
"Ğ¢ĞµĞ»ĞµĞºĞ°Ğ½Ğ°Ğ» ICTV",4
"Combo Panda",4
Ğ”ÑÑˆĞµÑ,4
"Matt Mitchell",4
"Xamdam Sobirov",4
Archie5,4
"Gucci Mane",4
"BAROLO VÃDEOS",4
"LuÃ­sa Sonza",4
Hometalk,4
"Ø­Ø±Ù Ø¥Ø¨Ø¯Ø§Ø¹ÙŠØ© Ù„Ù„Ù…Ù†Ø²Ù„ ÙÙŠ 5 Ø¯Ù‚Ø§Ø¦Ù‚",4
"Captain Shiraj",4
"Claire Saffitz x Dessert Person",4
"Ğ¥Ğ¾Ğ»Ğ»Ğ¸ Ğ›Ğ¾Ğ»Ğ»Ğ¸ Live",4
"RTVI ĞĞ¾Ğ²Ğ¾ÑÑ‚Ğ¸",4
è¯ç´éŸ³æ¨‚è¥¿æ´‹æ—¥éŸ“é »é“,4
Tode,4
ã‚†ã£ãã‚Šã‚€ã¡ã‚ƒãŸã¬ã,4
Las,4
Qsport,4
LeHuffPost,4
"CBC British Columbia",4
"FranksÃ¢ngela ",4
"Ğ”ĞµÑ€ĞµĞ²ĞµĞ½ÑŒĞºĞ° Ğ¿Ğ¾Ğ´ ÑƒÑ‚ĞµÑĞ¾Ğ¼",4
"MATH HOFFA",4
ã¿ã¤ã¨ã‚‚ãƒãƒ£ãƒ³ãƒãƒ«,4
duplacancaoelouvor,4
ãƒ•ã‚¸å·¥æˆ¿,4
"NBC Sports",4
THV11,4
KLASS,4
"Chelsea Football Club",4
"Jane Kravitz",4
"ĞÑÑ…Ğ°Ğ± Ğ¢Ğ°Ğ¼Ğ°ĞµĞ²",4
"Polka Ch. å°¾ä¸¸ãƒãƒ«ã‚«",4
CNET,4
"Gabriel e Shirley",4
"TOP 14 - Officiel",4
On3,4
ProjectJamesify,4
"ãƒ–ãƒ«ãƒ¼ã‚¢ãƒ¼ã‚«ã‚¤ãƒ–-Blue Archive-",4
StarÂ TV,4
Lapsa,4
"GLIZZY GVNG INC",4
"Germain - Vlog Agricole",4
"Ğ•Ğ³Ğ¾Ñ€ ĞšÑ€Ğ¸Ğ´",4
ZAKATOON,4
ZAFEEL,4
"CHGO Sports ",4
æ¨ªå·ãã‚“ã®ç­‹è‚‰ã¡ã‚ƒã‚“ã­ã‚‹,4
HOOOTDOGS,4
070ShakeVEVO,4
moviecollectionjp,4
AM3NlC,4
"Jack Joseph",4
"FOX Weather",4
"Buffalo Bills",4
"Walace Borges",4
"La Perversa",4
"Ezase Afro",4
"Mirzo teatr",4
"CÃ¢meras Escondidas Programa Silvio Santos",4
RickRossVEVO,4
"Daz Games",4
"Ğ¥Ğ Ğ¥Ğ 3 Ğ ĞĞ—Ğ ",4
"ESPN Deportes",4
"Ğ”ÑÑˆĞµÑ Team",4
"TV BAHÃŠA - TV oficial do Esporte Clube Bahia",4
"LIGA BBVA MX",4
"Disney FR",4
"Dylan Is In Trouble",4
NoCap,4
"Jhay P",4
LEGEND,4
ĞŸĞ¾ÑĞ»ĞµĞ·Ğ°Ğ²Ñ‚Ñ€Ğ°,4
ĞŸĞ¾Ğ·Ğ½Ğ°Ğ²Ğ°Ñ‚ĞµĞ»ÑŒ,4
"Direct Weather",4
"San Antonio Spurs",4
"Hugo e Guilherme",4
ĞœĞ°ĞºĞ°Ñ€ĞµĞ½Ğ°,4
ã¡ã‚‡ã¶ã‚Šã€eFootballè§£èª¬ã€‘,4
WinterKloudz,4
"Ğ‘Ğ•Ğ—Ğ£ĞœĞĞ«Ğ™ Ğ¡ĞŸĞĞ Ğ¢",4
"Perfect Elephant Movie",4
NARå…¬å¼ãƒãƒ£ãƒ³ãƒãƒ«,4
"LVE FAMILY",4
Aminematue,4
"Wiz Khalifa",4
KCCI,4
"SAMUCA TV",4
èª­å£²ãƒ†ãƒ¬ãƒ“ãƒ‹ãƒ¥ãƒ¼ã‚¹,4
"Canal do Fragoso",4
"Gabito Ballesteros",4
ytvé˜ªç¥å¿œæ´ãƒãƒ£ãƒ³ãƒãƒ«ã€Œãƒˆãƒ©ãƒˆãƒ©ã‚¿ã‚¤ã‚¬ãƒ¼ã‚¹ã€,4
"The Joel Klatt Show: A College Football Podcast",4
"EUROLEAGUE BASKETBALL",4
Bravo,4
"Hugo Lisoir",4
MZC,4
"Dani and Snappy",4
"ĞšĞ¸Ğº ĞĞ±Ğ·Ğ¾Ñ€",4
"War Thunder. Official channel.",4
"Yailin La Mas Viral",4
KelseaBalleriniVEVO,4
"Neal Illustrator",4
SEB,4
NexTaz,4
"United Sz",4
"AurÃ©lio Alfieri",4
"Panda Espacial",4
Dooms,4
ONLINE.UA,3
PerrieVEVO,3
"Ğ Ğ°Ğ´Ñ–Ğ¾ Ğ¡Ğ²Ğ¾Ğ±Ğ¾Ğ´Ğ°",3
"Stan Sport",3
Bubbleâ„¢,3
"ĞĞ¼Ğ¸Ğ½ĞºĞ° Ğ’Ğ¸Ñ‚Ğ°Ğ¼Ğ¸Ğ½ĞºĞ°",3
"Ğ¢ĞĞ¢4 Shorts",3
Rã¡ã‚ƒã‚“,3
"FOX54 News Huntsville",3
"ĞœĞ¸ - Ğ£ĞºÑ€Ğ°Ñ—Ğ½Ğ°",3
DubstepGutter,3
"ĞŸÑ€Ğ¸ĞºĞ»ÑÑ‡ĞµĞ½Ğ¸Ñ ĞĞ½Ğ³ĞµĞ»Ğ¸Ğ½Ñ‹ Ğ¸ Ğ³Ğ°Ğ¼Ğ°Ğ´Ñ€Ğ¸Ğ»Ñ‘Ğ½ĞºĞ° Ğ›ÑÑĞ¸ Ğ² Ğ¢Ğ°Ğ¹Ğ³Ğ°Ğ½Ğµ",3
"Hasan Minhaj",3
RilÃ¨s,3
whinderssonnunes,3
"Ğ”Ğ¸ĞºĞ¸Ğ¹ Ğ±Ğ¾Ğ¹",3
"Sony Music (Japan)",3
Ğ£ĞĞ†ĞĞ,3
"Ğ—Ğ´Ğ¾Ñ€Ğ¾Ğ²ÑŒĞµ Ğ¸ Ğ”Ğ¾Ğ»Ğ³Ğ¾Ğ»ĞµÑ‚Ğ¸Ğµ",3
R7,3
"Grupo Frontera",3
"ABC 33/40",3
"Phil Mickelson and the HyFlyers",3
"Ğ¢Ğ¸Ğ¼Ğ¾Ñ„ĞµĞ¹ ĞšĞ°Ñ€Ğ¼Ğ°Ñ†ĞºĞ¸Ğ¹",3
"Pierre Garnier",3
"Gil's Arena",3
"CTV News",3
"Dream Theater",3
"ĞœĞ¸Ñ…Ğ°Ğ¸Ğ» Ğ¥Ğ¾Ğ´Ğ¾Ñ€ĞºĞ¾Ğ²ÑĞºĞ¸Ğ¹",3
"En SociÃ©tÃ© - France TÃ©lÃ©visions",3
"BO BROWN",3
ThÃ©orus,3
Belinda,3
"Louie's Life",3
"Eyewitness News ABC7NY",3
Hanna,3
ZeeMan,3
JGeek,3
"Woodkid - Topic",3
"RybakAS. Fishing and Traveling",3
"Carro Chefe",3
ãŸã™ãã“ã¾,3
Meeponegeroi,3
é­”è£Ÿæ–—ãƒãƒ£ãƒ³ãƒãƒ«,3
"Selfie Service Cortes",3
"GAZ LIVE",3
Banheiristas,3
"Million Jamoasi â„¢",3
"Ğ˜Ğ»ÑŒÑ Ğ¡Ğ¾Ğ±Ğ¾Ğ»ĞµĞ²",3
"Disney Parks",3
albert_cancook,3
"Ğ®Ñ€Ğ¸Ğ¹ Ğ’Ğ•Ğ›Ğ˜ĞšĞ˜Ğ™",3
"ĞĞ»ĞµĞºÑĞ°Ğ½Ğ´Ñ€ Ğ¡Ğ½Ğ¸Ñ‚Ğ¾Ğ²ÑĞºĞ¸Ğ¹",3
"Ğ–Ğ•Ğ›Ğ•Ğ—ĞĞ«Ğ™ ĞšĞĞ ĞĞ›Ğ¬",3
æ‘©æ‘©,3
"YTB Fatt ",3
"Ğ˜ÑÑ‚Ğ¾Ñ€Ğ¸Ğ¸ ĞĞ°Ğ²ÑĞµĞ³Ğ´Ğ°",3
"GG Animation",3
5NEWS,3
Gazan,3
"Neutro Shorty",3
FloWrestling,3
"United World Wrestling",3
"Hobby Lobby",3
MendrakePlay,3
Dobryak,3
"Yungeen Ace",3
ä¸­ç”ºç´”å¹³ã®ãƒã‚¸é…”ã£ã¦ã‚‹ã‚!!,3
Wildways,3
"ã¼ã‚“ã˜ã‚…ã†ã‚‹ / ãƒ‰ã‚ºãƒ«ç¤¾",3
"Avaz Oxun",3
"Alexandra Posnova",3
"Kara and Nate",3
"Agatha Christie",3
"KTK TV",3
"CRAZY GREAPA",3
BandAidVEVO,3
ãƒ¡ãƒ¢å°‘å¹´,3
avex,3
"BBC News Japan",3
"z CerealGlitchers",3
ray!,3
æ—¥æœ¬ç›¸æ’²å”ä¼šå…¬å¼ãƒãƒ£ãƒ³ãƒãƒ«,3
Cameliaa92_,3
WIRED,3
"Ğ›ÑƒÑ‡ÑˆĞ¸Ğµ Ğ²ĞµÑ‡ĞµÑ€Ğ½Ğ¸Ğµ ÑˆĞ¾Ñƒ",3
TeeVee,3
"Royalty Gaming",3
Ğ’Ñ€ĞµĞ¼Ñ-Ğ²Ğ¿ĞµÑ€Ñ‘Ğ´!,3
EdisonPts,3
"FOX 11 Los Angeles",3
ĞšÑ€Ğ°Ğ¼Ğ¾Ğ»Ğ°,3
"DNVR Sports",3
"Standoff 2: Headshot Club",3
OneTwo,3
FabienOlicard,3
"ĞĞ»Ğ¸ÑĞ° Ğ›Ğ¸ÑĞ¾Ğ²Ğ°",3
kazashka,3
"BaRaDa Gold Russian",3
"Rob Squad Reactions",3
"Dani Flow",3
StateHuman,3
"The Company Man",3
Ğ‘Ğ°Ğ´Ğ°Ğ±ÑƒĞ¼Ñ‡Ğ¸Ğº,3
Ğ’Ğ¸Ğ½Ğ´ÑĞ¹,3
"FWJ -FITNESS WORLD JAPAN-",3
X2DED,3
"POD DELAS",3
"Coheed and Cambria",3
"KMBC 9",3
"Fala, JoÃ£o Guilherme!",3
SNY,3
é—‡é‡‘ã‚¦ã‚·ã‚¸ãƒãã‚“ã€å…¬å¼ã€‘,3
"Cat Story",3
å¤ªç”°ä¸Šç”°ã€å…¬å¼ã€‘,3
"PokÃ©mon GO",3
"Zidaan Shahid Aly",3
"League of Legends - France",3
LABELSMART,3
"Ğ”Ğ•Ğ Ğ–Ğ˜ Ğ”Ğ’Ğ•Ğ Ğ¬",3
TheGideonGames,3
IKITERUã€ã‚¤ã‚­ãƒ†ãƒ«ã€‘,3
ã¯ã˜ã‚ã¾ã—ã¦æ¾å°¾ã§ã™,3
JayBlac,3
"The Fast Lane Car",3
DO$HIK,3
Rhymestyle,3
TheKateClapp,3
"IVA LEGO",3
SHIMOROSHOW,3
QuizKnock,3
MDKTRIO,3
Ğ”Ğ¸Ğ¼Ğ°ÑĞ±Ğ»Ğ¾Ğ³,3
"8 News Now â€” Las Vegas",3
Branzy,3
"JuTOS tv",3
"Gazeta Esportiva",3
MOONTELLTHAT,3
"Sidiki Diabate",3
CBS,3
Arammo,3
mashed,3
Signature_1m,3
Masomka,3
Lggj,3
"Automobile Propre",3
serg1us,3
Problems2,3
"ĞœĞ­Ğ™Ğ‘Ğ˜ Ğ‘Ğ­Ğ™Ğ‘Ğ˜",3
"Jin and Hattie",3
"ABC7 News Bay Area",3
KORESH24K,3
"MAX ĞŸĞĞ¯Ğ¡ĞĞ˜Ğ¢",3
"Mac Miller",3
"Amazing Children Toys",3
"Pearl Fountain",3
"Ğ¢Ğ°Ñ‡ĞºĞ° Ğ¿Ğ¾Ğ´ Ğ·Ğ°Ğ´Ğ°Ñ‡ĞºÑƒ",3
Dydoladow,3
boxtoxtv,3
ä»²é‡Œä¾ç´—ã§ã™ã€‚,3
"YOLO HOUSE",3
"UV Creations",3
"Mundo da Vivi",3
"The White House",3
"GEMEAS VIVI",3
"LIGLEY BEST",3
"That Little Puff",3
Ğ‘Ğ•Ğ Ğ¢,3
TheRealSilvas,3
"JOON Arabic",3
-Ğ¢ĞĞĞ–ĞĞ«Ğ™-,3
"ç²—å“ Official Channel",3
KINOFABRIKA,3
"Giggle Jiggle! Arabic",3
"Katya Klon",3
"PRESS SBU",3
"ĞĞ»ĞµĞ³ Ğ—ÑƒĞ±ĞºĞ¾Ğ² - Ğ§Ğ•Ğ›ĞĞ’Ğ•Ğš Ğ›Ğ•Ğ’ Oleg Zubkov - LION MAN (Ğ¯ Ğ¸ Ğ¼Ğ¾Ğ¸ Ğ»ÑŒĞ²Ñ‹ Ğ¢Ğ°Ğ¹Ğ³Ğ°Ğ½)",3
"WSPA 7News",3
ĞœĞĞ¨Ğ˜ĞĞĞ¢ĞĞ Ğ«,3
"E! News",3
Ğ‘ÑƒÑ€Ñ‘Ğ½Ğ¾Ñ‡ĞµĞºğŸ›‘,3
Suetam,3
GoodTimesWithScar,3
"FD Vasya",3
KanyeWestVEVO,3
"Yanina Sokolova",3
Nazzy,3
"Black Gryph0n",3
"NÃ­vea Soares",3
ElaTaubertVEVO,3
"SEALOOK Official",3
YOUNG,3
Mini-mimi,3
"ãƒãƒ¼å›ãƒãƒ£ãƒ³ãƒãƒ« ç”°ä¸­å°†å¤§",3
"Axel Merryl",3
"AGENT LOPES",3
"Socola Funny",3
itpedia,3
HugTV,3
"Tips Workshop",3
"Record News",3
"GUDPEXI the Gamer",3
"FOX 32 Chicago",3
ã‚¸ãƒ¥ã‚¸ãƒ¥ãƒ¯ãƒ¼ãƒ«ãƒ‰JUJUWORLD,3
"Kendrick Lamar - Topic",3
"German El Classico â€” ĞĞœĞšĞĞ›",3
éœ²å…®ç²‘ç²‘,3
smotraTV,3
Gerohan,3
"BFM Grand Lille",3
"KREED FAMILY",3
Ğ®Ğ»Ğ¸Ğº,3
"Ğ’ĞµÑ€Ñ‚Ğ¸ĞºĞ°Ğ»ÑŒĞ½Ñ‹Ğ¹ Ğ¡Ğ¸Ğ½Ğ´Ğ¸ĞºĞ°Ñ‚",3
"Los Angeles Rams",3
FilmsHD,3
"Israel & Rodolffo",3
"Me Poupe!",3
"KING 5 Seattle",3
"Sae Channel / ç´—æ „å­Official",3
éƒ½å¸‚ãƒœãƒ¼ã‚¤ã‚º,3
"thierry vigneau Boiserie",3
"CBS 17",3
g1,3
"Tuna Tavus",3
"Sonyakisa8 TT",3
"Real Douluo Short Video",3
æ£®ã‚±ã®æ—¥å¸¸ã€å¨˜ã€,3
"Unrivaled Basketball",3
BlankBoy,3
"Buzzy Bug Arabic",3
"Kai Trump",3
ç‰›æ²¢,3
"Rainha Dos Pios-Alessandra",3
"ä¸­ç”°æ•¦å½¦ã®YouTubeå¤§å­¦ - NAKATA UNIVERSITY",3
"LIFE WEDDING",3
"RB Leipzig",3
"House of Highlights",2
"Dimon Markov",2
å¤§å²³å„¿,2
ãƒ‘ã‚ºãƒ‰ãƒ©å…¬å¼ãƒãƒ£ãƒ³ãƒãƒ«,2
"Family Island Game",2
ãƒ‡ãƒ¼ãƒ–å¤§ä¹…ä¿ãƒãƒ£ãƒ³ãƒãƒ«,2
"hasan and nour shorts",2
"SKITS Indonesian",2
"Ğ Ğ°Ğ´Ğ¸Ğ¾ Ğ¡Ğ²Ğ¾Ğ±Ğ¾Ğ´Ğ°. ĞĞ¾Ğ²Ğ¾ÑÑ‚Ğ¸",2
"Vida Luminosa",2
"Ğ“Ğ¾Ğ»Ğ¾Ñ ĞĞ¼ĞµÑ€Ğ¸ĞºĞ¸",2
"Tom Brady",2
"The Graham Norton Show",2
Motorede,2
ĞšĞ¥Ğ›,2
Ğ ĞµĞ´Ğ°ĞºÑ†Ğ¸Ñ,2
"ÅÉ™hid analarÄ±na yardÄ±m fondu",2
"Ğ”Ğ¼Ğ¸Ñ‚Ñ€Ğ¸Ğ¹ Ğ¨Ğ¸Ğ»Ğ¾Ğ²",2
"Ğ Ğ¾Ğ¼Ğ°Ğ½ Magic",2
"WXYZ-TV Detroit | Channel 7",2
AlternateHistoryHub,2
"Chogakusei Official",2
"Juice WRLD - Topic",2
ãªã«ã‚ç”·å­,2
"Crazy Raccoon",2
"Ğ¨Ğ¾Ñ€Ñ‚Ñ‹ Ğ˜Ğ»ÑŒĞ´Ğ°Ñ€Ğ°",2
å ¤ä¸‹é£Ÿå ‚,2
"Ğ£Ğ´Ğ¸Ğ²Ğ¸Ñ‚ĞµĞ»ÑŒĞ½Ñ‹Ğµ Ğ¸ÑÑ‚Ğ¾Ñ€Ğ¸Ğ¸ Ğ¸Ğ· Ğ¶Ğ¸Ğ·Ğ½Ğ¸",2
"ĞœĞ¾Ñ€ĞºĞ¾Ğ²ÑŒ PRO",2
"slow slow cow",2
"Ğ¯Ñ€Ğ¾ÑĞ»Ğ°Ğ² Ğ¡ÑƒĞ¼Ğ¸ÑˆĞµĞ²ÑĞºĞ¸Ğ¹",2
TSN,2
"Di ray",2
Tesla,2
"ĞšĞ°Ğ½Ñ‹Ğ±ĞµĞº ĞšÑƒĞ´Ğ°Ğ¹Ğ±ĞµÑ€Ğ´Ğ¸ĞµĞ²",2
"Dallas Cowboys",2
å¸Œç©ºã¡ã‚ƒã‚“ãƒãƒ«,2
ç‹åä½™ç”Ÿæ¬¢ä¹å¤š,2
"Los Angeles Times",2
OfficialZelel,2
"Ğ“Ğ°Ğ»Ğ¸Ğ½Ğ° ĞšÑƒÑ…Ğ½Ñ",2
L'invitÃ©,2
"íŒ€ì¼ë£¨ì…˜ ë…¸ì„±ìœ¨",2
"The Overlap",2
kotiynet,2
"Ğ‘Ğ¾Ğ»ÑŒÑˆĞµĞ³Ñ€ÑƒĞ· 40rus",2
"Daiane Pimenta",2
"RefÃºgio Cult",2
CelineDionVEVO,2
MEMORY,2
"Netflix Anime",2
"HFC Shorts",2
"CBS Sports Golazo - Europe",2
"2 Much ColinFurze",2
TheBrainDit,2
"Ğ˜Ğ³Ğ¾Ñ€ÑŒ Ğ Ñ‹Ğ±Ğ°ĞºĞ¾Ğ²",2
åƒé¥­è¦ç´§,2
"Ğ§Ğ•Ğ ĞšĞĞ¡ ĞĞ¢Ğ›ĞĞĞ¢",2
"Noel Deyzel",2
Youssoupha,2
fantano,2
"ABC4 Utah",2
KSI,2
"Ğ˜Ğ»ÑŒĞ´Ğ°Ñ€ Live",2
"Hunt: Showdown",2
"Brian Sutterer MD",2
"Doge Gaming",2
"MMA review",2
"ALPHA MEDIA",2
"Les Parodie Bros",2
"Simple Creative",2
"Lena Krupina",2
Dinossarro,2
"Smart Bushcraft",2
Lampal,2
BRUNO,2
"Le Classique Live ",2
"Alexander Kondrashov",2
"KaratÃ© Bushido Officiel",2
TheVovkaCom,2
Ğ®Ğ·ĞµÑ„Ğ¾Ğ²Ğ¸Ñ‡,2
GhostNinja,2
"ĞœĞ£Ğ— SHORTS",2
"Supercar Blondie",2
DOFUS,2
SNAK,2
"Czn Burak",2
"OUTSIDE STAND UP",2
JD,2
"ĞĞ·Ğ°Ğ¼Ğ°Ñ‚ ĞœÑƒÑĞ°Ğ³Ğ°Ğ»Ğ¸ĞµĞ²",2
ç´ç´qin,2
"Snack Squad Arabic",2
V2F,2
"Saregama Telugu",2
"JIN - Topic",2
é‡ç››ã•ã¨ç¾,2
Ğ¡ĞŸĞ•ĞšĞ¢Ğ ,2
"ĞĞ°ÑˆĞ¸ Ğ¸ÑÑ‚Ğ¾Ñ€Ğ¸Ğ¸",2
ãµã‰ã€œã‚†ã€œã¡ã‚…ã€œã¶,2
"Ğ’Ğ¸ĞºÑ‚Ğ¾Ñ€Ğ¸Ñ ĞšĞ¸Ğ¼",2
"ĞĞ°Ñˆ Ğ”ĞĞĞ¯",2
"Edgar Lebedkin",2
ä¿ºãŸã¡å¤©ä¸‹ã®ã‚†ã¨ã‚Šãƒ¼ãƒãƒ³,2
"KTSM 9 NEWS",2
CaptainSauce,2
Calfreezy,2
Louis,2
hrendyabliki,2
"Ğ˜Ğ²Ğ°Ğ½ Kilin 125rus",2
"ASMR FOOD",2
"Fred Talks Fighting",2
"The Slow Mo Guys",2
JackFunny313,2
"Ğ¤Ğ•Ğ™Ğ“Ğ˜Ğ LIVE",2
"MORE EMOCIY",2
FuzayÂ²,2
"Ğ’Ğ¸ĞºÑ‚Ğ¾Ñ€ Ğ‘Ğ»ÑƒĞ´",2
Galkina_Anechka,2
"Joshua Weissman",2
"Nikita Zdradovskiy",2
"Ozodlik Radiosi",2
"Talk Tv Azerbaijan",2
MegaRetr,2
"ĞœĞ¸Ñ€ Ğ¢Ğ°Ğ½ĞºĞ¾Ğ². ĞÑ„Ğ¸Ñ†Ğ¸Ğ°Ğ»ÑŒĞ½Ñ‹Ğ¹ Ğ²Ğ¸Ğ´ĞµĞ¾ĞºĞ°Ğ½Ğ°Ğ»",2
"Yamaha Motor do Brasil",2
"Euronews Ğ¿Ğ¾-Ñ€ÑƒÑÑĞºĞ¸",2
"Ğ¨Ğ¸Ğ½Ğ´Ñ€ ĞœÑ‹Ğ½Ğ´Ñ€",2
DankPods,2
"KINDNESS MAN",2
"Pure Noise Records",2
help_by_godğŸ«‚,2
"Viver na AmÃ©rica",2
" In Dushanbe",2
"Robinson Foundry",2
ã‚¢ãƒƒãƒˆãƒ›ãƒ¼ãƒ ãƒãƒ£ãƒ³ãƒãƒ«,2
GOOBERS,2
"ĞšĞ Ğ£Ğ¢ĞĞ™ ĞŸĞĞŸĞ Ğ½Ğ°",2
"Laurent SCHMIDT",2
é˜¿è–‡çˆ±æç¬‘666,2
"Ğ‘Ñ‹Ñ‚ÑŒ Ğ˜Ğ»Ğ¸",2
"HIRO BEAUTY CHANNEL",2
"Lena Kuka crew",2
å››å°åªå–,2
Ğ Ğ«ĞĞ”Ğ«Ğ§,2
"Hornstromp Games",2
"David Castello-Lopes",2
"HI! å°å…œå…œ",2
"Zion Music",2
HARD_MMA,2
"Bibib Family",2
Dalbek,2
Vsauce,2
"NBC10 Boston",2
"Fox League",2
"Ğ”Ğ¼Ğ¸Ñ‚Ñ€Ğ¸Ğ¹ Ğ“Ğ¾Ñ€Ğ´Ğ¾Ğ½",2
æ€ªç‰©ãã‚“,2
Ğ¡Ğ¢Ğ¡,2
Hunxho,2
"13 ĞšĞ°Ñ€Ñ‚",2
MBSã‚¢ãƒ‹ãƒ¡&ãƒ‰ãƒ©ãƒ,2
AMK,2
"Ğ˜Ğ³Ğ¾Ñ€ÑŒ ĞœÑ‘Ğ´Ğ¾Ğ²",2
Aywen,2
"ĞÑ€ÑĞµĞ½Ğ¸Ğ¹ Ğ‘Ğ°Ñ€Ğ´Ğ°Ñˆ",2
TFLEV,2
"Ğ—Ğ¾Ñ Ğ¯Ñ€Ğ¾Ğ²Ğ¸Ñ†Ñ‹Ğ½Ğ°",2
"ARB TV",2
"Ğ¡ĞºĞ»Ğ°Ğ´ Ğ¢ĞµĞ»ÑĞºĞ¾Ğ²Ğ°",2
"PICKCON / í”½ì½˜",2
"Utopia Live",2
"Rato Borrachudo",2
Beatrise,2
INSTASAMKA,2
"George Strait",2
"Team Spirit",2
Hmelkofm,2
ãˆãªã¡ã‚ƒã‚“ã­ã‚‹,2
"Ğ•Ğ»ĞµĞ½Ğ° Ğ Ğ°Ğ¹Ñ‚Ğ¼Ğ°Ğ½",2
"FlÃ¡vio & Kairah",2
talkSPORT,2
Flazin,2
"emma chamberlain",2
ĞšĞ¾Ğ¼ÑŒÑĞ½Ğ¸Ñ‚Ğ¸,2
"ĞĞ½Ğ°Ñ‚Ğ¾Ğ»Ğ¸Ğ¹ Ğ¨Ğ°Ñ€Ğ¸Ğ¹",2
"ãƒ—ãƒªãƒ³ã‚»ã‚¹å§«ã‚¹ã‚¤ãƒ¼ãƒˆï¼´ï¼¶ Princess Hime Suite TV",2
"ã‚«ã‚¸ã‚µãƒƒã‚¯ KAJISAC",2
"Ğ”ĞµĞ»Ğ° ĞÑ€Ñ‚ÑƒÑ€Ğ°",2
"Ulusal Kanal",2
"Kevin's English Roomã®æ”¾èª²å¾Œ",2
"CombatCrew Live",2
"Stray Kids",2
"Politeka Online",2
"Mike Solist",2
Hardisk,2
"JJ Olatunji",2
"Ğ¡Ğ²ĞµĞºÑ€Ğ¾Ğ²ÑŒ Ğ¾Ğ±Ğ¾Ğ¼Ğ»ĞµĞ»Ğ°",2
"Lost in the Pond",2
ãã‚Šã¾ã‚‹,2
"team Sanchez ",2
"Alinka Malinka Tv",2
dednahype,2
Forbes,2
å±±å¡å¡å°æœˆ,2
PufferTV,2
"Tommy Technetium",2
"HOT 97",2
UNITED24,2
"Zamonavi Media",2
"PRO Ğ˜ÑÑ‚Ğ¾Ñ€Ğ¸Ñ",2
Dax,2
æ–è—¤è£•,2
"ä¸­ç”°æ•¦å½¦ã®ãƒˆãƒ¼ã‚¯ - NAKATA ATSUHIKO TALKS",2
"ĞŸÑ€Ğ¾ÑÑ‚Ğ¾ Ğ›ÑĞ´Ğ¸",2
"FULL SEND MMA",2
"MrBeast 2",2
"SKITS FAM TV",2
"Team Edge",2
"KHON2 News",2
"Laupok LIVE",2
"Warner Bros. Pictures",2
ã‚¸ãƒ¥ãƒ‹ã‚¢CHANNEL,2
"Ğ¢Ğ¾Ñ…Ğ° EKB",2
"Ğ¡ÑƒĞ¿ĞµÑ€ Ğ¡Ñ‚Ğ°Ñ",2
"Sun TV",2
"Fame Focus",2
"Reach The People Media",2
ãã†ã ã€ãŠå®¶ã‚’ã¤ãã‚ã†ã€ï½¸ï¾’ï¾ï¾˜channelã€‘,2
"WPLG Local 10",2
"WKBW TV | Buffalo, NY",2
"Ğ“Ğ»Ğ°Ğ²Ñ€ĞµĞ´ TV",2
ãƒ‘ãƒ‘ãƒ©ãƒ”ãƒ¼ã‚º,2
"FOX 4 Now",2
"Fast Car View",2
FixEye,2
Nicocapone,2
ã¸ã‚“ãªã„ãã‚‚ã®ãƒãƒ£ãƒ³ãƒãƒ«,2
"Julien DorÃ©",2
"World Rugby",2
"Delacruz - Topic",2
"ĞœĞ°Ğ¼Ğ° Ğ”Ğ·ĞµĞ½Ğ°",2
ItsMeYellow,2
ExileLive,2
"Bloomberg Quicktake",2
"L'Ã©toile Noire",1
"ĞœĞĞ¨Ğ Ğ‘Ğ•Ğ— ĞœĞ•Ğ”Ğ’Ğ•Ğ”Ğ¯",1
"Zach Choi ASMR",1
"Gabriela Rocha",1
"Giro d'Italia",1
"é˜¿æœ¨çˆ·çˆ· Grandpa Amu",1
Latto,1
"Ğ—Ğ’Ğ£ĞšĞ˜ ĞœĞœĞ",1
ä¸€ãƒç€¬ã†ã‚‹ã¯,1
ĞĞ’ĞĞ Ğš,1
"TOBE OFFICIAL",1
"Family Play TV",1
"ĞœĞ¸Ğ»Ñ ĞšĞµĞ»",1
Peacock,1
"Brawl Stars MMA",1
"123 GO! Shorts Russian",1
"ĞœĞ¸Ğ»Ğ°Ğ½Ğ° ĞĞµĞºÑ€Ğ°ÑĞ¾Ğ²Ğ°",1
"Diana Kiyaeva",1
å¤©è‰²é®«,1
"Froch on Fighting",1
"Dronio - Minecraft",1
"TNZ Gaming",1
é«™æ©‹å„ªæ–—(ä»®),1
"9 ĞºĞ°Ğ½Ğ°Ğ» | Channel 9",1
"Caylus  ",1
"Rustam Raxmonov",1
kemio,1
"Ğ›Ğ¾Ñ€Ğ´ Ğ¢Ñ€ĞµĞ¿ÑƒÑ‚Ğ¸Ğ½",1
"La La Leben Shorts",1
"Pitch Meeting",1
"Mirjon Ashrapov",1
Grelo,1
"Ğ”Ğ¶ĞµĞ½Ñ‚Ğ»ÑŒĞ¼ĞµĞ½Ñ‹ Ğ¡Ğ¸Ğ½Ğ´Ğ¸ĞºĞ°Ñ‚Ğ°",1
"Ğ”Ğ¼Ğ¸Ñ‚Ñ€Ğ¸Ğ¹ ĞŸĞĞ¢ĞĞŸĞ•ĞĞšĞ",1
"Boxing King Media",1
Ospenarium,1
å¦–å¤¢ã®ã¿ã‚‡ã‚“ãªãŠæ–™ç†ã¡ã‚ƒã‚“ã­ã‚‹,1
"JRK 19",1
"C Ce Soir - France TÃ©lÃ©visions",1
"Mrs. Allen",1
"Funny Parent-Child Videos",1
"ĞĞ°ÑˆĞµ Ğ”ĞµĞ»Ğ¾ Ğ¡Ñ‚ÑƒĞ´Ğ¸Ñ +",1
"Dany Ku",1
"Ğ¢ĞµĞ»ĞµĞºĞ°Ğ½Ğ°Ğ» ĞŸÑ€ÑĞ¼Ğ¸Ğ¹",1
"Ğ”Ğ½ĞµĞ²Ğ½Ğ¸Ğº Ğ”ĞµĞ¿ÑƒÑ‚Ğ°Ñ‚Ğ°",1
YOVNGCHIMI,1
"Ğ£Ğ´Ğ¸Ğ²Ğ¸Ñ‚ĞµĞ»ÑŒĞ½Ñ‹Ğ¹ ĞœĞ¸Ñ€",1
"Uzeyir Production Official",1
"Talk My Football",1
Ğ˜Ğ¼Ğ¼Ğ¾Ñ€Ñ‚Ğ°Ğ»Ğ¸ÑƒÑ,1
Ğ”ĞĞĞ˜Ğš,1
"NLE CHOPPA",1
"Daily Funny Jokes",1
rickyandbritney,1
"Ğ”ĞœĞ˜Ğ¢Ğ Ğ˜Ğ™ Ğ‘Ğ£Ğ¢ĞĞ ĞĞ’",1
"BY STEP",1
"Le dessous des images - ARTE",1
"John Force Racing",1
"MarÃ­lia Tavares",1
CanalGov,1
"Grupo Firme",1
MUZLOFT,1
KeniaOSVEVO,1
Bandsports,1
ã€å…¬å¼ã€‘ã‚ªãƒ¢ã‚³ãƒ­ãƒãƒ£ãƒ³ãƒãƒ«ã®ã‹ã‘ã‚‰,1
"ĞĞ»ĞµĞºÑĞ°Ğ½Ğ´Ñ€ Ğ”Ğ¾Ğ±Ñ€Ğ¾Ğ½Ñ€Ğ°Ğ²Ğ¾Ğ²",1
"Juliette Katz",1
"Ğ Ğ¿Ğ¾Ğ³Ğ¾Ğ²Ğ¾Ñ€Ğ¸Ñ‚ÑŒ?",1
"Jake Carlini",1
"ĞĞ»ĞµĞºÑĞ°Ğ½Ğ´Ñ€ ĞĞµĞ²Ğ·Ğ¾Ñ€Ğ¾Ğ²",1
ĞšĞ¾Ğ¼Ğ¼ĞµĞ½Ñ‚.Ğ¨Ğ¾Ñƒ,1
"Standoff 2",1
"Ğ‘Ğ¾Ğ»ÑŒÑˆĞ¾Ğ¹ Ñ‚ĞµÑÑ‚-Ğ´Ñ€Ğ°Ğ¹Ğ²",1
"TNT Sports Boxing",1
"ĞĞŸĞĞ¡ĞĞ«Ğ™ ĞŸĞĞ›ĞšĞĞ’ĞĞ˜Ğš",1
æç¬‘çš„æµ·å¦¹,1
Ğ¥ĞĞ‘Ğ˜Ğ‘,1
"THE BOX",1
"Guinness World Records",1
Natoo,1
"Ğ˜Ğ½Ñ„Ğ¾Ñ€Ğ¼ TV",1
"Fallout Plays",1
"LeoJ Makeup",1
LeBouseuh,1
"O Jean Luca",1
"é¢¨æ¥½å¥æ–— / Fura Kanato ",1
Eve,1
Robzi,1
"GaviÃµes TV Oficial",1
"Anthony Uly",1
"Michael Irvin",1
"Fengjie Family Joke",1
CLARÃN,1
"The People's Court",1
"ç™½é›ª å·´/Shirayuki Tomoe",1
ã‘ã‚“ã,1
å¥‹æ–—çš„é˜¿é¾™,1
"Rooster Time",1
HiMan,1
TeamFourStar,1
"Ğ¡Ğ¸Ğ»Ğ° Ğ¡Ğ»Ğ¾Ğ²Ğ°",1
Andiematronic,1
"ĞŸĞ¾Ğ»Ğ¸Ñ‚Ğ¸ĞºĞ° ÑĞµĞ³Ğ¾Ğ´Ğ½Ñ  -  DENIX-INFO",1
"Aphmau Shuki",1
"Ğ‘ÑƒĞ´Ğ½Ğ¸ Ğ´Ğ°Ğ»ÑŒĞ½Ğ¾Ğ±Ğ¾Ğ¹Ñ‰Ğ¸Ñ†Ñ‹ Merdgio Life",1
å¼€å¿ƒbaby,1
"Matt's Off Road Recovery",1
"Cool Tool SHORTS Arabic",1
"Signified B Sides",1
"Gustavo Mioto",1
"Stand-Up Club #1",1
"Lucas Studio",1
"Ğ•Ğ²Ğ³ĞµĞ½Ğ¸Ğ¹ ĞšĞ¾Ğ»Ğ¾Ğ´Ñ†ĞµĞ² ĞšĞ°Ñ€ĞµĞ»Ğ¸Ñ",1
"ĞœĞ£Ğ— Ğ—ĞĞ›ĞĞ¢Ğ",1
TheKidLAROIVEVO,1
KPOWERtuning,1
"ĞœÑƒÑ…Ñ‚Ğ°Ñ€ ĞĞ±Ğ»ÑĞ·Ğ¾Ğ²",1
"ĞŸĞ Ğ˜Ğ¯Ğ¢ĞĞ«Ğ™ Ğ˜Ğ›Ğ¬Ğ”ĞĞ ",1
"Okayu Ch. çŒ«åˆãŠã‹ã‚†",1
"Poli Landim",1
Ğ¡Ñ‚Ñ€Ğ°Ğ½Ğ°.ua,1
"Red Bull USA",1
"AuRuM TV",1
2kxaoc,1
TiaGOL,1
Onerb,1
"BROTHERS VLOG",1
"5-Minute Crafts HOUSE",1
"vlad pergler",1
"Edward Bil",1
"EVA mash",1
"SBT News",1
"adam zubayraev",1
"Daily Mail",1
"CGTN Ğ½Ğ° Ñ€ÑƒÑÑĞºĞ¾Ğ¼",1
"Kan Andrey",1
"Daniil le Russe",1
NewsNation,1
"triple j",1
"Lumea La La Emoji",1
Depielo,1
H1kH,1
"CBS Colorado",1
"Jesse James West",1
"Yasu familyãƒãƒ£ãƒ³ãƒãƒ«",1
"Lenie - Topic",1
"Trev and Chels",1
"Vazachka ",1
"Om TV",1
Thoughty2,1
"RebeuDeter 2.0",1
"TheSoul Music Flow",1
ã¾ãµã¾ãµã¡ã‚ƒã‚“ã­ã‚‹,1
"Lulu ronce de noyer",1
"ĞĞ½Ñ‚Ğ¾Ğ½ Ğ§ĞµÑ€ĞµĞ´Ğ½Ğ¸Ñ‡ĞµĞ½ĞºĞ¾ - Anton Cherednichenko",1
"Ğ˜ Ñ‚Ğ°Ğº Ğ±Ñ‹Ğ²Ğ°ĞµÑ‚",1
ScroogeTV,1
Supercars,1
"RAAVA MUSIC",1
"Ricardo Molina USA",1
ã‚¦ã‚§ã‚¶ãƒ¼ãƒ‹ãƒ¥ãƒ¼ã‚¹,1
GAMINGbible,1
"Snack Chat",1
"Gummy Dora",1
FROST,1
"24 ĞšĞ°Ğ½Ğ°Ğ»",1
"Janaele em Cena",1
"John Malecki Unscrewed",1
EminOfficial,1
"Ğ‘Ğ¾Ğ³ ĞµÑÑ‚ÑŒ!",1
çµ‚ã‚ã£ãŸäºº,1
å…ƒæœ¨å¤§ä»‹ãƒãƒ£ãƒ³ãƒãƒ«,1
NHL,1
"FÃ¡tima Bernardes",1
"Ğ¡Ñ‚Ğ°Ñ ĞÑ€Ğ½Ğ¸Ğº Shorts",1
"Sarvinoz Ruziyeva",1
"ĞÑ€Ñ‚ÑƒÑ€ Ğ‘Ğ°Ğ±Ğ¸Ñ‡",1
CidadeAlertaRecord,1
"Mickey Views",1
"Jelly Roll - Topic",1
"ĞŸĞ°Ñ€Ğº Ğ›ÑŒĞ²Ğ¾Ğ² Ğ¢Ğ°Ğ¹Ğ³Ğ°Ğ½. Ğ¢Ğ°Ñ‚ÑŒÑĞ½Ğ° ĞĞ»ĞµĞºÑĞ°Ğ³Ğ¸Ğ½Ğ°.",1
Mazizien,1
"New England Patriots",1
Tfue,1
"Inspired By Jesus",1
Hassan,1
"The Stella Show",1
NZC,1
"Adam LZ",1
"Mrs.GREEN APPLE - Topic",1
Ğ’ĞµĞ»Ñ,1
"Lucas Cordeiro",1
"The Rich Eisen Show",1
"ĞœĞ°ĞºÑ Ğ’Ğ°Ñ‰ĞµĞ½ĞºĞ¾",1
"Ğ–ĞµĞ½Ñ Ğ›Ğ¸Ğ·Ğ¾Ğ³ÑƒĞ±",1
"DH Animation RUS",1
TommyInnit,1
"Swati Monga",1
"ĞĞ»ĞµĞºÑĞµĞ¹ Ğ“Ğ¾Ğ½Ñ‡Ğ°Ñ€ĞµĞ½ĞºĞ¾",1
"mistermv - Clips officiels",1
GEVALO29,1
"Scott Manley",1
æç¬‘ç‘å§,1
"BossMan Dlow",1
"Big Ten Network",1
