Palavra_chave,Numero_de_usos
the,280
VidÃ©o,276
music,201
News,198
Funny,186
Game,186
de,179
of,174
football,170
gaming,165
Games,162
live,155
highlights,147
sports,144
TV,141
Comedy,129
league,128
and,127
New,127
videos,125
official,120
YouTube,118
minecraft,112
vlog,106
A,105
World,102
to,101
soccer,100
best,99
Gameplay,96
do,94
challenge,91
TOP,87
channel,83
entertainment,78
2,78
show,73
Series,72
life,72
fortnite,70
podcast,70
tiktok,68
family,67
shorts,67
futebol,63
on,62
diy,62
Animation,61
reviews,61
Fun,60
canal,60
da,60
How,60
review,58
pop,58
e,58
in,58
Ğ½Ğ¾Ğ²Ğ¾ÑÑ‚Ğ¸,56
Anime,55
car,55
Reaction,54
movies,53
trailer,53
Champions,53
La,53
basketball,51
play,51
Man,51
movie,51
food,51
NBA,50
rap,50
Brasil,50
vlogs,49
Sport,49
Full,48
songs,48
1,47
Premier,47
cup,47
Roblox,46
ufc,46
5,46
Online,46
Real,46
cars,45
NFL,45
super,45
fox,45
fight,44
tutorial,43
mma,43
pro,43
Club,43
kpop,42
france,42
JAPAN,42
United,42
house,41
Ğ½Ğ°,41
tips,41
moments,40
humour,40
&,40
One,40
Vtuber,40
science,40
Battle,39
Futbol,39
Team,39
2024,38
vevo,38
humor,38
All,38
film,37
no,37
Ğ²,37
interview,37
black,37
ã‚²ãƒ¼ãƒ ,36
big,36
tour,36
MLB,36
FC,36
breaking,36
for,36
ao,35
Adventure,35
Stars,35
Media,34
liga,34
I,34
challenges,34
star,34
mÃºsica,33
FIFA,33
3,33
first,33
vs,33
ÑĞ¼Ğ¾Ñ€,33
ESPN,33
night,33
mobile,33
travel,33
fashion,33
City,32
ĞºĞ°Ğ½Ğ°Ğ»,32
education,32
America,31
gamer,31
song,31
legends,31
update,31
stream,31
tech,31
Culture,30
10,30
xbox,30
Action,29
vivo,29
Royale,29
Boxing,29
Ñ€Ğ¾ÑÑĞ¸Ñ,29
International,29
Ğ¾Ğ±Ğ·Ğ¾Ñ€,29
tik,29
tok,29
ã‚¢ãƒ‹ãƒ¡,29
interviews,29
up,28
test,28
x,28
Ğ¸,28
with,28
Copa,28
records,28
it,28
television,28
Goals,28
history,28
Free,27
watch,27
Lifestyle,27
friendly,27
4,27
nintendo,27
beauty,27
Mike,27
kids,27
å®Ÿæ³,27
PC,27
stories,27
Baseball,27
Manchester,27
memes,27
Space,27
Creative,26
PokÃ©mon,26
home,26
le,26
Ğ²Ğ¸Ğ´ĞµĞ¾,26
Red,26
daily,26
Girl,26
prank,26
today,26
Rugby,26
My,26
Story,25
Analysis,25
dance,25
build,25
gta,25
you,25
æ­Œã£ã¦ã¿ãŸ,25
en,25
uk,25
technology,25
day,25
ronaldo,25
art,24
Original,24
twitch,24
rock,24
Brawl,24
James,24
pranks,24
Call,24
Ryan,24
Disney,23
Marvel,23
let's,23
PlayStation,23
school,23
F1,23
us,23
talk,23
War,23
speed,22
Network,22
Training,22
commentary,22
2020,22
Project,22
LoL,22
SECRET,22
Mario,22
ÑƒĞºÑ€Ğ°Ğ¸Ğ½Ğ°,22
get,22
Is,22
youtuber,21
shows,21
hip,21
hop,21
bruno,21
na,21
Ğ¸Ğ³Ñ€Ñ‹,21
vida,21
ã‚²ãƒ¼ãƒ å®Ÿæ³,21
Casa,21
24,21
o,21
Take,21
old,21
couple,21
noticias,21
jack,21
Studio,21
meme,21
cartoons,21
latest,21
FR,21
grand,21
v,21
make,20
Epic,20
Good,20
studios,20
libertadores,20
sÃ©rie,20
drÃ´le,20
du,20
ps5,20
VR,20
reality,20
College,20
racing,20
weather,20
Melhores,20
drama,20
COD,20
love,20
Zelda,20
Engineering,20
viral,20
asmr,20
sketch,20
paul,20
Time,20
fitness,20
cinÃ©ma,20
KING,19
ben,19
dream,19
2022,19
Ğ¸Ğ½Ñ‚ĞµÑ€Ğ²ÑŒÑ,19
Survival,19
Ğ°Ğ²Ñ‚Ğ¾,19
white,19
UEFA,19
Me,19
cooking,19
Wrestling,19
Oficial,19
React,19
Clips,19
matt,19
Android,19
Ğ¿Ğ¾Ğ»Ğ¸Ñ‚Ğ¸ĞºĞ°,19
fast,19
ĞºĞ°Ğº,19
David,19
fire,19
hacks,19
plays,19
fs1,19
BTS,18
American,18
Design,18
2023,18
brasileirÃ£o,18
Baby,18
Ğ¾Ğ½Ğ»Ğ°Ğ¹Ğ½,18
Sky,18
politics,18
match,18
supercell,18
animations,18
jordan,18
Record,18
gadgets,18
hilarious,18
Ultimate,18
Duty,18
Formula,18
Gabriel,18
ã«ã˜ã•ã‚“ã˜,18
combat,17
Style,17
Jeux,17
skits,17
park,17
Paulo,17
Ball,17
3d,17
Short,17
hot,17
eu,17
que,17
street,17
Behind,17
Messi,17
Fantasy,17
AUSTRALIA,17
sertanejo,17
ÑĞµĞ³Ğ¾Ğ´Ğ½Ñ,17
National,17
lil,17
des,17
Arsenal,17
we,17
Jake,17
Squad,17
playoffs,17
los,17
professional,17
nijisanji,17
smith,17
martial,16
Captain,16
Content,16
iphone,16
PS4,16
Ğ¾Ğ±Ğ·Ğ¾Ñ€Ñ‹,16
makeup,16
Ğ·Ğ°,16
TNT,16
mundo,16
young,16
Brasileiro,16
Campeonato,16
el,16
Ğ¨Ğ¾Ñƒ,16
power,16
cook,16
Riot,16
jogo,16
scenes,16
é‡çƒ,16
foot,16
streaming,16
apple,16
films,16
Animal,16
Hollywood,16
hd,16
Horror,16
paris,16
chef,16
iOS,16
Golf,16
animated,16
theory,16
Alex,16
Mr,16
U,16
modern,16
prime,16
Summer,16
York,16
ãƒ‹ãƒ¥ãƒ¼ã‚¹,16
reacts,16
mods,16
Tricks,16
USA,16
Warzone,16
angeles,16
EPL,16
crazy,16
gol,16
farm,16
stephen,16
road,16
Just,15
building,15
Women's,15
b,15
compilation,15
nhl,15
em,15
girlfriend,15
Davis,15
Joe,15
Mark,15
Flamengo,15
at,15
plus,15
SÃ£o,15
Brothers,15
cartoon,15
FPS,15
cricket,15
automotive,15
rpg,15
Zero,15
Netflix,15
Ğ²Ğ»Ğ¾Ğ³,15
Madrid,15
indie,15
shop,15
local,15
woodworking,15
NASA,15
what,15
lets,15
Trending,15
j,15
classic,14
Magic,14
rainbow,14
arts,14
familia,14
jeu,14
divertissement,14
Moon,14
åˆ‡ã‚ŠæŠœã,14
Ğ¼ÑƒĞ·Ñ‹ĞºĞ°,14
Esporte,14
england,14
Ğ¸Ğ·,14
parody,14
#shorts,14
hoje,14
Champion,14
amazing,14
band,14
garage,14
Grace,14
girls,14
mystery,14
Tennis,14
Drive,14
will,14
builds,14
Funk,14
Major,14
making,14
projects,14
this,14
atlantic,14
Tutorials,14
Fishing,14
lucas,14
ã‚¹ãƒãƒ¼ãƒ„,14
afc,14
craft,14
guide,14
Pat,14
Green,13
Awards,13
harry,13
hack,13
friends,13
roleplay,13
Comic,13
Fan,13
john,13
viagem,13
Ninja,13
south,13
Tom,13
Anthony,13
Your,13
para,13
podcasts,13
Ñ€Ğ¾ÑÑĞ¸Ğ¸,13
Lyrics,13
ĞŸÑ€Ğ¸ĞºĞ¾Ğ»Ñ‹,13
recipe,13
drag,13
smash,13
engine,13
morning,13
josÃ©,13
Switch,13
franÃ§ais,13
Europa,13
Fernandes,13
dicas,13
ãƒ—ãƒ­é‡çƒ,13
off,13
shopping,13
R&B,13
crime,13
Automobile,13
bmw,13
valorant,13
Ops,13
Warfare,13
dc,13
NBC,13
garcia,13
Ferrari,13
III,13
ALBUM,13
academy,13
ko,13
é›‘è«‡,13
Pictures,13
kai,13
Instagram,12
Comics,12
actu,12
master,12
GO,12
laugh,12
little,12
et,12
Fury,12
Ğ¸ÑÑ‚Ğ¾Ñ€Ğ¸Ğ¸,12
Ñ€ÑƒÑÑĞºĞ¾Ğ¼,12
Ğ¿ĞµÑĞ½Ğ¸,12
Jogos,12
6,12
Out,12
Ghost,12
halloween,12
Clash,12
Fighting,12
mrbeast,12
Israel,12
voice,12
comedia,12
room,12
Championship,12
audio,12
artist,12
nao,12
Conor,12
McGregor,12
Moto,12
Tottenham,12
monday,12
Late,12
Auto,12
son,12
Blue,12
Rocket,12
cristiano,12
100,12
Justin,12
sidemen,12
chaine,12
breakdown,12
Direct,12
ActualitÃ©,12
æ–™ç†,12
Richard,12
Zombies,12
crafts,12
babymonster,12
sun,12
Nation,12
esports,12
shots,12
ã‚«ãƒãƒ¼,12
Celebrity,12
Steve,12
ÑƒĞºÑ€Ğ°Ğ¸Ğ½Ñ‹,12
kitchen,12
Shannon,12
Montage,12
Conference,11
course,11
iron,11
YG,11
ì™€ì´ì§€,11
CONMEBOL,11
psg,11
party,11
episodes,11
Universe,11
season,11
23,11
bundesliga,11
mod,11
entretenimento,11
remix,11
event,11
NOW,11
Ğ°Ğ½Ğ¸Ğ¼Ğ°Ñ†Ğ¸Ñ,11
Dragon,11
com,11
cover,11
ĞĞ¾Ğ²Ğ¸Ğ½Ğ¸,11
Tyson,11
web,11
Bad,11
London,11
Loud,11
Ğ¢Ğ¾Ğ¿,11
six,11
learn,11
tuto,11
monde,11
Neymar,11
Santos,11
skills,11
sketches,11
æ˜ ç”»,11
les,11
K-pop,11
ì¼€ì´íŒ,11
digital,11
Jesus,11
vlogger,11
Australian,11
State,11
vintage,11
Kevin,11
mac,11
unboxing,11
tony,11
Liverpool,11
chris,11
Ğ¼Ğ°Ğ¹Ğ½ĞºÑ€Ğ°Ñ„Ñ‚,11
every,11
experiment,11
secrets,11
S,11
ABC,11
nick,11
fa,11
Mixed,11
Hacker,11
Draft,11
information,11
Ğ¿ÑƒÑ‚Ğ¸Ğ½,11
brad,11
goal,11
Inside,11
speedrun,11
II,11
ideas,11
jypentertainment,11
ì œì´ì™€ì´í”¼ì—”í„°í…Œì¸ë¨¼íŠ¸,11
ì§€ë¯¼,11
haul,11
gear,11
Charles,11
alternative,11
Jason,11
amp,11
cenat,11
maker,11
monster,11
FIGHTS,11
box,10
golden,10
æç¬‘è§†é¢‘,10
Ğ²Ğ¾Ğ¹Ğ½Ğ°,10
exo,10
GG,10
max,10
Sudamericana,10
Kirby,10
China,10
astronomy,10
Sharpe,10
explained,10
reportage,10
soul,10
magazine,10
Rage,10
Wolf,10
nos,10
sims,10
troll,10
retro,10
Sony,10
Attack,10
momentos,10
trick,10
hololive,10
Joshua,10
Business,10
rapper,10
West,10
chicago,10
grande,10
originals,10
singer,10
Deportes,10
mundial,10
Perfect,10
Player,10
mmo,10
kane,10
ÑÑ‚Ñ€Ğ¸Ğ¼,10
clan,10
Ñ‡ĞµĞ»Ğ»ĞµĞ½Ğ´Ğ¶,10
Ğ‘Ğ¾Ğ¸,10
dos,10
VÃ­ctor,10
ã‚µãƒƒã‚«ãƒ¼,10
ãƒãƒ¼ãƒãƒ£ãƒ«youtuber,10
app,10
Gols,10
Palmeiras,10
documentary,10
BoA,10
by,10
farming,10
Trailers,10
ãŠç¬‘ã„,10
telugu,10
Origin,10
trip,10
Ğ¿Ñ€Ğ¾Ñ…Ğ¾Ğ¶Ğ´ĞµĞ½Ğ¸Ğµ,10
Andy,10
beyonce,10
republic,10
British,10
concert,10
Chelsea,10
Warner,10
Ñ‚Ğ¸ĞºÑ‚Ğ¾Ğº,10
taste,10
press,10
Ğ¿Ñ€ÑĞ¼Ğ¾Ğ¹,10
ÑÑ„Ğ¸Ñ€,10
men,10
Ñ€ĞµĞ°ĞºÑ†Ğ¸Ñ,10
como,10
guy,10
Ğ´Ğ»Ñ,10
updates,10
Ice,10
run,10
SpaceX,10
or,10
that,10
preston,10
20,10
Asian,10
Jones,10
FaZe,10
Ğ¼Ğ¼Ğ°,10
hero,10
histoire,10
cat,10
Ğ¸ÑÑ‚Ğ¾Ñ€Ğ¸Ñ,10
Ğ¿Ğ¾ÑĞ»ĞµĞ´Ğ½Ğ¸Ğµ,10
Ğ±Ğ»Ğ¾Ğ³,10
Cold,10
Infinite,10
PREMIERE,10
lim,10
Metal,10
eating,10
Japanese,10
social,10
steam,10
Ñ,10
Are,10
Alejandro,9
Cosplay,9
Superhero,9
Guys,9
os,9
PvP,9
week,9
not,9
vine,9
voyage,9
Dr,9
Hunter,9
Manga,9
Sword,9
desafios,9
engraÃ§ado,9
ã•ãã‚‰ã¿ã“,9
ãƒ›ãƒ­ãƒ©ã‚¤ãƒ–,9
å…ç”°ãºã“ã‚‰,9
å¤§ç¥ãƒŸã‚ª,9
å¤§ç©ºã‚¹ãƒãƒ«,9
å®é˜ãƒãƒªãƒ³,9
æˆŒç¥ã“ã‚ã­,9
æ¹Šã‚ãã‚,9
çŒ«åˆãŠã‹ã‚†,9
ç™½ä¸Šãƒ•ãƒ–ã‚­,9
Mayweather,9
Blackpink,9
pewdiepie,9
Ğ°Ğ²Ñ‚Ğ¾Ğ¿Ğ¾Ğ´Ğ±Ğ¾Ñ€,9
Ñ‚Ğ²,9
dia,9
ellen,9
Five,9
FNAF,9
Lego,9
fabio,9
rodrigo,9
vitÃ³ria,9
mmorpg,9
ex,9
Ğ”Ñ€Ğ°Ğ¹Ğ²,9
boat,9
mustang,9
turbo,9
skit,9
AÃ­,9
ForrÃ³,9
apex,9
Hardcore,9
Ferran,9
yt:cc=on,9
Ñ‚Ğ¸Ğº,9
bola,9
Walkthrough,9
felipe,9
actualitÃ©s,9
info,9
IShowSpeed,9
playtime,9
truck,9
hoyoverse,9
Zone,9
Sydney,9
Squeezie,9
megan,9
country,9
FLOW,9
Melhor,9
Cute,9
tiny,9
Bros.,9
Bukayo,9
Dana,9
GP,9
Saka,9
UCL,9
WWE,9
van,9
check,9
tournament,9
blog,9
Shot,9
royalty,9
heavy,9
Elon,9
Musk,9
true,9
hit,9
treino,9
motor,9
trucks,9
carabao,9
MC,9
english,9
India,9
wars,9
motorsport,9
milan,9
easy,9
george,9
ÑĞ¼Ğ¾Ñ‚Ñ€ĞµÑ‚ÑŒ,9
Feminino,9
ligue,9
parkour,9
mr.,9
bodybuilding,9
jitsu,9
jiu,9
celebrities,9
books,9
collection,9
Chapter,9
azelart,9
beast,9
Jeremy,9
Twins,9
boys,9
mars,9
Glitch,9
Dan,9
Hood,9
yourself,9
Brown,9
personal,9
Spurs,9
camping,9
satire,9
luis,9
Kart,9
A.,9
Countdown,9
McAfee,9
OM,9
year,9
queen,9
deep,9
Halo,9
tu,8
mais,8
7,8
carros,8
Lake,8
san,8
Two,8
éŸ³æ¥½,8
way,8
Outdoors,8
worlds,8
Fix,8
sporting,8
NCT,8
ë ˆë“œë²¨ë²³,8
ì†Œë…€ì‹œëŒ€,8
ì—‘ì†Œ,8
child,8
gareth,8
Essays,8
mix,8
Ğ¾Ñ‚,8
Knockout,8
avengers,8
budget,8
Facts,8
Legend,8
XL,8
KSI,8
PortuguÃªs,8
restaurant,8
hulk,8
lore,8
SportsCenter,8
Agent,8
Dennis,8
Duke,8
Exotic,8
repair,8
Galaxy,8
cuisine,8
Houston,8
CBS,8
documentaire,8
rp,8
Costume,8
cool,8
å®¶åº­æ¬¢ä¹,8
å®¶åº­è¶£äº‹,8
florida,8
BR,8
ãƒã‚±ãƒ¢ãƒ³,8
fail,8
parodie,8
Console,8
Naruto,8
pe,8
æ˜Ÿè¡—ã™ã„ã›ã„,8
ÑƒĞºÑ€Ğ°Ñ—Ğ½Ğ°,8
Canelo,8
Deontay,8
Wilder,8
Rules,8
clip,8
mode,8
Ğ»ÑƒÑ‡ÑˆĞ¸Ğµ,8
belle,8
musicas,8
ariana,8
shawn,8
kid,8
final,8
crew,8
Brasileira,8
Ğ¢ĞµÑÑ‚,8
Nerd,8
High,8
Streams,8
clans,8
rush,8
race,8
gold,8
2021,8
å®¶æ—,8
programa,8
Barcelona,8
Fort,8
Ñ‚Ğ¾Ğº,8
AZKi,8
ã‚¢ã‚­ãƒ»ãƒ­ãƒ¼ã‚¼ãƒ³ã‚¿ãƒ¼ãƒ«,8
ã¨ãã®ãã‚‰,8
ãƒ›ãƒ­ãƒ©ã‚¤ãƒ–ã‚²ãƒ¼ãƒãƒ¼ã‚º,8
ãƒ­ãƒœå­ã•ã‚“,8
ä¸çŸ¥ç«ãƒ•ãƒ¬ã‚¢,8
å¤è‰²ã¾ã¤ã‚Š,8
ç™’æœˆã¡ã‚‡ã“,8
ç™½éŠ€ãƒã‚¨ãƒ«,8
ç™¾é¬¼ã‚ã‚„ã‚,8
ç´«å’²ã‚·ã‚ªãƒ³,8
èµ¤äº•ã¯ã‚ã¨,8
17,8
Work,8
Corinthians,8
circus,8
poppy,8
vie,8
rebuild,8
jschlatt,8
robin,8
Nicole,8
Community,8
Ñ‚ĞµĞ»ĞµĞºĞ°Ğ½Ğ°Ğ»,8
launch,8
Dragons,8
standup,8
Bass,8
renato,8
hard,8
teaser,8
ãƒ†ãƒ¬ãƒ“,8
Khabib,8
Olympics,8
Salah,8
blind,8
find,8
mythical,8
Metroid,8
Pikmin,8
Rober,8
Ğ±Ğ¸Ğ·Ğ½ĞµÑ,8
rivera,8
kbs,8
í•œêµ­ë°©ì†¡,8
matter,8
sub,8
fabrication,8
husband,8
wife,8
amazon,8
chat,8
4x4,8
Leo,8
edge,8
working,8
Physics,8
9,8
Everyday,8
say,8
utd,8
Extreme,8
multiplayer,8
inter,8
Jon,8
Sean,8
MW2,8
Winter,8
esportes,8
crash,8
simon,8
ac,8
Custom,8
Trump,8
illustration,8
list,8
simulator,8
DMZ,8
group,8
twice,8
radio,8
Ñ‡Ñ‚Ğ¾,8
rnb,8
sunmi,8
ì„ ë¯¸,8
ì›ë”ê±¸ìŠ¤,8
supercars,8
reacting,8
pov,8
entrevista,8
study,8
from,8
BJJ,8
knockouts,8
workout,8
romance,8
Ğ½Ğµ,8
juventus,8
4k,8
bull,8
Mine,8
teen,8
Like,8
DAZN,8
boy,8
Confederation,7
phoenix,7
download,7
more,7
cnn,7
sudamericano,7
volta,7
Ğ°Ğ²Ñ‚Ğ¾Ğ¼Ğ¾Ğ±Ğ¸Ğ»Ğ¸,7
lofi,7
i'm,7
curry,7
lebron,7
Female,7
Martin,7
ĞšĞ¸Ğ½Ğ¾,7
gems,7
ĞºĞ°Ğ¼ĞµĞ´Ğ¸,7
ÑÑ‚ÑƒĞ±,7
vods,7
Head,7
Paradise,7
Lions,7
universal,7
bale,7
mourinho,7
bros,7
BIGBANG,7
SOL,7
ë¹…ë±…,7
system,7
ELITE,7
spy,7
relatable,7
Jeep,7
hour,7
skyrim,7
Hammond,7
Open,7
Exclusive,7
silva,7
TKO,7
ManningCast,7
Podcasting,7
MbappÃ©,7
impressions,7
minute,7
Shield,7
Texas,7
grealish,7
Mass,7
Catch,7
ë°©íƒ„ì†Œë…„ë‹¨,7
schedule,7
Miss,7
Colorado,7
electric,7
sur,7
judo,7
2D,7
Interactive,7
Storytelling,7
Production,7
pixar,7
Ğ¿Ñ€Ğ¾,7
å®¶åº­æ—¥å¸¸,7
goat,7
Educational,7
africa,7
dj,7
ts4,7
gmod,7
compilations,7
try,7
DiversÃ£o,7
canada,7
hockey,7
ÑĞºĞµÑ‚Ñ‡Ğ¸,7
Alvarez,7
Devin,7
Gervonta,7
Haney,7
Spence,7
WBC,7
God,7
sunday,7
gabi,7
Cozinha,7
desafio,7
bulls,7
Clube,7
nights,7
Back,7
Thinking,7
Ğ¡Ğ¿Ğ¾Ñ€Ñ‚,7
joao,7
nations,7
fazenda,7
Angry,7
skin,7
Ğ¶Ğ¸Ğ·Ğ½Ğ¸,7
ford,7
honda,7
Jr,7
Bellator,7
Russia,7
Dani,7
Joan,7
Marc,7
Ğ°Ğ»ĞµĞºÑĞµĞ¹,7
atlanta,7
Lara,7
politique,7
sociÃ©tÃ©,7
Adesanya,7
æ±æ–¹ç¥èµ·,7
carro,7
ÑÑ‚Ñ€Ğ¸Ğ¼Ñ‹,7
2019,7
èŠ¸äºº,7
Ğ²ÑĞµ,7
people,7
Ñ€ÑƒĞºĞ°Ğ¼Ğ¸,7
actor,7
special,7
performance,7
gameplays,7
11,7
Billy,7
miHoYo,7
Soldier,7
degustation,7
Nine,7
Michou,7
Rire,7
Pink,7
hiphop,7
Ğ¿Ñ€Ğ¾Ğ²ĞµÑ€ĞºĞ°,7
Lopez,7
Haaland,7
Nurmagomedov,7
Ğ¸Ğ³Ñ€Ğ°,7
living,7
Ğ½Ğ¾Ğ²Ñ‹Ğ¹,7
fancy,7
link,7
Crossing,7
Wii,7
Sam,7
Station,7
seattle,7
alan,7
chicken,7
break,7
dollar,7
çµŒæ¸ˆ,7
academia,7
salt,7
they,7
rashford,7
Trap,7
skins,7
Fighter,7
Octagon,7
recaps,7
Boston,7
breakdowns,7
spider-man,7
Espace,7
VI,7
Ğ±Ğ¾ĞºÑ,7
Bar,7
ã‚†ã£ãã‚Šå®Ÿæ³,7
Beta,7
vogue,7
shooting,7
Overwatch,7
anna,7
roca,7
finanÃ§as,7
Ğ·ĞµĞ»ĞµĞ½ÑĞºĞ¸Ğ¹,7
ÑÑˆĞ°,7
Analise,7
after,7
andrea,7
FUT,7
goalkeeper,7
è§’è‰²æ‰®æ¼”,7
aespa,7
ì—ìŠ¤íŒŒ,7
guides,7
Chronicles,7
MW3,7
Ğ¶Ğ¸Ğ·Ğ½ÑŒ,7
clothing,7
ì˜ˆì€,7
sir,7
trahan,7
saudi,7
ferreira,7
dota,7
plants,7
videogames,7
Glory,7
korea,7
joy,7
Item,7
BMX,7
Logan,7
face,7
ipad,7
cats,7
Dallas,7
competitive,7
ãƒ¡ã‚¤ã‚¯,6
princess,6
self,6
Adventures,6
Superheroes,6
bande,6
Reactions,6
trend,6
MÃ£e,6
amapiano,6
fails,6
Ğ¿Ğ¾Ğ´ĞºĞ°ÑÑ‚,6
Punch,6
exploration,6
Piece,6
casal,6
hair,6
ÑƒĞºÑ€Ğ°Ñ—Ğ½Ğ¸,6
Ali,6
Kiss,6
Lonely,6
Brother,6
Receitas,6
morgan,6
renovation,6
mendes,6
songwriter,6
MengÃ£o,6
Boxeo,6
LaLIga,6
ĞĞ»ĞµĞºÑĞ°Ğ½Ğ´Ñ€,6
Ğ¿Ğ¾,6
Ğ¿ÑƒÑ‚ĞµÑˆĞµÑÑ‚Ğ²Ğ¸Ñ,6
closed,6
multiply,6
cash,6
sabrina,6
mercado,6
runescape,6
Clancy,6
e3,6
recipes,6
jour,6
ocean,6
Ğ¸Ğ½Ñ‚ĞµÑ€ĞµÑĞ½Ñ‹Ğµ,6
Assistir,6
Bastidores,6
Amor,6
Piseiro,6
Ğ‘Ğ¸Ñ‚Ğ²Ğ°,6
Ğ¥Ğ°Ğ¹Ğ¿,6
CAMP,6
FCB,6
Ø§Ù„Ù‚Ø¯Ù…,6
ÙƒØ±Ø©,6
å¤œç©ºãƒ¡ãƒ«,6
æ½¤ç¾½ã‚‹ã—ã‚,6
youtubers,6
brazil,6
infos,6
Middleweight,6
Dungeons,6
henrique,6
California,6
Kingdom,6
camera,6
romantico,6
jump,6
KCON,6
MEXICO,6
ÑĞ²Ğ¾Ğ¸Ğ¼Ğ¸,6
porsche,6
blade,6
firefly,6
å´©å£Šã‚¹ã‚¿ãƒ¼ãƒ¬ã‚¤ãƒ«,6
maquillage,6
hours,6
Ğ±ĞµĞ·,6
ĞšĞ°Ğ·Ğ°Ñ…ÑÑ‚Ğ°Ğ½,6
Broncos,6
Eagles,6
NRL,6
Players,6
Warriors,6
sbt,6
Ñ€Ğ¾Ğ±Ğ»Ğ¾ĞºÑ,6
ÑÑ‚ĞµĞ½Ğ´Ğ°Ğ¿,6
Inoxtag,6
äº²å­äº’åŠ¨,6
LIV,6
Pros,6
money,6
å‹•ç”»,6
murder,6
å…¬å¼,6
Jin,6
ì§„,6
Ğ¿ĞµÑĞ½Ñ,6
analyse,6
ARTE,6
desk,6
finance,6
ĞµĞ´Ğ°,6
Cycling,6
Mohamed,6
celular,6
candy,6
cheap,6
crimes,6
dart,6
expensive,6
frozen,6
josh,6
levine,6
scherer,6
snacks,6
tried,6
BBC,6
tesla,6
Toys,6
ÑĞºĞ¾Ğ½Ğ¾Ğ¼Ğ¸ĞºĞ°,6
brent,6
current,6
olympia,6
kdrama,6
mini,6
ã˜ã‚‡ã‚“,6
Giant,6
Magnus,6
ã‚­ãƒ£ãƒ³ãƒ—,6
central,6
pga,6
barn,6
grid,6
DBZ,6
Ğ½Ğ¾Ğ²Ğ¾Ğµ,6
CS,6
Sertaneja,6
teens,6
MusculaÃ§Ã£o,6
river,6
wood,6
ring,6
learning,6
voce,6
Starship,6
Generation,6
that's,6
complex,6
manutd,6
markiplier,6
brianna,6
playz,6
prestonplayz,6
ExpÃ©rience,6
ãƒ‰ãƒƒã‚­ãƒª,6
Travis,6
omegle,6
skill,6
rio,6
vbucks,6
Pereira,6
Rob,6
dead,6
easter,6
spiderman,6
mv,6
health,6
stock,6
inventions,6
Michael,6
Murray,6
Ğ½Ğ¾ĞºĞ°ÑƒÑ‚,6
indonesia,6
Motogp,6
prix,6
terror,6
Ñ„Ğ°ĞºÑ‚Ñ‹,6
N,6
Donald,6
Splatoon,6
pet,6
tier,6
tools,6
variety,6
NewJeans,6
company,6
ÑĞ¾Ğ±Ñ‹Ñ‚Ğ¸Ñ,6
voiture,6
county,6
KC,6
nepali,6
paramount,6
15&,6
2am,6
2pm,6
chansung,6
jjproject,6
junho,6
JYP,6
jypnation,6
nichkhun,6
sane,6
sohee,6
taekyeon,6
wondergirls,6
wooyoung,6
yenny,6
yubin,6
ê¹€ìœ ë¹ˆ,6
ë‹‰ì¿¤,6
ë¯¸ìŠ¤ì—ì´,6
ë¯¸ì“°ì—ì´,6
ë¯¼,6
ë°•ì§€ë¯¼,6
ë°•ì§„ì˜,6
ë°±ì•„ì—°,6
ë°±ì˜ˆë¦°,6
ì‚°ì´,6
ì„ ì˜ˆ,6
ì†Œí¬,6
ìˆ˜ì§€,6
ìŠ¬ì˜¹,6
ì˜ˆë¦°,6
ìš°ì˜,6
ìœ ë¹ˆ,6
ì œì´ë¹„,6
ì œì´ì™€ì´í”¼,6
ì œì´ì™€ì´í”¼ë„¤ì´ì…˜,6
ì œì´ì œì´í”„ë¡œì íŠ¸,6
ì¡°ê¶Œ,6
ì£¼,6
ì£¼ë‹ˆì–´,6
ì¤€ì¼€ì´,6
ì¤€í˜¸,6
ì§€ì•„,6
ì§„ìš´,6
ì°¬ì„±,6
ì°½ë¯¼,6
íƒì—°,6
íˆ¬ì—ì´ì— ,6
íˆ¬í”¼ì— ,6
í˜ì´,6
í”¼í”„í‹´ì•¤ë“œ,6
í˜œë¦¼,6
shane,6
Bras,6
Victoria's,6
gomes,6
luta,6
raw,6
idol,6
dates,6
jokes,6
ATP,6
roger,6
FANCAM,6
MPD,6
Derek,6
Ğ±Ğ»Ğ¾Ğ³ĞµÑ€,6
italia,6
italian,6
rampage,6
Tamil,6
rug,6
unspeakable,6
transfer,6
micah,6
philadelphia,6
tank,6
filmes,6
egg,6
Uzi,6
Cole,6
pocket,6
three,6
jacksepticeye,6
Bjork,6
FKA,6
Twigs,6
sandwich,6
jukebox,6
locked,6
lyric,6
when,6
Fest,6
most,6
edition,6
AHYEON,6
ASA,6
CHIQUITA,6
HARAM,6
PHARITA,6
RAMI,6
RORA,6
RUKA,6
ë¼ë¯¸,6
ë¡œë¼,6
ë£¨ì¹´,6
ë² ëª¬,6
ë² ì´ë¹„ëª¬ìŠ¤í„°,6
ì•„ì‚¬,6
ì•„í˜„,6
ì¹˜í‚¤íƒ€,6
íŒŒë¦¬íƒ€,6
í•˜ëŒ,6
abscbn,6
26,6
Mr.Beast,6
mrbeast6000,6
dave,6
ipad2,6
jet,6
jpl,6
laboratory,6
propulsion,6
Albums,6
eliminatorias,6
femenino,6
pelota,6
sudamerica,6
gossip,6
speedpaint,6
saturday,6
jazz,6
States,6
Trophy,6
decor,6
painting,6
æç¬‘æ—¥å¸¸,6
bollywood,6
hype,6
adam,6
Swap,6
google,6
Ğ»Ğ°Ğ¹Ñ„Ñ…Ğ°ĞºĞ¸,6
è»Š,6
runner,6
Colin,6
Knight,6
coupÃ©,6
127,6
DBSK,6
exok,6
exom,6
f(x),6
Girls'Generation,6
KANGTA,6
LeeYeonHee,6
SHINee,6
SJ,6
SM,6
SMENT,6
SMENTERTAINMENT,6
SMTOWN,6
SNSD,6
SuperJunior,6
SuperM,6
TRAX,6
TVXQ!,6
Velvet,6
ê°•íƒ€,6
ë™ë°©ì‹ ê¸°,6
ë“œë¦¼,6
ë³´ì•„,6
ìƒ¤ì´ë‹ˆ,6
ìŠˆí¼ì— ,6
ìŠˆí¼ì£¼ë‹ˆì–´,6
ì—ìŠ¤ì— ,6
ì—ìŠ¤ì— ì—”í„°í…Œì¸ë¨¼íŠ¸,6
ì—ìŠ¤ì— íƒ€ìš´,6
ì—í”„ì—‘ìŠ¤,6
ì—‘ì†Œì— ,6
ì—‘ì†Œì¼€ì´,6
ì—”ì‹œí‹°,6
ì—”ì‹œí‹°ìœ ,6
ì²œìƒì§€í¬,6
ì²œìƒì§€í¬ë”ê·¸ë ˆì´ìŠ¤,6
íŠ¸ë™ìŠ¤,6
å°‘å¥³æ™‚ä»£,6
Children,6
Sonny,6
joel,6
weekly,6
BANG,6
ãƒ™ãƒ³,6
vlogging,6
single,6
horsepower,6
Construction,6
Crawling,6
electronic,6
drawing,6
novo,6
diesel,6
essay,6
eat,6
virtual,6
does,6
brian,6
pelo,6
biology,6
g,6
baking,6
smart,6
Zach,6
officiel,6
debrief,6
thor,6
bedwars,6
Fanum,6
Tactics,6
cfb,6
below,6
videogame,6
ea,6
guardiola,6
pep,6
cardi,6
Savage,6
Chiranjeevi,6
Vijay,6
pets,6
Ğ»ĞµÑ‚ÑĞ¿Ğ»ĞµĞ¹,6
mechanics,6
advice,6
Nani,6
Skibidi,5
toilet,5
camaro,5
NASCAR,5
justice,5
viver,5
tutoriel,5
illustrator,5
loopanimation,5
ê·¸ë¦¼,5
ìŠˆê²Œì„,5
ìŠ¤í”¼ë“œí˜ì¸íŠ¸,5
ì¼ëŸ¬ìŠ¤íŠ¸,5
í”Œë˜ì‹œê²Œì„,5
Mercedes,5
EFL,5
Vikings,5
can,5
masters,5
æ—¥å¸¸ç”Ÿæ´»,5
parade,5
ã‚¢ã‚¤ãƒ‰ãƒ«,5
days,5
Lee,5
freestyle,5
ĞºĞ»Ğ°Ğ±,5
samsung,5
chaeryeong,5
ITZY,5
lia,5
MIDZY,5
ryujin,5
yeji,5
yuna,5
ë¥˜ì§„,5
ë¦¬ì•„,5
ë¯¿ì§€,5
ì˜ˆì§€,5
ìœ ë‚˜,5
ìˆì§€,5
ì±„ë ¹,5
weird,5
ĞºÑƒĞ±Ğ¾Ğº,5
tunnel,5
lck,5
LCS,5
Coldplay,5
nova,5
crafting,5
ĞŸÑ€Ğ¾Ñ…Ğ¾Ğ¶Ğ´ĞµĞ½Ğ¸Ñ,5
Ñ‚Ğ°Ğ½ĞºĞ¸,5
portugal,5
union,5
ãƒãƒ³ãƒ€ã‚¤ãƒŠãƒ ã‚³,5
ãƒãƒ³ãƒŠãƒ ,5
æ­£èƒ½é‡,5
gym,5
sexy,5
ËˆhÊŠÅ‹.mÉªn,5
alli,5
dele,5
heung-min,5
Hotspur,5
sÉ’n,5
ë¬´ë¦¬ë‰´,5
ì†í¥ë¯¼,5
ì¶•êµ¬,5
í† íŠ¸ë„˜,5
M2,5
ì— íˆ¬,5
am,5
Jesse,5
RIZIN,5
healthy,5
Ğ¯,5
among,5
Grupo,5
Bushcraft,5
D-LITE,5
G-DRAGON,5
GD,5
ê¶Œì§€ìš©,5
ëŒ€ì„±,5
ìŠ¹ë¦¬,5
ì§€ë“œë˜ê³¤,5
ì§€ë””,5
íƒ‘,5
íƒœì–‘,5
ãƒãƒ³,5
ãƒ“ãƒƒã‚°,5
ãƒ“ãƒƒã‚°ãƒãƒ³,5
ãƒ¨ãƒ³ãƒ™,5
Steph,5
geraldo,5
Western,5
ĞºĞ»Ğ¸Ğ¿,5
demo,5
sound,5
large,5
å®¶åº­ç”Ÿæ´»,5
Stand,5
Ğ³Ğ»Ğ°Ğ²Ğ½Ñ‹Ğµ,5
ORTIZ,5
forever,5
KENNY,5
cgi,5
Off-Road,5
Sand,5
recette,5
30,5
fisiculturismo,5
2DS,5
3DS,5
Ğ»ÑƒĞºĞ°ÑˆĞµĞ½ĞºĞ¾,5
cruz,5
gun,5
report,5
Craig,5
cummins,5
Productions,5
gang,5
gordon,5
ramsay,5
swearing,5
Vancouver,5
drifting,5
M,5
TFT,5
politica,5
Clarkson,5
CR7,5
Gary,5
johnson,5
æ ¼é—˜æŠ€,5
Male,5
hunting,5
Eddie,5
hearn,5
matchroom,5
showtime,5
portland,5
olympique,5
Ğ³Ğ¾Ğ½ĞºĞ¸,5
Meg,5
storytime,5
Sergio,5
Winners,5
Where,5
code,5
industry,5
BANGTAN,5
j-hope,5
Jimin,5
Jung,5
Kook,5
RM,5
SUGA,5
ë°©íƒ„,5
ë·”,5
ë¹…íˆíŠ¸,5
ìŠˆê°€,5
ì•Œì— ,5
ì •êµ­,5
ì œì´í™‰,5
water,5
ã‚†ã£ãã‚Š,5
è§£èª¬,5
bike,5
greg,5
Book,5
Fall,5
annonce,5
toy,5
MADDEN,5
meu,5
neto,5
KG,5
legacy,5
month,5
gen,5
next,5
aventure,5
dÃ©couverte,5
Ğ¼Ğ¾Ğ±Ğ¸Ğ»ÑŒĞ½Ñ‹Ğµ,5
engraÃ§ados,5
eystreem,5
friend,5
mcpe,5
sister,5
Charlo,5
Crawford,5
WBA,5
WBO,5
reddit,5
Be,5
Don't,5
Harris,5
Start,5
Ğ°Ğ²Ñ‚Ğ¾Ğ¼Ğ¾Ğ±Ğ¸Ğ»ĞµĞ¹,5
Ğ¸Ğ»ÑŒĞ´Ğ°Ñ€,5
Ğ¿Ğ¾Ğ´Ğ±Ğ¾Ñ€,5
2018,5
maria,5
filme,5
Cosmetics,5
TONIGON,5
Care,5
Hill,5
Shape,5
Sing,5
Ğ¨ÑƒÑ‚ĞºĞ¸,5
ãƒ•ã‚¡ãƒƒã‚·ãƒ§ãƒ³,5
globo,5
luz,5
Solo,5
division,5
masterchef,5
Mid,5
Flo,5
wheels,5
vÃ ,5
Ğ”ĞµĞ»Ğ¾,5
vai,5
Araujo,5
BarÃ§a,5
MartÃ­nez,5
Ğ¼Ğ°ÑˆĞ¸Ğ½Ğ°,5
chemistry,5
journalism,5
North,5
if,5
public,5
commercials,5
light,5
Walt,5
agriculture,5
Ğ²Ğ»Ğ¾Ğ³Ğ¸,5
ã‚³ãƒ³ãƒˆ,5
16,5
mechanic,5
honkai,5
hsr,5
rail,5
table,5
Beach,5
Ñ‚ĞµÑ…Ğ½Ğ¸ĞºĞ°,5
Zenless,5
zzz,5
zzzero,5
ç»åŒº0,5
ç»åŒºé›¶,5
RTS,5
snack,5
Matches,5
Scores,5
agora,5
slime,5
das,5
SEB,5
te,5
Phil,5
Friday,5
Minaj,5
Nicki,5
stallion,5
thee,5
Jersey,5
miller,5
disney+,5
Ğ°Ñ€Ñ‚Ñ‘Ğ¼,5
boyfriend,5
ĞºĞ°Ğ²ĞµÑ€,5
Ã©mission,5
photo,5
Ñ€ĞµÑ†ĞµĞ¿Ñ‚Ñ‹,5
beautÃ©,5
Discovery,5
nate,5
ten,5
chase,5
emily,5
mclaughlin,5
name,5
products,5
worst,5
gospel,5
louvor,5
worship,5
Hedgehog,5
Mania,5
Sonic,5
ãƒ•ã‚¡ãƒŸãƒªãƒ¼,5
luxury,5
Ethan,5
affairs,5
idaho,5
KBSWorld,5
kbsì›”ë“œ,5
ì›”ë“œ,5
ì›”ë“œTV,5
ã‚«ãƒƒãƒ—ãƒ«,5
Atlas,5
Bowling,5
Trampoline,5
army,5
Fam,5
Noah,5
salish,5
instruction,5
fazer,5
a-league,5
Laura,5
climate,5
economy,5
ã‚¢ãƒŠã‚¦ãƒ³ã‚µãƒ¼,5
ãƒ©ã‚¤ãƒ–,5
å ±é“,5
Detroit,5
techniques,5
vehicles,5
square,5
Boca,5
Spaceflight,5
date,5
yes,5
private,5
fred,5
pogba,5
ãƒ•ã‚¸ãƒ†ãƒ¬ãƒ“,5
scary,5
prestonplays,5
seek,5
DÃ©fi,5
ExpÃ©riences,5
Lionel,5
Matue,5
Bible,5
Rant,5
audi,5
codes,5
ãƒã‚¤ã‚¯ãƒ©,5
porto,5
ne,5
ipod,5
Ğ»Ğ°Ğ¹Ğ²,5
global,5
un,5
Chimaev,5
Khamzat,5
recap,5
Vanguard,5
Robot,5
Jay,5
batman,5
woman,5
Jimmy,5
streamer,5
Porter,5
ÑÑ„Ñ,5
Weapons,5
boxe,5
54,5
African,5
afro,5
alfa,5
popstar,5
Ğ°Ğ½Ğ°Ğ»Ğ¸Ñ‚Ğ¸ĞºĞ°,5
dinheiro,5
fundos,5
mir,5
stoner,5
Discussions,5
æŠ•è³‡,5
å”ä¸‰,5
å°èˆ,5
Muscle,5
Actus,5
pitch,5
screen,5
Mo,5
GLOW,5
hololiveDEV_IS,5
ãƒ›ãƒ­ãƒ©ã‚¤ãƒ–ãƒ—ãƒ­ãƒ€ã‚¯ã‚·ãƒ§ãƒ³,5
æ°´å®®æ¢,5
ç¶ºã€…ç¾…ã€…ãƒ´ã‚£ãƒ´ã‚£,5
è™é‡‘å¦ƒç¬‘è™,5
è¼ªå ‚åƒé€Ÿ,5
éŸ¿å’²ãƒªã‚ªãƒŠ,5
Ñ‚ĞµÑ…Ğ½Ğ¾Ğ»Ğ¾Ğ³Ğ¸Ğ¸,5
blox,5
slap,5
Dupla,5
MW,5
WWII,5
Men's,5
Christmas,5
MUSIQUE,5
sophia,5
nightly,5
Student,5
bug,5
ross,5
Papa,5
andrew,5
stunts,5
arena,5
debate,5
jj,5
SAS,5
piano,5
PFL,5
tests,5
human,5
gymnastics,5
dragonball,5
Drink,5
pong,5
å®¶åº­å¨±ä¹,5
djokovic,5
nadal,5
rafa,5
chart,5
NPB,5
é˜ªç¥,5
roma,5
lexi,5
darren,5
pilots,5
ride,5
twenty,5
Ñ€ÑƒÑÑĞºĞ¸Ğµ,5
rai,5
anderson,5
andre,5
lanÃ§amento,5
bubble,5
Ğ¿Ğ¾Ğ´Ğ±Ğ¾Ñ€ĞºĞ°,5
ÑĞ¼ĞµÑˆĞ½Ğ¾Ğµ,5
Meta,5
solar,5
Rescue,5
EstÃ¡dio,5
åˆ›æ„æ¼”ç»,5
åŸåˆ›å†…å®¹,5
Livre,5
alien,5
hindi,5
Restoration,5
bake,5
stereotypes,5
Eagle,5
Zealand,5
mls,5
toronto,5
uncut,5
LINKIN,5
fallout,4
Grill,4
Spring,4
mandjtv,4
leagues,4
Bachchan,4
openings,4
dude,4
lab,4
camo,4
deeblock,4
Association,4
Jeff,4
shogun,4
jogadas,4
Chinese,4
8,4
hauls,4
24k,4
doowops,4
finesse,4
heaven,4
hooligans,4
lazy,4
unorthodox,4
was,4
äºŒæ¬¡å…ƒ,4
ç¾æ¼«,4
irl,4
sora,4
Chuckle,4
Influencer,4
Brazilian,4
Ğ¡Ñ‚Ğ°Ñ,4
fit,4
ncaa,4
geoff,4
goty,4
keighley,4
sgf,4
TGA,4
VGA,4
2hype,4
enetertainment,4
Jesser,4
876,4
876TV,4
Bandai,4
BANDAINAMCO,4
BANNAM,4
BNE,4
BNEãƒãƒ£ãƒ³ãƒãƒ«,4
Namco,4
ãƒãƒ³ãƒ€ã‚¤ãƒŠãƒ ã‚³ã‚¨ãƒ³ã‚¿ãƒ¼ãƒ†ã‚¤ãƒ³ãƒ¡ãƒ³ãƒˆ,4
ãƒãƒ³ãƒŠãƒ TV,4
ã°ã‚“ãªã‚€ã¦ãƒãƒ¼ã³ãƒ¼,4
Neil,4
Hoop,4
tg,4
ãƒ¢ãƒƒãƒ‘ãƒ³,4
raj,4
clean,4
Cameraman,4
birds,4
duck,4
trends,4
Blacks,4
ash,4
Gavin,4
chevrolet,4
ABS,4
ABS-CBN,4
CBN,4
Entertaiment,4
Episode,4
Filipino,4
Kapamilya,4
KOL,4
Philippines,4
Pinoy,4
Teleseryes,4
chivas,4
columbus,4
dynamo,4
earthquakes,4
mlssoccer,4
rapids,4
revolution,4
sounders,4
timbers,4
whitecaps,4
underground,4
trolling,4
(girls),4
bday,4
destinys,4
fierce,4
ladies,4
sasha,4
were,4
guimarÃ£es,4
Resumos,4
miniminter,4
Carey,4
Mariah,4
GGG,4
Golovkin,4
Pelea,4
Ultron,4
X-Men,4
striking,4
jim,4
germany,4
coverage,4
christian,4
adin,4
rizz,4
boxer,4
broner,4
featherweight,4
heavyweight,4
ibf,4
ibo,4
PBC,4
rank,4
santa,4
thurman,4
welterweight,4
subnautica,4
Arabia,4
AsianCup2023,4
Qualifiers,4
U17,4
U20,4
U23,4
demon,4
Karol,4
KarolG,4
Tusa,4
Bennington,4
Bourdon,4
Chester,4
Delson,4
discography,4
Farrell,4
Hahn,4
lincoln,4
members,4
numb,4
papercut,4
Shinoda,4
motorhome,4
franÃ§aise,4
Newcastle,4
universitÃ¡rio,4
journal,4
Stadium,4
trollagem,4
Vines,4
island,4
Moab,4
Spanish,4
Drill,4
brooklyn,4
rudy,4
Bet,4
Save,4
Glitches,4
Xp,4
improvement,4
íŠ¸ì™€ì´ìŠ¤,4
Down,4
50,4
golfer,4
lesson,4
tees,4
å¨±ä¹é¢‘é“,4
å¹½é»˜è§†é¢‘,4
dias,4
Blake,4
t,4
smartphone,4
Ğ¿Ñ€Ğ°Ğ½Ğº,4
ddg,4
CM,4
ã‚¨ãƒ³ã‚¿ãƒ¡,4
jontron,4
furze,4
Catfish,4
Rigs,4
Holy,4
Berryman,4
Blood,4
Buckland,4
Charlie,4
Clocks,4
Dreams,4
feelslikeimfallinginlove,4
FLIFIL,4
Hymn,4
Jonny,4
Lifetime,4
Mylo,4
Parachutes,4
Parlophone,4
Scientist,4
Teardrop,4
Viva,4
Waterfall,4
Weekend,4
Xyloto,4
Yellow,4
running,4
SeleÃ§Ã£o,4
cards,4
ãƒ•ã‚©ãƒ¼ãƒˆãƒŠã‚¤ãƒˆ,4
Jets,4
tanks,4
santana,4
benfica,4
vitor,4
other,4
side,4
ÑĞ¼ĞµÑ…,4
ÑĞ¼ĞµÑˆĞ½Ñ‹Ğµ,4
dans,4
geleia,4
through,4
aotm,4
CHOOM,4
practice,4
studiochoom,4
ëŒ„ìŠ¤,4
ë¹„,4
ìŠ¤ì¶¤,4
ìŠ¤íŠœë””ì˜¤,4
ìŠ¤íŠœë””ì˜¤ì¶¤,4
ì˜ìƒ,4
ì˜¤ë¦¬ì§€ë„,4
ì¶¤,4
Ã©quipe,4
Ù…Ù†,4
Palace,4
Receita,4
Perth,4
Canais,4
maverick,4
breakers,4
UnspeakableGaming,4
UnspeakablePlays,4
bionic,4
mukbang,4
comment,4
Quando,4
Rondo,4
Youngboy,4
orlando,4
but,4
sobre,4
practical,4
Herd,4
Geometry,4
Gm,4
Morris,4
swing,4
guilherme,4
jorge,4
joey,4
RÃ©sumÃ©,4
mane,4
Ğ Ğ°Ğ´Ğ¸Ğ¾,4
Rumble,4
Contractor,4
Howto,4
broke,4
DÃ©lire,4
engineer,4
parenting,4
D&D,4
DnD,4
ninjas,4
Rebecca,4
Zamolo,4
Fuze,4
Redstone,4
fame,4
2nd,4
æ­Œ,4
Pilot,4
grÃªmio,4
internacional,4
growth,4
creating,4
creativity,4
props,4
chip,4
onerb,4
Emblem,4
NES,4
NOA,4
SNES,4
Xenoblade,4
things,4
å¤§å­¦ç”Ÿ,4
Ğ±ĞµĞ»Ğ°Ñ€ÑƒÑÑŒ,4
Ğ¼Ğ¸Ñ€Ğ°,4
ĞŸÑ€ĞµĞ·Ğ¸Ğ´ĞµĞ½Ñ‚,4
heat,4
monroe,4
meat,4
bethesda,4
acid,4
diddy,4
dolla,4
gag,4
joyride,4
k$,4
ke$ha,4
kesha,4
order,4
pdiddy,4
praying,4
rida,4
right,4
round,4
tick,4
tock,4
Ğ±Ñ€Ğ°Ğ²Ğ»,4
ÑÑ‚Ğ°Ñ€Ñ,4
moresidemen,4
sdmn,4
pagode,4
25,4
body,4
relationship,4
æ—¥ãƒãƒ ,4
bs,4
amigo,4
Leon,4
Nilce,4
Ã¡sia,4
math,4
Ğ°Ğ½Ğ½Ğ°,4
dreamXD,4
skeppy,4
hotel,4
Critique,4
mail,4
angels,4
matpat,4
awesome,4
FIGHTERS,4
celebs,4
Ğ¿Ñ€Ğ¾Ñ‚Ğ¸Ğ²,4
campeÃµes,4
åŸç¥,4
BuzzFeed,4
Unsolved,4
grian,4
hermitcraft,4
hypixel,4
happy,4
22,4
inspiration,4
SmackDown,4
WrestleMania,4
dino,4
exposed,4
00,4
Agent00,4
DukeDennis,4
ImDavisss,4
arcade,4
innovative,4
Parker,4
Careers,4
lifeatriot,4
Runeterra,4
Ğ»ÑĞ´ĞµĞ¹,4
stark,4
ahgren,4
ludwig,4
dancing,4
runway,4
OL,4
automation,4
Ian,4
Keane,4
Neville,4
Roy,4
Wright,4
yankees,4
letsplay,4
Federation,4
Law,4
Market,4
Wall,4
ãƒ¬ã‚·ãƒ”,4
random,4
rmc,4
34+35,4
butter,4
coachella,4
H,4
hook,4
Shit,4
stop,4
Town,4
wap,4
quest,4
bioactive,4
ecosphere,4
isopods,4
pauludariums,4
terra,4
terrariums,4
vivariums,4
Aguero,4
Bernardo,4
Bruyne,4
mancity.com,4
MCFC,4
tekkers,4
Balakrishna,4
Glimpse,4
Kalyan,4
Megastar,4
Nandamuri,4
Pawan,4
PRASAD,4
pushpa,4
Rule,4
Samantha,4
Singh,4
SRI,4
å¹½é»˜ç”Ÿæ´»,4
æ¬¢ä¹æ—¶å…‰,4
Jomboy,4
about,4
ãƒ‰ãƒ©ã‚´ãƒ³ãƒœãƒ¼ãƒ«,4
ãƒ—ãƒªã‚­ãƒ¥ã‚¢,4
ãƒ¯ãƒ³ãƒ”ãƒ¼ã‚¹,4
æ±æ˜ ã‚¢ãƒ‹ãƒ¡ãƒ¼ã‚·ãƒ§ãƒ³,4
Ñ‚Ñ€Ğ°Ğ½ÑĞ»ÑÑ†Ğ¸Ñ,4
lower,4
Wild,4
compression,4
works,4
computer,4
plan,4
ramos,4
Carbon,4
Secondaire,4
esport,4
goldbridge,4
arduino,4
Bush,4
Kapoor,4
Khan,4
Kumar,4
Prabhas,4
Raju,4
ãƒ©ãƒ³ã‚­ãƒ³ã‚°,4
Denver,4
modified,4
Mickey,4
Rhythm,4
Ruiz,4
grappling,4
Base,4
Sniper,4
buzz,4
trendy,4
estados,4
tÃ¡,4
unidos,4
Help,4
p,4
sa,4
ãƒã‚±ã‚«,4
jaune,4
Beleza,4
joke,4
Dog,4
PS3,4
sense,4
Vita,4
Death,4
Saint,4
brincadeiras,4
culinÃ¡ria,4
engraÃ§adas,4
visual,4
ãƒ€ãƒ³ã‚¹,4
Ğ¾ÑÑ‚Ğ°Ğ½Ğ½Ñ–,4
Joyce,4
Oleksandr,4
Usyk,4
Future,4
Silk,4
Geek,4
French,4
Hip-hop,4
ÑĞ»ÑŒĞ´Ğ°Ñ€,4
Ğ·Ğ²ĞµĞ·Ğ´Ñ‹,4
Um,4
Create,4
mcrae,4
singing,4
songwriting,4
tate,4
tatemcrea,4
vocals,4
wrote,4
jp,4
entrevistas,4
MX,4
ink,4
machine,4
Beautiful,4
Brittany,4
juice,4
wrld,4
2step,4
Acoustic,4
Castle,4
Ed,4
Sheeran,4
Ğ›ÑƒÑ‡ÑˆĞµĞµ,4
Ğ ĞµĞ°Ğ»,4
Ğ¤ÑƒÑ‚Ğ±Ğ¾Ğ»,4
gil,4
histÃ³ria,4
vou,4
copinha,4
rodada,4
osrs,4
italy,4
cry,4
dogs,4
bbb,4
carlos,4
fofoca,4
interativo,4
AVGN,4
foodie,4
Occupy,4
OccupyMid,4
RiotGames,4
SkinSpotlight,4
SkinSpotlights,4
spotlight,4
spotlights,4
nouveau,4
chevy,4
corvette,4
police,4
turbocharger,4
vette,4
Eric,4
Land,4
ACA,4
ãƒ’ã‚«ã‚­ãƒ³,4
Ğ·Ğ½Ğ°Ğ¼ĞµĞ½Ğ¸Ñ‚Ğ¾ÑÑ‚Ğ¸,4
lady,4
marcus,4
Ansu,4
Balde,4
Bernal,4
CasadÃ³,4
Christensen,4
CubarsÃ­,4
culer,4
Fati,4
FermÃ­n,4
Flick,4
Gavi,4
Hansi,4
HÃ©ctor,4
IÃ±igo,4
Jong,4
Jules,4
kounde,4
Lamine,4
Laporta,4
Lewandowski,4
Lewy,4
NOU,4
Olmo,4
Pau,4
pedri,4
Raphinha,4
Ronald,4
Sepakbola,4
spotify,4
stegen,4
Szczesny,4
ter,4
Torres,4
Yamal,4
Ø¨Ø±Ø´Ù„ÙˆÙ†Ø©ØŒ,4
Ğ”ÑƒĞ±Ñ€Ğ¾Ğ²ÑĞºĞ¸Ğ¹,4
Ñ€ĞµĞ¼Ğ¾Ğ½Ñ‚,4
ÑĞ¸Ğ½Ğ´Ğ¸ĞºĞ°Ñ‚,4
Ñ‚Ğ°Ñ‡ĞºĞ¸,4
FuÃŸball,4
ãƒ¬ãƒ“ãƒ¥ãƒ¼,4
å•†å“ç´¹ä»‹,4
AtlÃ©tico,4
dÃ©cryptage,4
Ã©conomie,4
æ±æ–¹,4
pas,4
ĞºĞ¾Ñ€Ğ¾Ñ‡Ğµ,4
lamborghini,4
dÃ©bat,4
TÃ©lÃ©visions,4
Technologie,4
Upcoming,4
standoff,4
Ğ´ĞµĞ²ÑƒÑˆĞºĞ°,4
ÑÑ‚Ğ°Ğ½Ğ´Ğ¾Ñ„Ñ„,4
banda,4
ãƒã‚¿,4
NY,4
THAILAND,4
cantor,4
Ğ³Ğ°Ğ·,4
Ğ¼Ğ°Ğ¼Ğ°,4
Ğ¿Ğ¾ĞºÑƒĞ¿ĞºĞ¸,4
ÑĞµÑ€Ğ³ĞµĞ¹,4
Ã‰rick,4
ca,4
armstrong,4
mat,4
BO2,4
SR,4
æƒ…å ±,4
ecole,4
auction,4
parts,4
salvage,4
acheron,4
aventurine,4
boothill,4
celestia,4
kafka,4
myriad,4
ost,4
program,4
silver,4
simulated,4
sparkle,4
starrail,4
Anby,4
Anton,4
Bangboo,4
Corin,4
Koleda,4
Lycaon,4
Miyabi,4
Nekomata,4
Rina,4
Soukaku,4
Wise,4
Summoner,4
Ğ’Ğ»Ğ°Ğ´,4
Courtney,4
haasan,4
shruti,4
Finals,4
Premiership,4
Telstra,4
Titans,4
workshop,4
Ğ¸Ğ³Ñ€,4
Ğ¿Ğ»ĞµĞ¹,4
Henry,4
Joyca,4
Lena,4
vaqueiro,4
ze,4
Steele,4
empire,4
end,4
honest,4
theories,4
theorists,4
1v1,4
JD,4
aujla,4
Karan,4
parent-child,4
sharing,4
TOKYO,4
concerts,4
NPR,4
nprmusic,4
sessions,4
blague,4
suisse,4
ĞºÑƒÑ…Ğ½Ñ,4
Eurosport,4
vloggers,4
cabin,4
woods,4
field,4
minnesota,4
brand,4
cotton,4
discontinued,4
feuds,4
flavor,4
foods,4
gut,4
naked,4
neal,4
randy,4
rhett,4
rhettandlink,4
scornhole,4
shuffleboard,4
stevie,4
whatâ€™s,4
wynne,4
artificial,4
intelligence,4
SEGA,4
Shadow,4
Superstars,4
Ğ´Ğ¼Ğ¸Ñ‚Ñ€Ğ¸Ğ¹,4
Ğ¾Ğ±Ñ‰ĞµÑÑ‚Ğ²Ğ¾,4
Ğ¿Ğ¾ÑĞ»ĞµĞ´Ğ½ĞµĞµ,4
ä¸­æ—¥,4
ãƒãƒ£ãƒ¬ãƒ³ã‚¸,4
çˆ†ç¬‘,4
sakurai,4
Ğ³Ñ‚Ğ°,4
Anvil,4
Effect,4
Hammer,4
many,4
Tower,4
main,4
Ğ»ĞµĞ²,4
lives,4
lathe,4
homesteading,4
éŸ“å›½,4
é£Ÿãƒ¬ãƒ,4
DougDoug,4
Ğ°Ğ½Ğ¸Ğ¼Ğµ,4
Ğ½Ğ¾Ğ²Ğ°Ñ,4
Ğ¿Ñ€ĞµĞ¼ÑŒĞµÑ€Ğ°,4
Kings,4
Pain,4
Domingo,4
ã‚¨ãƒ³ã‚¿ãƒ¼ãƒ†ã‚¤ãƒ¡ãƒ³ãƒˆ,4
elections,4
u.s.,4
Kushi,4
Saregama,4
æ”¿æ²»,4
ç¤¾ä¼š,4
epoxy,4
furniture,4
resin,4
testing,4
dark,4
Ğ¡Ñ‚Ğ°Ğ»ĞºĞµÑ€,4
å‹•ç‰©,4
Falcon,4
Bryson,4
garden,4
aon,4
elanga,4
gea,4
ggmu,4
lindelof,4
maguire,4
mata,4
matic,4
mctominay,4
mu,4
mufc,4
sancho,4
shaw,4
trafford,4
wan-bissaka,4
hide,4
Filipe,4
Ret,4
å·¨äºº,4
danny,4
sidemenreacts,4
Minutes,4
case,4
shooter,4
bucks,4
freefire,4
Diaz,4
Dynamic,4
Spot,4
europe,4
Amber,4
Couples,4
eggs,4
Bowl,4
Rick,4
Fallon,4
strategy,4
environment,4
juju,4
total,4
computers,4
Rams,4
une,4
Ğ±Ğ¾Ğ¹,4
au,4
2.0,4
mi,4
aÃ§Ãµes,4
educaÃ§Ã£o,4
extra,4
financeira,4
ganhar,4
investir,4
acosta,4
motorcycle,4
yamaha,4
Ğ²Ñ‹Ğ¶Ğ¸Ğ²Ğ°Ğ½Ğ¸Ğµ,4
HIKARU,4
russian,4
natural,4
pra,4
æç¬‘,4
æ–—ç½—å¤§é™†,4
rods,4
dessin,4
sim,4
Oliveira,4
Physique,4
Ğ¿ĞµĞ²ĞµÑ†,4
carpenter,4
daniela,4
illit,4
Katseye,4
lesserafim,4
manon,4
olivia,4
spice,4
vcha,4
xg,4
yoonchae,4
NYC,4
popular,4
Hugo,4
Paulista,4
Ğ˜Ğ³Ğ¾Ñ€ÑŒ,4
tiringa,4
scotland,4
Scottish,4
steven,4
hope,4
TAKA,4
Forge,4
footy,4
borges,4
placa,4
anecdotes,4
yacht,4
president,4
basket,4
åºƒå³¶,4
retrospective,4
flips,4
barstool,4
redick,4
dawson,4
Campus,4
Collegiate,4
Dorm,4
GenZ,4
Panties,4
pinkreps,4
Rep,4
reps,4
VSPINK,4
durk,4
cube,4
submissions,4
panda,4
deadpool,4
superman,4
who,4
would,4
magician,4
carlito,4
Faire,4
mcfly,4
topgear,4
beer,4
Dare,4
Truth,4
æç¬‘å‰§æƒ…,4
æ—¥æœ¬,4
federer,4
medvedev,4
tennistv,4
thiem,4
tsitsipas,4
zverev,4
ãƒ™ãƒ¼ã‚¹ãƒœãƒ¼ãƒ«,4
ĞºÑƒĞ¿Ğ¸Ñ‚ÑŒ,4
Gibson,4
çŒ«,4
ibrahimovic,4
italiana,4
juve,4
zlatan,4
Pack,4
diving,4
drew,4
gopro,4
D,4
Around,4
sustainable,4
ĞºĞ¾Ñ€Ğ¾Ñ‚ĞºĞ¸Ğµ,4
hutchins,4
kaicenat,4
pierson,4
21,4
21pilots,4
blurry,4
blurryface,4
concern,4
heathens,4
icy,4
letra,4
level,4
overcompensate,4
scaled,4
stressed,4
trench,4
twentyonepilots,4
vessel,4
Ğ¾,4
hay,4
hayday,4
kindle,4
suprcell,4
animals,4
concrete,4
macro,4
relaxing,4
along,4
mas,4
antonio,4
rose,4
Ğ¼Ğ¸Ñ€,4
ÑˆĞ¾Ñ€Ñ‚Ñ,4
Cowboys,4
punk,4
kawaii,3
ãƒ¦ãƒ¼ãƒãƒ¥ãƒ¼ãƒãƒ¼,3
ãƒ‰ãƒ©ã‚¯ã‚¨,3
fastest,3
motovlog,3
Mouse,3
cops,3
Brookhaven,3
latino,3
RaÃºl,3
airsoft,3
defense,3
festival,3
presse,3
Character,3
Copyright,3
Engagement,3
Lovers,3
Subscribe,3
Boutique,3
Saison,3
brave,3
å°èš‚èš,3
ææ€ªæ—¥å¸¸,3
feminina,3
BebÃª,3
rotina,3
bolo,3
charlotte,3
ãƒã‚±ãƒ¢ãƒ³ã‚«ãƒ¼ãƒ‰,3
ãƒã‚±ãƒ¢ãƒ³å‰£ç›¾,3
cactus,3
noob,3
joueur,3
Ñ€ÑĞ¿,3
Danse,3
Humoriste,3
Move,3
Ğ²Ğ¸Ğ´ĞµĞ¾Ğ¸Ğ³Ñ€Ñ‹,3
ĞºĞ¾Ğ¼ĞµĞ´Ğ¸Ñ,3
Ğ¼ÑƒĞ»ÑŒÑ‚Ñ„Ğ¸Ğ»ÑŒĞ¼Ñ‹,3
Ğ¾Ğ·Ğ²ÑƒÑ‡ĞºĞ°,3
Great,3
Nana,3
Note,3
Stone,3
Titan,3
divertidos,3
reaÃ§Ãµes,3
addon,3
command,3
eyestream,3
eyestreem,3
eystream,3
istream,3
Ğ´ĞµĞ½ÑŒ,3
Bivol,3
Daniel,3
Dmitry,3
Errol,3
Floyd,3
Francis,3
Ngannou,3
Shakur,3
Stevenson,3
Terence,3
Vasiliy,3
Zhang,3
Dua,3
Lipa,3
Nostalgia,3
Scared,3
Ğ¼Ğ¾ÑĞºĞ²Ğ°,3
Ğ´Ğ°Ğ²Ğ¸Ğ´Ñ‹Ñ‡,3
Ñ‚Ğ°Ñ‡ĞºĞ°,3
90,3
ÑˆĞ¾ÑƒĞ±Ğ¸Ğ·Ğ½ĞµÑ,3
comida,3
desenho,3
adams,3
bears,3
irmÃ£os,3
Carioca,3
Fla,3
Americano,3
Katya,3
Collaborations,3
divide,3
Donâ€™t,3
EdSheeran,3
Equals,3
eyes,3
Galway,3
Habits,3
No.,3
Photograph,3
Sheerin,3
Sheran,3
shivers,3
subtract,3
Ğ Ğ¾Ğ½Ğ°Ğ»Ğ´Ñƒ,3
cursing,3
nico,3
chico,3
fernanda,3
gabriela,3
Showdown,3
campeÃ£o,3
PaulistÃ£o,3
euros,3
creed,3
marcelo,3
mestre,3
Retail,3
quick,3
tasty,3
Amateur,3
Events,3
exile,3
jogando,3
marcos,3
mussoumano,3
60,3
cam,3
di,3
dick,3
Globe,3
sailing,3
VendÃ©e,3
voile,3
Ñ€Ğ°ÑÑĞºĞ°Ğ·Ñ‹,3
roll,3
twin,3
Resenha,3
ãƒ•ã‚¡ã‚¤ã‚¿ãƒ¼ã‚º,3
mashup,3
entertaining,3
humorous,3
joseph,3
Cidade,3
Ğ‘ĞµĞ»Ğ»Ğ°Ñ‚Ğ¾Ñ€,3
Ğ“Ğ¾Ğ»Ñ‹Ğµ,3
Ğ”Ğ¾Ğ³,3
ĞºÑƒĞ»Ğ°ĞºĞ¸,3
ĞšÑƒĞ»Ğ°Ñ‡Ğ½Ñ‹Ğµ,3
ĞĞ°ÑˆĞµ,3
Ğ¤Ğ°Ğ¹Ñ‚Ğ¸Ğ½Ğ³,3
Ğ¥Ğ°Ñ€Ğ´ĞºĞ¾Ñ€,3
BGM,3
ã‚ã•ã²,3
å‡ºç”£,3
å¤«å©¦,3
çŠ¬,3
gustavo,3
Ğ–ĞµĞºĞ¸Ñ‡,3
celine,3
investigation,3
investigative,3
ÑĞ°Ğ¼Ğ¾Ğ´ĞµĞ»ĞºĞ°,3
Ñ‚ÑĞ½Ğ¸Ğ½Ğ³,3
Mg,3
tv+,3
ads,3
amy,3
AAA,3
ce,3
je,3
Ğ³Ğ¾Ğ²Ğ¾Ñ€Ñ,3
Ğ¿Ğ°Ñ€Ğ¾Ğ´Ğ¸Ğ¸,3
Microsoft,3
homemade,3
projeto,3
Cruise,3
Disneyland,3
Line,3
drone,3
tracteur,3
ThÃ©orie,3
Sci-Fi,3
Thriller,3
so2,3
ÑÑ‚ĞµĞ½Ğ´Ğ¾Ñ„Ñ„,3
æ¼«æ‰,3
warrior,3
conseils,3
motivation,3
recettes,3
routine,3
ã‚ªãƒ³ãƒ©ã‚¤ãƒ³,3
costa,3
DVD,3
ĞšĞ¾Ñ€ĞµÑ,3
ĞĞ°ÑÑ‚Ñ,3
Ğ¿Ğ¾ÑĞ»ĞµĞ´Ğ½Ğ¸Ğ¹,3
ÑĞ°ÑˆĞ°,3
Ñ‚Ğ°Ğ¹Ğ³Ğµ,3
pegadinha,3
ÑƒĞ´Ğ¸Ğ²Ğ¸Ñ‚ĞµĞ»ÑŒĞ½Ñ‹Ğ¹,3
tÃ©moignages,3
Ğ±ĞµĞ·Ğ´Ğ¾Ñ€Ğ¾Ğ¶ÑŒĞµ,3
ÙƒÙˆÙ…ÙŠØ¯ÙŠØ§,3
Ù…Ø±Ø­,3
ã‚¬ãƒãƒ£,3
nouvelle,3
decoration,3
HANNA,3
loisirs,3
Colors,3
colorsberlin,3
colorsstudios,3
colorsxstudios,3
colours,3
session,3
Acres,3
crank,3
Ğ4,3
Ñ‡Ğ°ÑĞ°,3
ĞºÑ€Ğ¸Ğ¼Ğ¸Ğ½Ğ°Ğ»,3
ÑĞµÑ€Ğ¸Ğ°Ğ»Ñ‹,3
Ñ„Ğ¸Ğ»ÑŒĞ¼Ñ‹,3
Competition,3
Motorsports,3
Results,3
CÃ¢meras,3
Mastu,3
Situations,3
Tran,3
äº²å­å…³ç³»,3
äº²å­æ´»åŠ¨,3
äº²å­æ¸¸æˆ,3
barbie,3
maurÃ­cio,3
Nice,3
pittsburgh,3
tip,3
ã‚·ãƒ«ã‚¯ãƒ­ãƒ¼ãƒ‰,3
ãƒ•ã‚£ãƒƒã‚·ãƒ£ãƒ¼ã‚º,3
Cortes,3
mengo,3
Korean,3
ì—¬ìì¹œêµ¬,3
Ğ±Ğ°Ñ‚Ğ»,3
Lopes,3
Ğ¿Ñ€Ğ¸Ğ³Ğ¾Ñ‚Ğ¾Ğ²Ğ¸Ñ‚ÑŒ,3
Ñ€ĞµÑ†ĞµĞ¿Ñ‚,3
nourriture,3
russie,3
Erling,3
UEL,3
vanlife,3
indiana,3
adoracao,3
evangelica,3
hinos,3
louvores,3
sou,3
Leak,3
interesting,3
overview,3
ĞºĞ½Ğ¸Ğ³Ğ¸,3
Ğ¿Ğ»Ğ¾Ñ…Ğ¸Ğµ,3
Destiny,3
Ğ´ĞµĞ½ÑŒĞ³Ğ¸,3
chamberlain,3
Dolan,3
emma,3
ã‚¢ãƒ¡ãƒªã‚«,3
ç·¨é›†,3
masahiro,3
ã‚«ãƒ¼ãƒ“ã‚£,3
ã‚¹ãƒãƒ–ãƒ©,3
ä»•äº‹,3
å¤©éŸ³ã‹ãªãŸ,3
Vs.,3
ãƒã‚¤ã‚¯,3
European,3
holly,3
Ğ¶Ğ¸Ğ²Ğ¾Ñ‚Ğ½Ñ‹Ğµ,3
dbd,3
welding,3
tommyinnit,3
å¤–å›½äºº,3
éŸ“å›½äºº,3
aldi,3
buy,3
tree,3
walmart,3
matildas,3
socceroos,3
w-league,3
Flex,3
Freestyles,3
Jam,3
EV,3
Supercharger,3
Ğ¼ÑƒĞ»ÑŒÑ‚Ğ¸ĞºĞ¸,3
CSGO,3
M-1,3
economics,3
blockbusters,3
TBS,3
é€Ÿå ±,3
ãŠã‚‚ã—ã‚,3
Ğ¡ĞµĞ¼ÑŒÑ,3
bodybuilder,3
vem,3
tool,3
Cake,3
cream,3
decorating,3
sekiro,3
souls,3
questions,3
Experiments,3
enix,3
FF,3
izle,3
Tim,3
surprise,3
tyler,3
what's,3
å¤§é˜ª,3
ãƒ•ã‚¸,3
laughing,3
Mom,3
gamez,3
layers,3
prestongames,3
prestongamez,3
prestonreacts,3
Argentina,3
Diego,3
ãƒãƒ£ãƒ³ãƒãƒ«,3
ã°ã‚“ã°ã‚“ã–ã„,3
TheMacLife,3
Bieber,3
Lele,3
Orochi,3
ç”²å­åœ’,3
VOCALOID,3
ãƒœã‚«ãƒ­,3
Abridged,3
expert,3
nissan,3
Ğ»ÑĞ´Ğ¸,3
Ğ¿Ğ¾ÑĞ»Ğµ,3
pass,3
ãƒã‚¤ãƒ³ã‚¯ãƒ©ãƒ•ãƒˆ,3
Ğ½Ğ¸ĞºĞ¸Ñ‚Ğ°,3
vip,3
vovÃ´,3
calypso,3
Louis,3
ÑĞ²Ğ¾Ğ±Ğ¾Ğ´Ğ°,3
BigDog,3
Dynamics,3
humanoid,3
legged,3
locomotion,3
robots,3
Stretch,3
afrique,3
Ã©tats-unis,3
gÃ©opolitique,3
reportages,3
Creators,3
walking,3
wonder,3
previews,3
Trek,3
å‹‰å¼·,3
aberto,3
donos,3
Fernando,3
Coach,3
Jamal,3
c'est,3
crÃ©ation,3
Agents,3
Characters,3
Devs,3
cultura,3
femme,3
JO,3
Shirley,3
æ•°å­¦,3
CANAL+,3
formule,3
Doja,3
fax,3
flourish,3
getting,3
kat,3
kooldrink,3
masego,3
Seethal,3
topshotta,3
tyla,3
tyla.s,3
criptomoedas,3
imobiliarios,3
investimento,3
negÃ³cios,3
renda,3
ã‚³ã‚¹ãƒ¡,3
Bitcoin,3
investimentos,3
2015,3
austrian,3
bikes,3
binder,3
crafar,3
dovizioso,3
ducati,3
flag,3
Franco,3
ktm,3
lorenzo,3
malaysia,3
mandalika,3
marquez,3
Morbidelli,3
overtake,3
paddock,3
pedro,3
pedrosa,3
quartararo,3
rins,3
rossi,3
sepang,3
spies,3
valentino,3
ãƒ¢ãƒˆgp,3
reid,3
æ•™è‚²,3
calfreezy,3
Castro,3
ronaldinho,3
2025,3
FROST,3
Ğ Ğ°Ğ·Ğ²Ğ»ĞµÑ‡ĞµĞ½Ğ¸Ñ,3
Ğ§ĞµĞ»Ğ»ĞµĞ½Ğ´Ğ¶Ğ¸,3
bruna,3
Post,3
NG,3
Anfield,3
Klopp,3
LFC,3
LFCTV,3
YNWA,3
ãƒ€ã‚¤ã‚¨ãƒƒãƒˆ,3
Ğ½Ğ¾Ğ²Ğ¸Ğ½ĞºĞ¸,3
fruits,3
Advanced,3
AW,3
BO3,3
Ghosts,3
IW,3
MP,3
MWII,3
MWIII,3
MWR,3
Remastered,3
plumbing,3
Ğ¿Ğ°Ñ€Ğ¾Ğ´Ğ¸Ñ,3
Ğ¿Ñ€Ğ°Ğ²Ğ´Ğ°,3
revue,3
bits,3
radar,3
tak,3
Ğ²Ğ¾Ñ‚,3
Ğ¿Ñ€Ğ¾Ğ¸ÑÑˆĞµÑÑ‚Ğ²Ğ¸Ñ,3
Ğ´Ğ¾Ğ¼Ğ°ÑˆĞ½Ğ¸Ğµ,3
motos,3
Ğ¿Ğ¾Ğ¼Ğ¾Ñ‰ÑŒ,3
charlles,3
æ—¥æœ¬ä»£è¡¨,3
lone,3
magie,3
spl,3
edm,3
disneyplus,3
BC,3
ferme,3
dez,3
safe,3
troom,3
Singapore,3
ãƒ¤ã‚¯ãƒ«ãƒˆ,3
abel,3
chiraq,3
High-Tech,3
dieta,3
rodrigues,3
Combate,3
lutas,3
w,3
drift,3
balvin,3
nuevo,3
reggaeton,3
negro,3
versus,3
wiz,3
vegas,3
FAIT,3
Fear,3
keep,3
ranking,3
Years,3
ä¹¡åœŸé£æƒ…,3
å†œæ‘æ–‡åŒ–,3
éŸ“å›½ãƒ‰ãƒ©ãƒ,3
activities,3
comedic,3
-,3
Coronel,3
Teto,3
Tz,3
ä¾ã‚¸ãƒ£ãƒ‘ãƒ³,3
å¤§è°·ç¿”å¹³,3
æ—¥æœ¬ãƒãƒ ,3
Ğ¿Ğ¾Ğ´,3
ĞŸĞ¾Ğ¿ÑƒĞ»ÑÑ€Ğ½Ñ‹Ğ¹,3
ãƒ†ãƒ¬ãƒ“æ±äº¬,3
ãƒ†ãƒ¬æ±,3
ãƒ‰ãƒ©ãƒ,3
Ğ°Ğ²Ñ‚Ğ¾ÑĞºÑĞ¿ĞµÑ€Ñ‚,3
Spencer,3
Marques,3
cast,3
esportiva,3
onde,3
mountain,3
redbull,3
Hawaii,3
Ğ´Ñ€Ğ°ĞºĞ¸,3
stoke,3
Ğ±ÑƒÑˆĞºÑ€Ğ°Ñ„Ñ‚,3
Ğ»ĞµÑÑƒ,3
Ñ€Ñ‹Ğ±Ğ°Ğ»ĞºĞ°,3
Ñ‚Ğ°Ğ¹Ğ³Ğ°,3
bastion,3
hades,3
korb,3
pyre,3
soundtrack,3
supergiant,3
transistor,3
æœå€‰æœªæ¥,3
Ğ•Ğ»ĞµĞ½Ğ°,3
2017,3
gucci,3
animaciÃ³n,3
æ¼«ç”»,3
coisa,3
menina,3
nossa,3
rezende,3
viagens,3
arteta,3
martinelli,3
mikel,3
odegaard,3
thomas,3
william,3
bingeJesus,3
chosen,3
GetUsedToDifferent,3
Ñ‚ĞµÑ…Ğ½Ğ¸ĞºĞ¸,3
ÑÑƒĞ¿ĞµÑ€,3
Ğ¿Ñ€Ğ¸ĞºĞ¾Ğ»,3
ÑˆĞ¾Ñ€Ñ‚ÑÑ‹,3
sounds,3
storyline,3
talkin,3
curiosidades,3
CrÃ­tica,3
kelly,3
performances,3
aquarium,3
pond,3
livestream,3
Ñ‚Ğ½Ñ‚,3
age,3
Grilling,3
Seafood,3
Steak,3
animate,3
Drones,3
shounen,3
SMG4,3
Sunset,3
ultra,3
webtoon,3
sbs,3
trial,3
Roc,3
XV,3
ACL,3
AsianClub,3
AsianClubChampionship,3
AsianClubTournament,3
Hi,3
Ram,3
luÃ­sa,3
sale,3
cai,3
card,3
moda,3
den,3
foden,3
lionesses,3
lions',3
menâ€™s,3
southgate,3
Ğ´ĞµÑ‚Ğ¸,3
freddys,3
wrangler,3
bob,3
cara,3
garena,3
Walker,3
mondo,3
santÃ©,3
Marseille,3
rediff,3
Nakamura,3
Ğ³ĞµÑ€Ğ¼Ğ°Ğ½,3
pablo,3
MLB.com,3
treasure,3
CMA,3
outfit,3
tours,3
ISON,3
Marilyn,3
Massive,3
Nokia,3
Portishead,3
Sevdaliza,3
Suspended,3
emagrecer,3
eafc,3
GrandTV,3
mgt,3
à¸“à¸§à¸±à¸’à¸™à¹Œ,3
à¸™à¸²à¸‡à¸‡à¸²à¸¡,3
à¸šà¹‰à¸²à¸™à¹à¸à¸£à¸™à¸”à¹Œ,3
à¸›à¸£à¸°à¸à¸§à¸”à¸™à¸²à¸‡à¸‡à¸²à¸¡,3
à¸¡à¸´à¸ªà¹à¸à¸£à¸™à¸”à¹Œ,3
à¸¡à¸´à¸ªà¹à¸à¸£à¸™à¸”à¹Œà¹„à¸—à¸¢à¹à¸¥à¸™à¸”à¹Œ,3
æ¼«ç”»çˆ±å¥½è€…,3
æ¼«ç”»è§’è‰²,3
doors,3
Garros,3
Roland,3
know,3
map,3
person,3
speech,3
Ğ¡Ğ¸Ğ¼ÑƒĞ»ÑÑ‚Ğ¾Ñ€,3
Horse,3
Kate,3
ppv,3
wsof,3
huggy,3
wuggy,3
Ñ€Ğ°ÑÑĞ»ĞµĞ´Ğ¾Ğ²Ğ°Ğ½Ğ¸Ñ,3
aesthetics,3
12,3
sec,3
victory,3
bobby,3
sad,3
GRAMMY,3
GRAMMYs,3
Nominations,3
Recording,3
Ñ‚ĞµÑÑ‚-Ğ´Ñ€Ğ°Ğ¹Ğ²,3
countryballs,3
äº¬éƒ½,3
wedding,3
influencers,3
åŠ¨æ¼«æ–‡åŒ–,3
è§’è‰²åˆ†æ,3
ÑĞµÑ€Ğ¸Ğ°Ğ»,3
mystÃ¨re,3
enquÃªte,3
creations,3
legal,3
laser,3
TWITTER,3
vraie,3
bottle,3
dp,3
fidget,3
flip,3
nerf,3
ping,3
spinner,3
spinners,3
wrap,3
faulkner,3
algÃ©rie,3
peacock,3
mama,3
RS,3
discussion,3
Wavy,3
clarke,3
hampden,3
SFA,3
swnt,3
dosÃ©,3
Low,3
goles,3
caylus,3
lists,3
bag,3
Z,3
comedie,3
Ğ´Ğ¾Ñ‚Ğ°,3
jaguar,3
Canadian,3
GRWM,3
deporte,3
espaÃ±ola,3
resÃºmenes,3
å¿«ä¹åˆ†äº«,3
æ—¥å¸¸è¶£äº‹,3
Ğ’Ğ»Ğ°Ğ´Ğ¸Ğ¼Ğ¸Ñ€,3
XJ,3
ranked,3
Ğ¥Ğ¾ĞºĞºĞµĞ¹,3
Assembly,3
Kingdoms,3
Medieval,3
Napoleon,3
Rome,3
Troy,3
Viking,3
alvalade,3
belenenses,3
bessa,3
boavista,3
braga,3
defesas,3
dragÃ£o,3
famalicÃ£o,3
Golos,3
marÃ­timo,3
moreirense,3
paÃ§os,3
pizzi,3
portuguesa,3
setÃºbal,3
videoclips,3
a24,3
award,3
bling,3
bodies,3
everything,3
everywhere,3
hereditary,3
independent,3
lighthouse,3
macbeth,3
marcel,3
midsommar,3
minari,3
moonlight,3
once,3
oscar,3
shell,3
swiss,3
vvitch,3
winner,3
witch,3
zola,3
ãƒ©ã‚¤ãƒãƒ¼,3
drums,3
train,3
SME,3
Transformation,3
court,3
káº¿t,3
cblol,3
chovy,3
faker,3
lec,3
lla,3
lpl,3
pcs,3
t1,3
vcs,3
capcom,3
co-op,3
cooperative,3
astrobiology,3
exoplanet,3
launches,3
missions,3
space.com,3
better,3
Alec,3
aze,3
benazelart,3
zelart,3
abra,3
arca,3
cellophane,3
fkatwigs,3
Kelsey,3
Krule,3
lu,3
magdalene,3
Moses,3
recordings,3
sumney,3
terrain,3
Turks,3
weeks,3
alia,3
Ğ¾Ğ»ĞµĞ³,3
Melbourne,3
V8,3
Bolsa,3
rico,3
Valores,3
Bills,3
mulheres,3
namorada,3
seu,3
Clown,3
Violet,3
snl,3
maquiagem,3
mari,3
Abrams,3
broadcast,3
Front,3
Ğ³ĞµĞ¹Ğ¼Ğ¿Ğ»ĞµĞ¹,3
beinsport,3
beinsports,3
evan,3
nets,3
72,3
Extended,3
Johns,3
Yesterday,3
yesterdays,3
cuphead,3
fnf,3
corrida,3
Mateus,3
Unlimited,3
Zombie,3
backyard,3
storage,3
æ—…è¡Œ,3
å®¶åº­äº’åŠ¨,3
æç¬‘åˆ›ä½œ,3
æç¬‘å®¶åº­,3
ç”Ÿæ´»è¶£äº‹,3
ÑĞºÑĞ¿ĞµÑ€Ğ¸Ğ¼ĞµĞ½Ñ‚Ñ‹,3
Regional,3
äººæ°—,3
ç±³æ´¥ç„å¸«,3
HFC,3
Ğ±Ğ¾Ñ€ÑŒĞ±Ğ°,3
Stonie,3
slow,3
Leclerc,3
Ğ¨ĞºĞ¾Ğ»Ñ‹,3
ÑĞ´ĞµĞ»Ğ°Ñ‚ÑŒ,3
ÑĞ¼ĞµÑˆĞ½Ğ¾,3
Ğ¼Ğ°ĞºÑĞ¸Ğ¼,3
musculation,3
Ù…Ø¶Ø­Ùƒ,3
celeb,3
æµ·å¤–ãƒ‰ãƒ©ãƒ,3
ÑĞµĞ¼ĞµĞ¹Ğ½Ñ‹Ğ¹,3
åˆéŸ³ãƒŸã‚¯,3
Coke,3
Abandoned,3
Our,3
asus,3
podpah,3
tecnologia,3
virus,3
jewelry,3
needle,3
SAI,3
ÑĞ²ĞµĞ¶Ğ¸Ğµ,3
Chargers,3
Dolphins,3
Giants,3
nfc,3
offense,3
Patriots,3
Steelers,3
Nvidia,3
ĞšĞ¾Ğ¼Ğ¿ÑŒÑÑ‚ĞµÑ€,3
beatbox,3
ãƒ«ãƒ¼ãƒ†ã‚£ãƒ³,3
portuguese,3
HomePod,3
MacBook,3
nordeste,3
set,3
ĞœĞµĞ´Ğ²ĞµĞ´ÑŒ,3
Giro,3
wanna,3
Azerbaijan,3
Ğ¿Ñ€Ğ¸ĞºĞ¾Ğ»Ğ¾Ğ²,3
Fyp,3
å¹½é»˜å‰§æƒ…,3
ãƒ©ã‚¸ã‚ª,3
Ğ»Ğ°Ğ¹Ñ„,3
ĞµÑ„Ñ–Ñ€,3
Ğ¿Ñ€ÑĞ¼Ğ¸Ğ¹,3
sauce,3
development,3
finds,3
interaction,3
recommendations,3
luiz,3
ç·åˆæ ¼é—˜æŠ€,3
devi,3
KBS2,3
kbspop,3
musicbank,3
ë®¤ë±…,3
ë®¤ì§ë±…í¬,3
ìŒì•…,3
ì¼€ì´ë¹„ì—ìŠ¤,3
ĞĞ½Ğ´Ñ€ĞµĞ¹,3
Ğ´ÑƒÑˆĞ¸,3
greenville,3
ted,3
FogÃ£o,3
Minha,3
simples,3
puzzle,3
botafogo,3
fluminense,3
estrela,3
Jornalismo,3
å¤§é£Ÿã„,3
delaney,3
Urban,3
loco,3
viajando,3
menÃ¼,3
pizza,3
sushi,3
Times,3
Kodak,3
Morar,3
sÃ³,3
brain,3
Ñ…Ğ¾Ñ€Ñ€Ğ¾Ñ€,3
æ—¥å¸¸,3
wagon,3
Dash,3
å®¶åº­æç¬‘è§†é¢‘,3
æç¬‘çŸ­ç‰‡,3
burger,3
mcdonalds,3
Sul-Americana,3
vert,3
Highlight,3
idade,3
som,3
Covers,3
LO,3
PAZ,3
roadkill,3
Rod,3
aka,3
downtown,3
#AEW,3
#NJPW,3
AEW,3
belts,3
BRYAN,3
DANIELSON,3
door,3
dynamite,3
forbidden,3
mjf,3
MOXLEY,3
NJPW,3
OKADA,3
OMEGA,3
OSPREAY,3
ãŠé‡‘,3
çµŒå–¶,3
Alpha,3
Ğ®Ñ€Ğ¸Ğ¹,3
Lg,3
Wheeling,3
ĞšĞ°Ñ€Ğ¾Ğ»Ğ¸Ğ½Ğ°,3
(Video,3
create-a-sim,3
Game),3
newcrest,3
together,3
historias,3
hikakin,3
Ğ°Ğ²Ñ‚Ğ¾-Ğ¿Ğ¾Ğ´Ğ±Ğ¾Ñ€,3
dubstep,3
Gourmet,3
idea,3
porn,3
vulgarisation,3
ANN,3
ĞĞ½Ñ,3
feuripe,3
trolagem,3
SAMURAI,3
Ñ€ÑƒÑÑĞºĞ°Ñ,3
Bay,3
Jurassic,3
Potter,3
ãŠã‚‚ã—ã‚å‹•ç”»,3
ãƒã‚«,3
ã¯ã˜ã‚ç¤¾é•·,3
Ğ‘ĞµĞ»Ğ°Ñ€ÑƒÑĞ¸,3
Ñ‚ĞµĞ»ĞµĞ²Ğ¸Ğ´ĞµĞ½Ğ¸Ğµ,3
four,3
ãƒ—ãƒ­ã‚¹ãƒ”A,3
bal,3
miami,3
GQ,3
Tattoo,3
yo,3
Ğ½Ğ°Ğ²Ğ°Ğ»ÑŒĞ½Ñ‹Ğ¹,3
dafuqboom,3
evil,3
scream,3
æŠ•ç¨¿,3
ç”·å­,3
Ğ±ĞµÑ€ĞµĞ¼ĞµĞ½Ğ½Ğ°,3
Ñ€Ğ°Ğ·Ğ¾Ğ±Ğ»Ğ°Ñ‡ĞµĞ½Ğ¸Ğµ,3
Ñ€Ğ¾ÑÑ–Ñ,3
blumhouse,3
Bond,3
carol,3
trade,3
heart,3
Ruth,3
ÑƒĞºÑ€Ğ°Ğ¸Ğ½Ğµ,3
Championships,3
peter,3
ĞºĞ»Ğ¸Ğ¿Ñ‹,3
independence,3
angela,3
boi,3
bricolage,3
ma,3
divertido,3
mochilÃ£o,3
Ğ¼Ğ°ĞºĞ¸ÑĞ¶,3
Ğ½Ğ¾Ğ²Ñ‹Ğµ,3
autumn,3
internationals,3
november,3
october,3
second,3
XD,3
williams,3
chronique,3
emiliano,3
Ğ»Ğ¸Ğ³Ğ°,3
bon,3
restaurants,3
ç¾å®¹,3
Ğ´Ğ½Ñ,3
Aston,3
supporters,3
torcida,3
woohoo,3
ãƒ©ã‚¤ãƒ•ã‚¹ã‚¿ã‚¤ãƒ«,3
Tuesday,3
å¤©æ°—,3
Access,3
kit,3
unilad,3
creator,3
Ğ¡ĞœĞ˜,3
europeu,3
Puppet,3
Worth,3
sitio,3
genshin,3
selvagem,3
skip,3
vsauce,3
cookie,3
å„¿ç«¥æˆé•¿,3
æ—¥å¸¸vlog,3
Ğ¼ĞµĞ¶Ğ´ÑƒĞ½Ğ°Ñ€Ğ¾Ğ´Ğ½Ñ‹Ğµ,3
dona,3
acting,3
banks,3
desi,3
Anitta,3
therapy,3
ãƒ—ãƒ¬ãƒŸã‚¢ãƒªãƒ¼ã‚°,3
phones,3
b3,3
finishing,3
moves,3
submission,3
SummerSlam,3
wrestler,3
Ø§Ù„Ø§Ù†ØªÙ‡Ø§Ø¡,3
Ø§Ù„ØªØ­Ø±ÙƒØ§Øª,3
Ø§Ù„ØªØ­Ø±ÙƒØ§ØªØ§Ù„Ø§Ù†ØªÙ‡Ø§Ø¡,3
Ø§Ù„Ø±ÙŠØ§Ø¶Ø©,3
Ø§Ù„Ù‚ØªØ§Ù„ÙŠØ©,3
Ø§Ù„Ù…Ø­ØªØ±ÙÙŠÙ†,3
Ù…ØµØ§Ø±Ø¹Ø©,3
à¤•à¥à¤¶à¥à¤¤à¥€,3
à¤šà¤¾à¤²à¥‡à¤‚,3
à¤ªà¤°à¤¿à¤·à¥à¤•à¤°à¤£,3
à¤µà¥à¤¯à¤¾à¤µà¤¸à¤¾à¤¯à¤¿à¤•,3
4kpapi,3
Espada,3
poder,3
Melanie,3
Stewart,3
bill,3
edward,3
y,3
benjamin,3
Georgia,3
mendrake,3
ĞšĞ¾Ğ½Ğ¾Ñ€,3
ĞÑƒÑ€Ğ¼Ğ°Ğ³Ğ¾Ğ¼ĞµĞ´Ğ¾Ğ²,3
Ğ¥Ğ°Ğ±Ğ¸Ğ±,3
klatt,3
dÃ©molition,3
Purple,3
toon,3
May,3
famous,3
taylor,3
mercato,3
bravo,3
orange,3
Uzbek,3
Ğ£Ğ—Ğ‘Ğ•Ğš,3
useful,3
Bayern,3
ranch,3
Ğ¿Ğº,3
bridges,3
judge,3
wnba,3
Smartphones,3
Naka,3
labelcom,3
Automobiles,3
Entrepreneurship,3
Military,3
Security,3
Ğ²Ñ‹Ğ±Ğ¾Ñ€Ñ‹,3
acro,3
contortion,3
moms,3
photography,3
ashes,3
Bash,3
bbl,3
border-gavaskar,3
catv,3
cricketcomau,3
KFC,3
mitchell,3
ODI,3
one-day,3
seed,3
Sheffield,3
starc,3
T20,3
wbbl,3
documentaries,3
hbo,3
classico,3
flash,3
lyonnais,3
é–¢è¥¿,3
rede,3
cocktail,3
campaign,3
mamma,3
joker,3
she,3
Die,3
meal,3
å„¿ç«¥æç¬‘,3
å®¶åº­è§†é¢‘,3
q,3
Ğ»Ğ¸Ñ†Ğ°,3
Ğ¿ĞµÑ€Ğ²Ğ¾Ğ³Ğ¾,3
pesca,3
pescaria,3
foryou,3
TM,3
ALLSTARS,3
BMSG,3
ãƒ©ãƒƒãƒ—,3
Battlefield,3
æ­Œã„æ‰‹,3
dr.,3
carrie,3
inaba,3
gasoline,3
BB,3
BBTAG,3
BLAZBLUE,3
GGST,3
GUILTY,3
ã‚¢ãƒ¼ã‚¯,3
ã‚¢ãƒ¼ã‚¯ã‚·ã‚¹ãƒ†ãƒ ãƒ¯ãƒ¼ã‚¯ã‚¹,3
ã‚¦ã‚£ã‚¶ãƒ¼ã‚ºã‚·ãƒ³ãƒ•ã‚©ãƒ‹ãƒ¼,3
ãŠãã‚‰ã,3
ã‚®ãƒ«ãƒ†ã‚£ã‚®ã‚¢,3
ãã«ãŠãã‚“,3
ã¶ã‚‹ã‚‰ã˜,3
ãƒ–ãƒ¬ã‚¤ãƒ–ãƒ«ãƒ¼,3
æ ¼é—˜ã‚²ãƒ¼ãƒ ,3
ç¥å®®å¯ºä¸‰éƒ,3
ÑˆĞºĞ¾Ğ»Ğ°,3
Control,3
Lost,3
Smoke,3
ãƒ©ã‚¤ã‚¸ãƒ³,3
undisputed,3
Hearthstone,3
Criminal,3
SURVIVOR,3
Color,3
Dessert,3
ĞĞ²Ñ‚Ğ¾Ğ¼Ğ¾Ğ±Ğ¸Ğ»ÑŒ,3
Crouton,3
Valouzz,3
draw,3
kendrick,3
avaliaÃ§Ã£o,3
fans,3
bridge,3
civil,3
bro,3
Ğ°Ğ¿,2
ĞºĞ¾Ğ¼Ğ°Ğ½Ğ´Ğ°,2
Bella,2
Chanson,2
comme,2
d'assaut,2
Maitre,2
Sexion,2
urbaine,2
Ğ¿ÑƒÑ‚ĞµÑˆĞµÑÑ‚Ğ²Ğ¸Ğµ,2
Brock,2
indy,2
Ğ“Ğ¾Ñ€Ğ´Ğ¾Ğ½,2
Ğ“Ğ¾Ñ€Ğ´Ğ¾Ğ½Ğ°,2
Ğ¿Ğ¾Ğ»Ğ¸Ñ‚Ğ¸ĞºĞ°Ğ¼Ğ¸,2
ÑĞ¾,2
depp,2
johnny,2
signore,2
andro,2
jony,2
conseil,2
survie,2
Buffalo,2
caÃ§adores,2
victoria,2
Alissa,2
Bizaardvark,2
mongeau,2
tana,2
akiva,2
jizz,2
jorma,2
pants,2
maquiagens,2
maquiar,2
marimaria,2
marimariamakeup,2
afrobeats,2
distribution,2
Heights,2
andreas,2
Ğ¼Ğ¾Ğ½Ñ‚Ğ°Ğ¶,2
lion,2
bein,2
celtics,2
lakers,2
Mashed,2
spongebob,2
naaait,2
naait,2
Naiit,2
Nait,2
nait_ofc,2
NaitPlay,2
NaitPlayer,2
Naitt,2
nat,2
neit,2
nit,2
EC,2
organization,2
solutions,2
ãƒˆãƒ¯ã‚¤ã‚¹,2
ã‚­ãƒ£ãƒ³ãƒ”ãƒ³ã‚°ã‚«ãƒ¼,2
æµ·å¤–,2
Ğ¿ÑĞ¸Ñ…Ğ¾Ğ»Ğ¾Ğ³Ğ¸Ñ,2
Being,2
Husbands,2
Jane,2
Slay,2
bomaye,2
musik,2
nouveautes,2
crushers,2
dechambeau,2
lessons,2
åˆ›æ„è§†é¢‘,2
å®¶åº­è§’è‰²æ‰®æ¼”,2
Jio,2
JioStudios,2
Malayalam,2
Malyalam,2
Marathi,2
Punjabhi,2
Punjbai,2
Releases,2
Saavn,2
J-POP,2
YOASOBI,2
ã‚¸ãƒ£ãƒ‹ãƒ¼ã‚º,2
ãƒŸãƒ¥ãƒ¼ã‚¸ãƒƒã‚¯ãƒ“ãƒ‡ã‚ª,2
Celebridades,2
Flor,2
fofocalizando,2
Ã­ntegra,2
Ğ´Ñ€Ğ°ĞºĞ°,2
Ñ€ĞµĞ°Ğ»Ğ¸Ñ‚Ğ¸,2
chemical,2
danger,2
gerard,2
mcr,2
Bauer,2
Reds,2
Trevor,2
Bryant,2
Malik,2
Zack,2
booba,2
Leauge,2
Megatoad,2
MLE,2
triple,2
Maroc,2
Driver,2
Scuderia,2
Ğ ÑƒÑĞ»Ğ°Ğ½,2
Ñ‚Ñ€ĞµĞ²ĞµĞ»,2
Ğ’Ğ¸ĞºÑ‚Ğ¾Ñ€,2
Burroughs,2
K24,2
Stance,2
StanceWorks,2
Suspension,2
Daz,2
watches,2
cpu,2
gadget,2
gpu,2
monitor,2
phone,2
fusÃ©e,2
Ğ²Ğ¸Ğ½Ğ´Ğ¸,2
ÑĞ¼ĞµÑÑ‚ÑŒÑÑ,2
pontiacmadeddg,2
CBC,2
ä¸­ç¶™,2
Ğ³Ğ°Ğ´Ğ¶ĞµÑ‚Ğ¾Ğ²,2
plante,2
Ø¬Ø¯ÙŠØ¯Ø©,2
Ù†ÙˆØ±,2
Ùˆ,2
ãƒ—ãƒ¬ãƒŸã‚¢,2
ãƒ¢ãƒ‡ãƒ«,2
äºˆå‘Šç·¨,2
ç‰¹å ±,2
basebuilding,2
cookierun,2
cookierunkingdom,2
cookierunovenbreak,2
cro,2
endlessrunner,2
simulation,2
h3h3,2
hila,2
klein,2
disguisedtoast,2
jodi,2
lily,2
lilypichu,2
masayoshi,2
offline,2
offlinetv,2
offlinetv+,2
otv,2
otv+,2
poki,2
pokimane,2
quarterjade,2
reeves,2
scarra,2
syd,2
sydeon,2
toast,2
yvonnie,2
ÑĞ²ĞµÑ‚Ğ°,2
Ğ³Ğ¾Ğ»Ñ‹,2
Ğ¼Ğ°Ñ‚Ñ‡ĞµĞ¹,2
Ñ‚Ñ€Ğ¸,2
delorean,2
ãƒ—ãƒ­ã‚»ã‚«,2
ä¹ƒæœ¨å‚,2
åŸç”°è‘µ,2
æ—¥å‘å‚46,2
Blugill,2
Lakes,2
Lures,2
Poles,2
Ponds,2
Reels,2
Diet,2
Resources,2
Ñ€ÑƒÑÑĞºĞ¸Ğ¹,2
e-sports,2
HQ,2
msi,2
skillshot,2
spoiler-free,2
spoilers,2
service,2
fatshow,2
filmmaking,2
filmography,2
rooftop,2
storror,2
construÃ§Ã£o,2
fala,2
oficina,2
pesadelo,2
rog,2
Hobby,2
ÑƒÑ€Ğ¾ĞºĞ¸,2
ÑĞµĞ¹Ñ‡Ğ°Ñ,2
expose,2
magicexposed,2
masomkamagic,2
revealed,2
Tampa,2
ğŸ´,2
49ers,2
Bengals,2
Browns,2
Buccaneers,2
Bucs,2
Cardinals,2
Chiefs,2
Colts,2
Falcons,2
Jaguars,2
Niners,2
Packers,2
Panthers,2
Pats,2
Raiders,2
Ravens,2
Redskins,2
Saints,2
Seahawks,2
Texans,2
wargaming,2
Ğ’Ğ¸Ğ´ĞµĞ¾ĞºĞ°Ñ€Ñ‚Ğ°,2
ĞšĞ¾Ğ¼Ğ¿Ğ»ĞµĞºÑ‚ÑƒÑÑ‰Ğ¸Ğµ,2
Ğ›ĞµÑ‚ÑĞ¿Ğ»ĞµĞ¸,2
ĞĞ¾ÑƒÑ‚Ğ±ÑƒĞº,2
Ñ‚Ğ°Ğ½Ğº,2
Ñ‚Ğ°Ğ½ĞºĞ¾Ğ²,2
recife,2
Pubg,2
rien,2
Cowell,2
FremantleMedia,2
Got,2
Syco,2
Talent,2
anny,2
d'italia,2
Derulo,2
dont,2
arb,2
efir,2
var,2
internet,2
gibi,2
relax,2
relaxation,2
relief,2
sleep,2
stress,2
#Funny,2
avis,2
Ğ¶Ğ¸Ğ·Ğ½ĞµĞ½Ğ½Ñ‹Ğ¹,2
Ğ¼Ğ¾Ğ³Ñƒ,2
Ñ…Ğ¾Ñ€Ğ¾ÑˆĞµĞµ,2
Lifehack,2
å†œæ‘ç”Ÿæ´»,2
æ¬¢ç¬‘æºæ³‰,2
æŒãæ–¹,2
é‡£ã‚Š,2
ã‚ã„ã¿ã‚‡ã‚“,2
Ñ„ĞµĞ¹Ğ³Ğ¸Ğ½,2
abdos,2
bikini,2
maison,2
muscu,2
plat,2
startup,2
family-friendly,2
urbex,2
Saber,2
Saberspark,2
qui,2
ã‚„ã£ã¦ã¿ãŸ,2
çˆ¬è™«é¡,2
è¶£å‘³,2
d3,2
entrepreneur,2
notes,2
patch,2
stylosa,2
Ø¨Ù†ÙØ³Ùƒ,2
Ø­Ø±Ù,2
Ø¹Ø§Ø¦Ù„ÙŠ,2
Ğ±Ğ¾Ñ,2
Ñ€Ğ°Ğ·Ğ±Ğ¾Ñ€,2
Ñ‚ÑƒÑ€Ğ½Ğ¸Ñ€,2
Ğ²Ğ°Ğ¼,2
diana,2
lauren,2
spartanburg,2
Caipira,2
ChÃ¡cara,2
doce,2
frito,2
lenha,2
PÃ£o,2
Querida,2
Rocinha,2
Minegirl,2
craque,2
pistola,2
aventura,2
Mafia,2
Novela,2
Novelas,2
por,2
Dad,2
ã—ã®ã‘ã‚“,2
anwar,2
awkward,2
baker,2
glazer,2
hannah,2
jibawi,2
juanpa,2
mancuso,2
pons,2
puppets,2
stocking,2
zurita,2
Ğ·Ğ²ÑƒĞºĞ¸,2
Ğ›ĞµÑ,2
ĞÑ…Ğ¾Ñ‚Ğ°,2
Ñ€Ñ‹Ğ±Ñ‹,2
Ğ¢ÑƒÑ€Ğ¸Ğ·Ğ¼,2
Rodolffo,2
Jefe,2
animaÃ§Ãµes,2
cache,2
micro,2
ou,2
ton,2
inteligente,2
porta,2
rafael,2
Chriss,2
draymond,2
Dub,2
DubNation,2
GS,2
gsw,2
iguodala,2
klay,2
lacob,2
Marquese,2
Paschall,2
thompson,2
Wiggins,2
dois,2
spor,2
tr,2
tÃ¼m,2
tÃ¼rkiye,2
videolarÄ±,2
brexit,2
Foreign,2
Reporting,2
Livin,2
compras,2
EUA,2
ingles,2
sair,2
britt,2
Butler,2
Cringe,2
Dirksen,2
hertz,2
nailish,2
nalish,2
nelish,2
Payne,2
Prodigy,2
shailesh,2
shalish,2
Tricking,2
onion,2
horrors,2
Ğ¸Ğ½Ğ´Ğ¸,2
ÑÑ‚Ñ€Ğ°ÑˆĞ½Ñ‹Ğµ,2
ÑƒĞ³Ğ°Ñ€,2
Ñ…Ğ¾Ñ€Ñ€Ğ¾Ñ€Ñ‹,2
è‹±èª,2
estÃ¡dios,2
Hauts-de-France,2
MÃ©dias,2
Programmes,2
ASD,2
ç™ºé”éšœå®³,2
è‡ªé–‰ç—‡,2
è‡ªé–‰ç—‡ã‚¹ãƒšã‚¯ãƒˆãƒ©ãƒ ,2
Ğ±Ğ»Ğ¾Ğ³ĞµÑ€Ñ‹,2
ÑĞ°Ğ¼Ñ‹Ğ¹,2
features,2
quality,2
ATEEZ,2
BIGHIT,2
BRISXLIFE,2
ENHYPEN,2
HYBE,2
STRAYKIDS,2
Cowherd,2
Apostrophe,2
Cologne,2
Colon,2
Kitsune,2
18,2
Beat,2
Castenada,2
Golfing,2
holes,2
Playing,2
scharff,2
slice,2
farmhouse,2
sourdough,2
whole,2
edson,2
hudson,2
se,2
tiro,2
beard,2
hamburguer,2
sanduÃ­che,2
subway,2
ĞºĞ¾Ğ¼Ğ¸ĞºĞ¸,2
Sulamericana,2
parisien,2
paroles,2
comprendre,2
nord,2
Normandie,2
potager,2
tout,2
ligue1,2
dinossauro,2
lobisomem,2
manetikin,2
manikin,2
velho,2
Ğ¿Ñ€Ğ¾Ğ¸ÑÑ…Ğ¾Ğ´Ğ¸Ñ‚,2
BUENO,2
Juliano,2
nome,2
Bee,2
Crusher,2
dyno,2
E-rod,2
F-bomb,2
Freiberger,2
Freiburger,2
Frieberger,2
Frieburger,2
FryburgerSuper,2
Excavation,2
haus,2
hausplans,2
houseplans,2
cheater,2
Milo,2
soar,2
trickshot,2
Coronavirus,2
äººé–“é–¢ä¿‚,2
æˆæ¥­,2
cen0,2
ceno,2
ceno0,2
demoman,2
engage,2
engi,2
engie,2
Filmmaker,2
Fortress,2
killer,2
medic,2
pootis,2
pyro,2
saxxy,2
scout,2
sfm,2
Source,2
tf2,2
Wolfalberto,2
forging,2
Outdoor,2
trapping,2
ĞÑ€ĞµÑÑ‚Ğ¾Ğ²Ğ¸Ñ‡,2
ĞœĞ¸ĞºĞ¾Ğ»Ğ°,2
ĞĞ¸ĞºĞ¾Ğ»Ğ°Ğ¹,2
ĞĞ»ĞµĞºÑÑ–Ğ¹,2
Ğ¤ĞµĞ»ÑŒĞ´Ğ¼Ğ°Ğ½,2
14+,2
fool's,2
fools,2
autocomplete,2
wired,2
Ğ·Ğ´Ğ¾Ñ€Ğ¾Ğ²ÑŒĞµ,2
Blackjack,2
Kempkamania,2
Kempke,2
Crawler,2
Hollow,2
Lockers,2
Mall,2
Rollover,2
Trails,2
mansao,2
clues,2
escape,2
gamemaster,2
overnight,2
quadrant,2
survivial,2
Karolina,2
Monika,2
Monilina,2
ĞœĞ¾Ğ½Ğ¸ĞºĞ°,2
ĞœĞ¾Ğ½Ğ¸Ğ»Ğ¸Ğ½Ğ°,2
fogo,2
