Canal,Total_de_visualizacoes
MrBeast,1034975775
"Nam PhÆ°Æ¡ng",392319202
"Stokes Twins",389253802
ç«å½±å¿è€…ä¸€å®¶,348880075
ROSÃ‰,333802547
"La La Learn",308866691
"Leisi Crazy",245697676
LKCJ,231904142
"Cool Items Official",228127756
è·¯é£ä¸å”èˆæ¡,225214913
"Justin Flom",223065765
"Marusya Outdoors",220860188
"Mark Rober",213152142
"Daniel LaBelle",203374553
BABYMONSTER,187909669
"LE FOOT EN VIDÃ‰O",148206000
"Celine Dept",144671480
"Mr DegrEE",140832489
"HYBE LABELS",139898889
"Super Beauty team",131262960
Mæ¡£æ¡ˆ,129935817
èŒèŒä¸èˆæ¡,122369683
"LearnToon - Learn & Play",117372355
ä¸€èˆª1,111037411
è¶…äººå¤«å¦‡,108565518
"Jojo Sim",103163590
"Thiago Productions",102834099
ä½åŠ©ä¸é¸£äºº,99909169
Brianna,97972077
å…”å­è­¦å®˜,92023186
"MasomkaMagic  ",91484414
"Los Wagners",89788570
"Topper Guild",88061862
"Ø­Ø±Ù Ø¥Ø¨Ø¯Ø§Ø¹ÙŠØ© Ù„Ù„Ù…Ù†Ø²Ù„ ÙÙŠ 5 Ø¯Ù‚Ø§Ø¦Ù‚",87812815
JENNIE,87515666
"Holly Wolly Bow Arabic",87035390
MoniLina,86865220
"Emilly Vick",86664437
STORROR,82764414
"TrÃ  Äáº·ng Official",81941599
UNILAD,80980903
"Victoria Pfeifer",79855295
å¯çˆ±å°ç”œç”œ,78310841
"Omar Raja - ESPN",74626272
"Crafty Buddy",74284616
JioStudios,73222272
"Andrey Grechka",72940187
SMTOWN,72349324
cricket.com.au,71932834
"Mnet K-POP",71237876
"ĞĞ½Ğ°ÑÑ‚Ğ°ÑĞ¸Ñ Ğ¢Ğ°Ñ€Ğ°ÑĞ¾Ğ²Ğ°",70522755
"ISSEI / ã„ã£ã›ã„",68337256
å¥½äººå°ä¸‘,68029881
"DUDU e CAROL",65950681
Preston,63972334
"Brawl Stars",63532995
"Ù…Ù‡Ø§Ø±Ø§Øª Ø­Ø±ÙÙŠØ©",62426415
"Anthony Wreyn",62414069
"Mythri Movie Makers",62061714
"Zack D. Films",61537635
NFL,60889077
æ•´ä¸ªè·¯äºº,60867148
"Jordan Matter",58046088
"triplets - èƒ¡å®¶ä¸‰åƒé‡‘",57038398
"The Royalty Family",55252955
"Red Bull",54542220
T-Series,53597970
"JYP Entertainment",53065609
"Devil Lilith",52747794
å¥‡è»’Tricking,52531800
AnythingAlexia,52212017
PowerfulJRE,50533067
"UR Â· Cristiano",50249296
"FORMULA 1",49787067
GLITCH,48965204
"ĞĞ°Ñ‚ÑƒÑ€Ğ°Ğ» ĞĞ»ÑŒĞ±ĞµÑ€Ñ‚Ğ¾Ğ²Ğ¸Ñ‡",47679810
"Dil Raju",47559853
"Ross Smith",46709776
"Brent Rivera",46315720
CONMEBOL,46110572
DaFuq!?Boom!,46052808
"Universal Pictures",44983189
Nubank,44885638
"Nadir Show",43481398
ESPN,43258505
"ILYA BORZOV",43152002
"Family Games Media",43071799
"Kan Andrey",42903009
"Ryan Trahan",42729296
"Zidaan Shahid Aly",42433247
"Minec Music Short",41824727
ge,41261402
"LeoNata Family",40422314
Apple,40378780
Jeenie.Weenie,40229776
KarolGVEVO,40160158
å®¶åº­æç¬‘æ—¥è®°,38776781
"Nick DiGiovanni",38406979
"Bondi Vet",38404366
"T-Series Telugu",38027215
"KING VADER",37384971
"Triple Charm",37244780
"Secret Vlog",36837449
"Diana Belitskay",36820903
å°èš‚èšå’Œå°å®‡å®™,36511483
KSI,36381562
"Endless Love",34738697
"Matt Larose",34297331
"Dude Perfect",34193739
"KQ ENTERTAINMENT",34127443
"Chefclub Shorts",34121973
Skitsters,34030710
"Combo Panda",34008603
OfficialGDRAGON,33656947
"Red Bull Bike",33389476
"Alyssa's Ways",32276266
"Yellow Dress Girl",32276266
shakiraVEVO,32011610
"Blue Man Group",31561402
"izna (ì´ì¦ˆë‚˜)",31423394
"Elsa Arca",31332202
Enaldinho,30986882
MiniMoochi,30915585
"Bruno Mars",30850579
SNAK,30478229
SQUEEZIE,30167803
"Kendrick Lamar",30166265
"Funny daughter's daily life",30145624
ã¯ã˜ã‚ã—ã‚ƒã¡ã‚‡ãƒ¼ï¼ˆhajimeï¼‰,30135032
"Marvel Entertainment",29943876
"MasterChef Brasil",29913782
"Mini Katana",29685536
"Ben Azelart",29662875
"Alan Chikin Chow",28937717
"Paramount Pictures",28859747
"Ong Squad",28660792
"Linkin Park",28035777
Netflix,27860503
"UV Creations",27855693
"MasterChef World Shorts",27850414
"Saregama Telugu",27766774
"The People's Court",27701999
Jesser,26301292
"Harley Quinn with the Joker",26097063
BigSchool,25969384
"Joe Albanese",25819434
"ESPN Brasil",25783214
"Clash of Clans",25477966
"Tyler, The Creator",25435989
"TNT Sports Brasil",25087687
im_siowei,24790428
"Pocket Cine",24658582
help_by_godğŸ«‚,24645657
"The Stella Show",24349804
"Hey It's Honeysuckle",24301645
"MrBeast 2",23644609
"Sick Science!",23479322
"For Crafts Sake Shorts",23422619
"Caters Clips",23308245
"Karina ",23300860
"Recap Mood",22959992
"Garena Free Fire Global",22918717
"Karan Aujla",22722576
"Sonar Produtora ",22196896
BeatboxJCOP,21906490
"Kurzgesagt â€“ In a Nutshell",21631680
"Robby and Penny",21542969
"YBS Youngbloods",21521683
"LALIGA EA SPORTS",21513415
"Sam and Colby",21374165
MLB,21268961
Kep1er,20836541
Jazzghost,20642045
"Snow Man",20295075
"Dr. Max Reiner",20125146
"MrLololoshka (Ğ Ğ¾Ğ¼Ğ°Ğ½ Ğ¤Ğ¸Ğ»ÑŒÑ‡ĞµĞ½ĞºĞ¾Ğ²)",20091191
"Associated Press",19952332
"Kate Brush",19862622
"Tyler, The Creator - Topic",19847825
ĞĞĞ’ĞĞ¡Ğ¢ĞĞ˜Ğ§ĞĞš,19806163
"LLOUD Official",19732278
NickandCarrie,19710859
"Socola Funny",19456276
"Luan Santana",19254594
"Rehaan Records",19036822
"Fox News",18934332
"Leozinn 077",18892381
MrTalalaa,18793985
IShowSpeed,18691018
"Kai Cenat Live",18550163
Lionfield,18457322
JREHighlights,18342809
Fortnite,18257959
LadyGagaVEVO,18231463
"æå­æŸ’ Liziqi",17854099
"Mcfly et Carlito",17760364
XG,17633256
"Kika Kim",17426821
LazarBeam,17414429
"Creepy Nuts",16987678
"Fox Movie",16849117
"League of Legends",16760634
THEBLACKLABEL,16605263
"Uzak Åehir",16492828
GrandTV,16431840
Amixem,15992639
STAYC,15899761
"DOM Studio",15718756
MoreSidemen,15511791
"Canal GOAT",15141280
RCDriftTok,15062767
BANGTANTV,15030045
"GG Animation",15005857
TheWeekndVEVO,14884285
BATEK_OFFICIAL,14458314
"Movies Universe",14450898
"Jason Derulo",14276667
"Toronto Argonauts",14253359
"MC Luuky",14243145
"Stray Kids Japan Official YouTube",14134040
"First We Feast",13945356
Peacock,13873876
"CANAL+ Sport",13870366
NBA,13848872
ã‚ˆã«ã®ã¡ã‚ƒã‚“ã­ã‚‹,13844803
BwaJack,13749172
"Mari Maria",13737411
Vsauce,13693422
"Vlog Creations",13576302
SPOTVNOW,13575097
"Savage Vlogs",13497504
"TOUZANI TV",13383899
ãƒãƒ ã‚·ãƒ§ãƒ¼ã®ã‚¹ãƒãƒ¼ãƒ„å®Ÿæ³ch,13351223
"BROTHERS VLOG",13222182
Ğš-Media,13211644
"SAY MY NAME",13156196
"TD BRICKS",12970645
"Tibo InShape",12951099
WWE,12950907
"Riot Games Music",12569565
"America's Funniest Home Videos",12444730
"STUDIO CHOOM [ìŠ¤íŠœë””ì˜¤ ì¶¤]",12419301
BVIRAL,12383578
"Andra Gogan",12339332
"JuTOS tv",12254182
"Stay Wild",12191831
"Sithara Entertainments",12191609
TVã‚¢ãƒ‹ãƒ¡ã€æ¨ã—ã®å­ã€‘å…¬å¼ãƒãƒ£ãƒ³ãƒãƒ«,12188367
æ±æµ·ã‚ªãƒ³ã‚¨ã‚¢,12116222
"Wee Animation",12051488
JaidenAnimations,11924477
"Ğ’Ğ¾ĞµĞ½Ğ½Ñ‹Ğµ Ğ¡Ğ²Ğ¾Ğ´ĞºĞ¸",11909121
BalcevMMA_BOXING,11765155
"IMP. OFFICIAL",11752628
INI,11644962
CazÃ©TV,11635637
"Anwar Jibawi",11460275
CTVBY,11436223
"Tito Double P",11390653
Sevdaliza,11376103
Veritasium,11361014
"Kirya Kolesnikov",11207148
"Lala Tv",11143139
MalumaVEVO,11005639
"Nissy Channel",10959137
"Sushant KC",10778646
TylaVEVO,10765156
"FC Barcelona",10748108
"DAZN Japan",10683130
"Ø¹Ø§Ø¦Ù„Ø© Ø§Ø¨Ùˆ Ø±Ø¹Ø¯ Abo Raad family",10672146
meGAME,10672066
"KISS OF LIFE",10639329
"Manchester United",10543936
"Thoren Bradley",10518782
"Tommy Technetium",10478478
"TNT Sports",10439905
"People Media Factory",10433043
"Ğ˜Ğ›Ğ¬Ğ”ĞĞ  ĞĞ’Ğ¢Ğ-ĞŸĞĞ”Ğ‘ĞĞ ",10431150
éœ²å…®ç²‘ç²‘,10403587
"INNA SERG",10276183
Banheiristas,10194830
"Real Douluo Short Video",10180621
"Saturday Night Live",10000880
"Megan Thee Stallion",9963422
"SBSKPOP X INKIGAYO",9921942
"Noel Deyzel",9810391
"Sakuna Ch. çµåŸã•ããª",9772030
"Ğ˜ÑÑ‚Ğ¾Ñ€Ğ¸Ñ Ğ¾Ğ´Ğ½Ğ¾Ğ³Ğ¾ Ğ²Ğ¾ĞºĞ°Ğ»Ğ¸ÑÑ‚Ğ°",9752116
"Apple TV",9728340
MushroomScreen,9688583
GloRillaVEVO,9674304
MoreAliA,9625230
"Guilherme e Benuto",9479454
"The W.A.D.E. Concept",9479095
Flighthouse,9465025
"Man City",9438094
EYstreem,9425695
"july movies",9421471
A4,9420943
"Debordo Leekunfa",9367797
"Amelia Dimoldenberg",9363824
"JoÃ© DwÃ¨t FilÃ©",9356124
ã«ã˜ã•ã‚“ã˜,9348696
å±±å¡å¡å°æœˆ,9334932
"Archie5 Reacts",9329794
"SKITS Arabic",9315632
"SnowyThrillers Movie",9301288
"Henrique e Juliano",9279857
Futcrunch,9196966
"ĞšÑƒÑˆĞ°Ñ‚ÑŒ Ğ¥Ğ¾Ñ‡Ñƒ",9158218
"CBS Sports Golazo",9074710
Vivziepop,9066386
"Kysha e Mine",9013984
"Saregama Tamil",8978049
"Disney Plus",8962750
TerraGreen,8895683
AveryB,8892385
"THE FIRST TAKE",8841616
"Paramount Brasil",8836681
"Eric Kanevsky Official",8822094
"Gabito Ballesteros",8783193
"Corridor Digital",8761348
"Rancho Humilde",8758712
"House of Highlights",8727648
"Netflix Sports",8703388
"Kalogeras Sisters ",8648444
"Bad Friends",8595967
"FOX 4 Now",8591981
"Ğ ÑƒÑĞ»Ğ°Ğ½ Ğ“Ğ»Ğ°Ğ´ĞµĞ½ĞºĞ¾",8572897
"Ğ–ĞµĞºĞ¸Ñ‡ Ğ”ÑƒĞ±Ñ€Ğ¾Ğ²ÑĞºĞ¸Ğ¹",8536069
"Fight Hub TV",8511824
"Warner Bros. Pictures",8461292
"Rauw Alejandro",8442598
"shark movie",8354058
Hmelkofm,8295503
"Comedy Club",8264768
"Ğ˜Ğ²Ğ°Ğ½ ĞĞ±Ñ€Ğ°Ğ¼Ğ¾Ğ²",8256103
è¯ç´éŸ³æ¨‚è¥¿æ´‹æ—¥éŸ“é »é“,8185977
"Mat Armstrong",8141473
"Celebrity Gossip Central",8079062
"TWICE JAPAN OFFICIAL YouTube Channel",7957986
"Maryana Lokel",7936754
"Sun TV",7918075
"L' immigrÃ© parisien",7890893
"King & Prince",7883352
"MC Cebezinho",7821963
Joris,7812796
"Tottenham Hotspur",7802826
"Ğ¡Ğ¸Ğ¼Ğ±Ğ¾Ñ‡ĞºĞ° ĞŸĞ¸Ğ¼Ğ¿Ğ¾Ñ‡ĞºĞ°",7757872
Mastu,7747916
ã‚ã–ã¾ã—ãƒ†ãƒ¬ãƒ“ãƒãƒ£ãƒ³ãƒãƒ«,7743646
NichLmao,7739331
"hasan and nour shorts",7702155
å°å‡‰å¤«å¦‡,7636728
"Perfect Elephant Movie",7588423
Vaundy,7574543
ExileShow,7554286
PewDiePie,7434916
"ĞšĞ¸Ğº Ğ‘Ñ€ĞµĞ¹Ğ½Ñ",7426270
"Buzzy Bug Arabic",7423681
"ĞœĞĞ¨ ĞœĞ˜Ğ›ĞĞ¨",7383186
"beIN SPORTS France",7297229
ä»¤å’Œã®è™CHANNEL,7291621
è‹é¦¨å‘€,7270022
"20th Century Studios",7182639
"Hasan Minhaj",7180014
"L'Ã©toile Noire",7144638
"CTV News",7137570
Mrwhosetheboss,7137291
BRAVO!,7078301
VIVINOS,7076495
"DAZN Boxing",7057493
"J. Cole",7045724
UFC,7020697
"Ğ”Ğ¸Ğ¼Ğ° ĞœĞ°ÑĞ»ĞµĞ½Ğ½Ğ¸ĞºĞ¾Ğ²  ",7019431
"AFC Asian Cup",6985212
"KINDNESS MAN",6979643
"Rooster Time",6926294
"Mob Entertainment",6909893
"Slime Cat",6905338
Vogue,6858411
"Netflix Brasil",6835312
Haminations,6832013
Markiplier,6825002
"Walt Disney Studios BR",6723664
"Ğ¡Ğ°ÑˆĞ° ĞšĞ²Ğ°ÑˆĞµĞ½Ğ°Ñ",6719600
"JOON Arabic",6711132
BMSG,6704498
"Mat Armstrong MK2",6702240
jacksepticeye,6666162
"Tips Workshop",6630194
Disney,6594203
"HAUS PLANSâ„¢ï¸",6573383
"Quenlin Blackwell",6565084
"Ğ¢Ğ°Ğ¹Ğ½Ğ° ĞœĞœĞ",6563036
JOYCA,6552857
"Wanitwa Mos Entertainment",6532382
Minecraft,6529831
Ğ•Ğ“ĞĞ Ğ˜Ğš,6489882
"BLESSD EL BENDITO ğŸ’™",6474893
"ĞŸĞ Ğ•ĞœĞ˜Ğ¯ Ğ”ĞĞ Ğ’Ğ˜ĞĞ",6453236
"The AFC Hub",6399889
Kis-My-Ft2,6398078
AMP,6389285
A24,6386760
"FaZe Rug",6378062
"Alexey Arestovych",6331996
MBSã‚¢ãƒ‹ãƒ¡&ãƒ‰ãƒ©ãƒ,6264009
æç¬‘ç‘å§,6195871
"AKIpress news",6122729
supershigi,6101869
"Alan Roblox",6055474
"Major League Soccer",6036435
"Grupo Menos Ã© Mais",6021714
"Practical Engineering",6018453
"ĞœĞ¯Ğ¢ĞĞĞ¯ Ğ¤ĞĞĞ¢Ğ",6006206
"ĞœĞ˜ĞĞ£Ğ¡ Ğ‘ĞĞ›Ğ›",6002645
"Manu BahtidÃ£o",5961045
"GAZO OFFICIEL",5916895
StarÂ TV,5911573
Inoxtag,5889060
"ãƒ—ãƒ­ã‚¸ã‚§ã‚¯ãƒˆã‚»ã‚«ã‚¤ ã‚«ãƒ©ãƒ•ãƒ«ã‚¹ãƒ†ãƒ¼ã‚¸! feat. åˆéŸ³ãƒŸã‚¯",5862818
"Suisei Channel",5850282
albert_cancook,5800192
Grian,5790035
"Hades 66",5769474
PINK,5766711
"Green Thumb",5740413
WOWOWã‚µãƒƒã‚«ãƒ¼official,5730529
"GR6 EXPLODE",5696248
DO$HIK,5678316
TateMcRaeVEVO,5649456
Archie5,5625281
"FOX Sports",5621580
"WWE on USA",5608604
Nattan,5606380
IVE,5572239
"Nintendo of America",5569961
"Yailin La Mas Viral",5565688
"Hay Day",5535013
"Wicked Movie",5526548
"FOX Soccer",5521551
"Murilo Huff",5513292
"ä½ä¹…é–“å®£è¡Œã®NOBROCK TV",5462456
i_roblox_queen,5444156
"BO BROWN",5403016
Footasylum,5400144
Pixar,5397105
åƒé¥­è¦ç´§,5385916
ã°ã‚“ã°ã‚“ã–ã„,5377541
"5-Minute Crafts HOUSE",5353719
"World Rugby",5350272
"Drew Gooden",5331133
"Will Tennyson",5316507
Miniminter,5307900
DaVinciMovie,5292860
Donut,5288050
"Science Time",5275663
Gunna,5259259
ĞšĞ•Ğ Ğ¯,5224352
"Marques Brownlee",5199950
"Prime Video",5174203
LilBabyVEVO,5150831
"Serie A",5146711
"Eric Land",5141789
"Renato Cariani",5141283
"Inspired By Jesus",5130749
"Outdoor Boys",5114073
Ğ‘Ğ¸ÑĞºĞ°Ñ,5112520
"Judo Sloth Gaming",5082893
ChrisMD,5061819
"Amazing Children Toys",5029944
HopeScope,5026483
"NPR Music",5010470
Tavarish,4999557
"Maes officiel",4993953
"KAWAII LAB.",4981720
"That Little Puff",4980247
Dream,4974739
å››å°åªå–,4968155
"Universal Pictures Brasil",4940720
"MC Tuto",4938266
"The Grand Tour",4922637
"Safiya Nygaard",4921978
"Domer Grief",4914970
"NEN FAM",4892039
"Ğ”Ğ²Ğ¾Ğµ Ğ¸Ğ³Ñ€Ğ°ÑÑ‚ | ĞĞ°Ñ‚Ğ°ÑˆĞ° Ğ¸ Ğ’Ğ¾Ğ²Ğ°",4880595
"U-NEXT ãƒ•ãƒƒãƒˆãƒœãƒ¼ãƒ«",4877645
"The Deal Guy",4866956
Michou,4860001
"Giggle Jiggle! Arabic",4853318
TheBrianMaps,4812116
ã‚­ãƒ¨ã€‚,4796012
Lachlan,4793351
æ—¥æ¸…é£Ÿå“ã‚°ãƒ«ãƒ¼ãƒ—å…¬å¼ãƒãƒ£ãƒ³ãƒãƒ«,4767422
"Snack Chat",4763772
"Felipe AraÃºjo",4760527
"Juice WRLD",4758652
BradyYourTutor,4757786
"Games EduUu",4754261
ãŠã‚ã¡ã‚“ã‚†ãƒ¼,4746104
Ğ²Ğ”ÑƒĞ´ÑŒ,4738956
Deji,4699764
M-1ã‚°ãƒ©ãƒ³ãƒ—ãƒª,4692764
"Supercar Blondie",4692374
"MILLENNIUM PARADE Official YouTube Channel",4683778
Signature_1m,4654903
"Cris MJ",4648817
"Liverpool FC",4638429
äº€æ¢¨å’Œä¹Ÿ,4596342
"LIL UZI VERT",4582559
"Zenless Zone Zero",4579985
"SBT Sports",4579356
"Kai Trump",4569907
"JJ Olatunji",4568978
PrestonPlayz,4567102
"ĞĞ’Ğ  Ğ¨Ğ¾Ñƒ",4566861
"Ğ“Ğ°Ñ€Ğ°Ğ¶ 54",4565541
"Dubrovsky Play",4549263
thelonelyisland,4548243
"Ğ›Ğ°Ğ¹ĞºĞ¸ Like",4546863
"CFB ON FOX",4525683
MDKTRIO,4521629
"The Times and The Sunday Times",4518305
Zakirovlar_Oilasi,4500802
"Sobre Funk",4498062
ãƒ¢ãƒ³ã‚¹ãƒˆï¼ˆãƒ¢ãƒ³ã‚¹ã‚¿ãƒ¼ã‚¹ãƒˆãƒ©ã‚¤ã‚¯ï¼‰å…¬å¼,4497063
"Jorge & Mateus Oficial",4493517
"Jasiel NuÃ±ez",4482495
"Nidal Wonder",4478643
"Windies Cricket",4478099
"Creepy Nuts",4472189
"Honkai: Star Rail",4467272
Ludwig,4457743
Ğ’Ñ€ĞµĞ¼Ñ-Ğ²Ğ¿ĞµÑ€Ñ‘Ğ´!,4457724
TÃ©lÃ©foot,4440778
"FUERZA REGIDA",4439010
AcademeG,4438126
ãã—å®¶ã ã‘ã§ã™,4430913
"ã¯ã˜ã‚ã—ã‚ƒã¡ã‚‡ãƒ¼2 (hajime)",4426178
"Luan Pereira LP",4412723
StateHuman,4391978
"Jorge Rivera-Herrans - Topic",4391760
"Autumn Nations Series",4388922
"IrmÃ£s Pina",4374083
"Ğ¡Ğ°Ğ¼ ÑĞµĞ±Ğµ ÑÑƒÑˆĞ¸ÑÑ‚",4359264
WizkidVEVO,4355963
"Rafa & Luiz",4351334
"ĞŸĞ°ÑˆĞ° ĞÑĞ°Ğ´Ñ‡Ğ¸Ğ¹",4331856
BillieEilishVEVO,4331794
"BE:FIRST Official",4293570
TMSã‚¢ãƒ‹ãƒ¡å…¬å¼ãƒãƒ£ãƒ³ãƒãƒ«ã€ã‚¢ãƒ‹ãƒ¡åˆ¶ä½œ60å‘¨å¹´ã€‘,4265463
"Cat Story",4248432
"SKITS Indonesian",4247189
pierson,4234685
"YoungBoy Never Broke Again",4228162
"UFC Brasil",4214488
vanzai,4187367
Ninho,4186958
å¸Œç©ºã¡ã‚ƒã‚“ãƒãƒ«,4182731
HeavyDSparks,4177476
"Bryson DeChambeau",4176991
"Simone Mendes",4173260
ChroNoiR,4159469
"ã«ã‚…ã†ã¡ã‚…ã†ã¶ | NEWS official",4135075
"Gamer Robot",4082253
"ESPN FC",4080364
å°ç«¥ç«¥æˆé•¿è®°,4058148
"NBA Rakuten",4036724
"Nintendo å…¬å¼ãƒãƒ£ãƒ³ãƒãƒ«",4036070
Levsob,4009508
"Scotland National Team",3998140
DECO*27,3982078
"Bulkin Drive",3976464
"Mariah Carey",3971125
"Ğ”ĞµĞ½Ğ¸Ñ ĞšÑƒĞºĞ¾ÑĞºĞ°",3969521
è¾»ã¡ã‚ƒã‚“ãƒãƒ«,3931591
"Jake Paul",3921094
KiKiDo,3911749
"DEATH BATTLE!",3910830
Anastasiz,3906534
åº­ã¥ãã‚Šå¤§å¥½ããŠã˜ã•ã‚“,3887239
"Kenshi Yonezu  ç±³æ´¥ç„å¸«",3879773
VAVAN,3875619
Kanaria,3875031
PlayOverwatch,3873762
Max,3873483
"Guinness World Records",3861731
Tonigon,3842024
Lampal,3841172
"Let's Game It Out",3834771
"Studio Bagel",3829725
"Morley Kert",3817032
ĞŸĞ¾ÑĞ»ĞµĞ·Ğ°Ğ²Ñ‚Ñ€Ğ°,3813668
"Station Service",3808037
IS:SUE,3802415
JRAå…¬å¼ãƒãƒ£ãƒ³ãƒãƒ«,3772294
"Standoff 2 Live",3755031
æ±æ˜ ã‚¢ãƒ‹ãƒ¡ãƒ¼ã‚·ãƒ§ãƒ³å…¬å¼YouTubeãƒãƒ£ãƒ³ãƒãƒ«,3743875
"ãƒœãƒ³ã‚½ãƒ¯ãƒ¼ãƒ«TV BonSoirTV",3743004
Mini-mimi,3740407
"ĞœĞ°ÑÑ‚ĞµÑ€ÑĞºĞ°Ñ Ğ¡Ğ¸Ğ½Ğ´Ğ¸ĞºĞ°Ñ‚Ğ°",3729768
"ã‚¢ãƒ‹ãƒ—ãƒ¬ãƒƒã‚¯ã‚¹ ãƒãƒ£ãƒ³ãƒãƒ«",3723837
"KBS WORLD TV",3708369
SuperCrastan,3701953
"CRAZY GREAPA",3700486
NileBlue,3696224
"Infinity Circus",3695536
"ARTEM WOLF",3692088
Subnautica,3682373
ã‚µãƒ„ã‚­,3676515
"Ğ¢ĞµĞ»ĞµĞºĞ°Ğ½Ğ°Ğ» Ğ”Ğ¾Ğ¶Ğ´ÑŒ",3670050
"Lumea La La Emoji",3669808
Bauers,3667658
Ğ¯Ğ¯ĞĞ,3658844
ElAlfaElJefeTV,3653509
DamianoDavidVEVO,3649337
"Disney FR",3646686
"ONE PIECEå…¬å¼YouTubeãƒãƒ£ãƒ³ãƒãƒ«",3638245
"Jack Harlow",3633533
"Red Bull USA",3631344
ProbIems,3630546
ãƒ‘ãƒ©ãƒã‚¦ãƒ³ãƒˆãƒ»ãƒ”ã‚¯ãƒãƒ£ãƒ¼ã‚ºï¼ˆæ—¥æœ¬ç‰ˆï¼‰,3622474
"The Ninja Fam!",3621964
"Schlatt & Co.",3614226
"ã—ãªã“ Shinako / ASMR",3602900
"Gucci Mane",3582749
"Stranger Things",3576879
OcÃ©ane,3572151
"Netflix Anime",3570457
"Creative Squad",3563402
Djilsi,3563375
Unspeakable,3550591
"Gordon Ramsay",3543460
"The Tonight Show Starring Jimmy Fallon",3536910
Qsport,3524825
"Star Wars",3522791
ç‹åä½™ç”Ÿæ¬¢ä¹å¤š,3508497
"Iguinho e Lulinha",3487189
ãƒ‡ã‚£ã‚ºãƒ‹ãƒ¼ãƒ»ã‚¹ã‚¿ã‚¸ã‚ªå…¬å¼,3485530
"Filipe Ret",3475698
"Isaac Punts",3471428
"Daily Mail",3465703
"ESPN College Football",3444644
"HugoDÃ©crypte - Grands formats",3429874
"Dani Flow",3425334
"Lauana Prado",3424193
"NOBRU VLOGS",3414219
Evbo,3410626
"FANTASTICS from EXILE TRIBE",3403086
"Niska Officiel",3398444
æ±æµ·ã‚ªãƒ³ã‚¨ã‚¢ã®æ§ãˆå®¤,3396312
MrRoflWaffles,3393983
Hungria,3391500
CNET,3385800
"Paramount+ Brasil",3378583
"ĞœĞ°Ğ¼Ğ° Ğ² 16",3376690
Lacrim,3375088
"Max Fosh",3350483
ã‚‚ã¡ã¾ã‚‹æ—¥è¨˜,3348152
"Joll and Conk",3331555
"Sonyakisa8 TT",3323844
dednahype,3323260
"Satozaki Channel",3309587
Hangtime,3307749
"Technology Connections",3305435
"(ãƒ‘ãƒ¼ã‚½ãƒ« ãƒ‘ãƒ»ãƒªãƒ¼ã‚°TVå…¬å¼)PacificLeagueTV",3304302
"Lil Joyca",3294221
England,3288960
"ABS-CBN Entertainment",3286294
colinfurze,3280455
"Mrs. GREEN APPLE",3266461
Swar,3263417
"SQUEEZIE GAMING",3261889
BeardMeatsFood,3253149
Cadrol&Fatich,3247631
"Ğ¡Ğ›ĞĞ’Ğ ĞŸĞĞ¦ĞĞĞ",3234994
"FREEĞ”OM. LIVE",3234743
"Robinson Foundry",3227270
"Unspeakable Studios",3215304
"Auto Focus",3214689
"Ice Cube / Cubevision",3213878
"The Weeknd - Topic",3208104
Feldup,3192970
"Domingo Espetacular",3185689
SlivkiShow,3182607
HikakinTV,3178833
"xkcd's What If?",3168471
Ğ”Ğ–ĞĞ ĞĞ¥ĞĞ’,3158969
"Westen Champlin",3140428
SunnyV2,3137462
"ãšã£ã¨çœŸå¤œä¸­ã§ã„ã„ã®ã«ã€‚ ZUTOMAYO",3114585
Belinda,3104457
"Greg Guillotin",3098937
"The Game Theorists",3094662
"MDM Sketch Comedy",3093309
Ğ’ĞŸĞ˜Ğ¡ĞšĞ,3091615
ã‚«ãƒ©ãƒ•ãƒ«ãƒ”ãƒ¼ãƒ,3088979
æœ¨æ‘æ‹“å“‰,3074356
MUSSA,3068672
ç´ç´qin,3066959
"Vida Luminosa",3057618
"Charles & MÃ©lanie",3055891
"Okko Ğ¡Ğ¿Ğ¾Ñ€Ñ‚ ",3054546
NDL,3054490
"Daily Funny Jokes",3043772
"Niko Ch. è™é‡‘å¦ƒç¬‘è™ - FLOW GLOW",3039497
"Sam Sulek",3019635
ElaTaubertVEVO,3003572
Ado,2995567
KATSEYE,2981397
"Dexter on Paramount+ with Showtime",2978884
"Vice Grip Garage",2965641
ConnorDawg,2962827
FutParÃ³dias,2953064
"How Ridiculous",2947271
Ğ›ÑƒĞ½Ğ¾Ğ¼Ğ¾ÑĞ¸Ğº,2939145
"Ğ ÑƒÑĞ»Ğ°Ğ½ Ğ£ÑĞ°Ñ‡ĞµĞ²",2937055
"Black Gryph0n",2936671
"Growth TV",2934697
"ĞÑÑ…Ğ°Ğ± Ğ¢Ğ°Ğ¼Ğ°ĞµĞ²",2934159
"Victoria's Secret",2926355
FNNãƒ—ãƒ©ã‚¤ãƒ ã‚ªãƒ³ãƒ©ã‚¤ãƒ³,2925849
"All Elite Wrestling",2921381
"The Anazala Family ",2920968
"LE GRAND JD",2914006
å¥‹æ–—çš„é˜¿é¾™,2912946
LDShadowLady,2902233
"Ğ¡Ğ°Ğ¸Ğ´ Ğ”Ğ¸Ğ°Ñ",2882459
"Porta dos Fundos",2873899
Ospenarium,2871619
"Ninho - Topic",2867295
Coldplay,2860546
"Warner Bros. Pictures Brasil",2856487
SCH,2848737
"Tuna Tavus",2845079
"ROF-MAO / ã‚ãµã¾ãŠãƒãƒ£ãƒ³ãƒãƒ«ã€ã«ã˜ã•ã‚“ã˜ã€‘",2833694
è¥¿é‡æœªå§«,2832492
LazarLazar,2826549
JxmyHighroller,2826456
"Ğ’ĞĞ¢ Ğ¢ĞĞš NOW",2820682
"Aashirvad Cinemas",2819890
"ESPN Deportes",2817672
"Free Fire Esports Brasil #LBFF",2814254
"Axel Merryl",2811847
"JustParkers ",2811757
"IRIBABY WORLD",2807272
VideoFromSpace,2806627
"Nico LÃ ",2804659
EdisonPts,2797120
"CouRage Gaming",2794054
"Xamdam Sobirov",2781902
Laufey,2780453
"Forge Labs",2780420
theneedledrop,2778004
SocksStudios,2777803
"Republic Records",2777628
"Non-Stop Film",2774839
è¶…ç‰¹æ€¥,2771349
SIDELNIKOVVV,2768823
"Matt Stonie",2758869
"ä¸‰ä»£ç›® J SOUL BROTHERS from EXILE TRIBE",2758075
"Ğ’ĞĞ¡Ğ¯ ĞĞ Ğ¡Ğ•ĞĞ•",2755115
"FD Vasya",2748375
ĞÑ€Ğ¸ÑˆĞ½ĞµĞ²,2748242
"Everyday Astronaut",2741101
EFL,2740624
"Teamfight Tactics",2740394
"ã€å…¬å¼ã€‘TBS ã‚¹ãƒãƒ¼ãƒ„",2740036
"MC JacarÃ©",2739420
rezendeevil,2737625
RealLifeLore,2727669
Latto,2708462
ã¨ã†ã‚,2702105
"Marcos e Belutti",2699999
Ğ¢ĞĞŸĞ›Ğ•Ğ¡,2699444
Ğ“Ğ›Ğ•ĞĞ¢,2697844
"Dancing With The Stars",2697546
"Jimmy Kimmel Live",2689256
DougDoug,2687753
JuiceWRLDVEVO,2687014
"RybakAS. Fishing and Traveling",2679131
"Chino Pacas",2677289
"Lazy Lie Crazyã€ãƒ¬ã‚¤ã‚¯ãƒ¬ã€‘",2676385
æœˆãƒç¾å…,2672316
"Skill Up",2662500
Ğ‘Ğ£Ğ›Ğ”Ğ–ĞĞ¢ÑŒ,2661317
"Rick Beato",2658057
AddisonRaeVEVO,2657284
"Bryton Myler",2656774
"ãƒ¨ãƒ«ã‚·ã‚« / n-buna Official",2644361
"Cavaleiros do ForrÃ³",2644342
"HugoDÃ©crypte - Actus du jour",2631246
"RTVI ĞĞ¾Ğ²Ğ¾ÑÑ‚Ğ¸",2623473
"Kurtis Conner",2621762
"NBA on TNT",2620628
"ĞĞ´Ğ²Ğ¾ĞºĞ°Ñ‚ Ğ•Ğ³Ğ¾Ñ€Ğ¾Ğ²",2618871
"Yeat Music",2612912
SAIFOND,2601091
Sofyan,2598211
"ĞšĞ¾Ğ¼Ğ°Ğ½Ğ´Ğ° ĞĞŸ",2588083
boxtoxtv,2583967
å¼€å¿ƒbaby,2583322
"Blacktail Studio",2578111
TommyInnit,2576960
é˜¿è–‡çˆ±æç¬‘666,2573136
"KAI Channel / æœå€‰æµ·",2567777
"Captain Shiraj",2566488
"Hornstromp Games",2552625
Ğ¢ĞĞ¢,2544919
ARASHI,2543949
"Hardcore Fighting Championship",2542835
windy31,2535191
InCinematic,2534296
ColdFusion,2532816
JLaservideo,2532159
"twenty one pilots",2530614
"Ğ¢ĞµĞ»ĞµĞºĞ°Ğ½Ğ°Ğ» ĞĞĞ¢",2525753
Ğ¯Ğ½Ñ‡Ğ¸Ğº,2522751
Mazizien,2516612
avex,2515972
DubstepGutter,2511711
"Alan Becker",2506693
"Smart Bushcraft",2498567
HARD_MMA,2497241
Jaguar,2483177
SummerWalkerVEVO,2477996
"Dimon Markov",2466377
"Dr. Plants",2462034
DRIVETRIBE,2455868
Yellowstone,2455624
"ĞĞ»ĞµĞºÑĞ°Ğ½Ğ´Ñ€ ĞŸÑƒÑˆĞ½Ğ¾Ğ¹",2454243
"ĞœĞĞ¨Ğ Ğ‘Ğ•Ğ— ĞœĞ•Ğ”Ğ’Ğ•Ğ”Ğ¯",2453108
"Hey! Say! JUMP",2451955
Cyprien,2449835
"Combat Crew",2447786
"FamÃ­lia Maria Clara e JP",2438888
"ĞŸÑĞ¸Ñ…Ğ¾Ğ»Ğ¾Ğ³ Ğ’ĞµÑ€Ğ¾Ğ½Ğ¸ĞºĞ° Ğ¡Ñ‚ĞµĞ¿Ğ°Ğ½Ğ¾Ğ²Ğ°",2435684
"TÃ¼rkiye Futbol Federasyonu",2435049
"Corbucci Eats",2419026
"Werenoi - Topic",2416837
æ‘©æ‘©,2415579
"KTK TV",2413797
"æ¥µæ¥½ã¨ã‚“ã¼å±±æœ¬åœ­å£± ã‘ã„ã¡ã‚‡ã‚“ãƒãƒ£ãƒ³ãƒãƒ«",2412472
SkinSpotlights,2411969
"æœå€‰æœªæ¥ Mikuru Asakura",2400528
"TRUE GYM MMA",2397695
å¹³æˆãƒ•ãƒ©ãƒŸãƒ³ã‚´,2397369
"Ğ‘Ğ•Ğ—Ğ£ĞœĞĞ«Ğ™ Ğ¡ĞŸĞĞ Ğ¢",2396940
ã“ã£ã¡ã®ã‘ã‚“ã¨,2395322
"Sabadou com Virginia",2392707
GQ,2390936
"This is Ğ¥Ğ¾Ñ€Ğ¾ÑˆĞ¾",2386512
"Linus Tech Tips",2376325
"Micro TDH",2367602
"Lyrical Lemonade",2364253
"Dlala Thukzin",2361065
"Alphaville (official)",2354738
ã‚¼ãƒ³ãƒ¬ã‚¹ã‚¾ãƒ¼ãƒ³ã‚¼ãƒ­-ZZZ-å…¬å¼,2354385
ãƒ©ãƒ©ãƒãƒ¥ãƒ¼ãƒ³ã€ãƒ©ãƒ©ãƒ³ãƒ‰å…¬å¼ã€‘,2346385
æ¡œäº•æ”¿åšã®ã‚²ãƒ¼ãƒ ä½œã‚‹ã«ã¯,2341086
"CMA Country Music Association",2325734
TF1,2325326
EGO,2324011
dacooker_,2321335
Maghla,2317557
JFATV,2315051
CaylusBlox,2314777
Flashgitz,2313886
MollyMae,2313635
"Ğ“Ğ¾Ğ»Ğ¾Ñ ĞĞ¼ĞµÑ€Ğ¸ĞºĞ¸",2304850
viniccius13,2304318
"äº¬æœ¬å¤§æˆ‘ from ART-PUT",2298657
StarTalk,2296559
"DW Ğ½Ğ° Ñ€ÑƒÑÑĞºĞ¾Ğ¼",2286502
oblomoff,2279371
ãªãã,2278784
Bubbleâ„¢,2278530
"ĞĞ¾Ğ¹ ĞĞ½Ğ¸Ğ¼Ğ°Ñ†Ğ¸Ñ",2277829
"All Blacks",2276928
Adem&Bilal,2275361
"FKA twigs",2273038
Miracle,2269023
"Call of Duty",2267136
hankschannel,2265119
"HAYELI AM",2260463
"Morgan Wallen",2260075
ãƒã‚±ãƒ¢ãƒ³å…¬å¼YouTubeãƒãƒ£ãƒ³ãƒãƒ«,2255054
ãƒ•ãƒŸã‚«ãƒŠ,2254442
"Neutro Shorty",2253949
rekrap2,2249137
"Yes Theory",2248107
ã‚ã‚ã‚“ã¼ã·ã‚‰ã™ã€æ—¥å¸¸ã‚³ãƒ¡ãƒ‡ã‚£ã€‘,2239617
"ZO'R TV",2237917
AlemanVEVO,2234893
"LeoJ Makeup",2229280
"W Sound",2219697
"AcademeG DailyStream",2219288
COLORS,2218681
"The Onion",2211749
"Hacksmith Industries",2209772
"CNN Brasil",2206558
GENEZIO,2189628
SolarBalls,2187811
Africori,2180177
Tyla,2176437
"Magic The Noah",2166993
CYRILmp4,2158879
"Dream Theater",2157091
"LOL Podcast ",2155955
"Snack Squad Arabic",2155918
"ĞšĞ¸Ğº ĞĞ±Ğ·Ğ¾Ñ€",2154283
AntsCanada,2153331
Brancoala,2150151
ä¸­ç”ºç¶¾ãƒãƒ£ãƒ³ãƒãƒ«,2138197
"Pieds CarrÃ©s",2135375
"Fishing With Oh Dad!",2126552
ã‚³ãƒ ãƒ‰ãƒƒãƒˆ,2125144
"Moriah Elizabeth",2122604
"ã‚¨ã‚¬ã¡ã‚ƒã‚“ã­ã‚‹ EGA-CHANNEL",2116338
"Man Made",2114114
TODAY,2113370
"DJ FOY",2111201
"Baylen Levine",2105704
kevingatesTV,2103541
"ABEMA Prime #ã‚¢ãƒ™ãƒ—ãƒ©ã€å…¬å¼ã€‘",2103193
Taspio,2100056
KingBach,2096195
"ãƒ¯ãƒ¼ãƒŠãƒ¼ ãƒ–ãƒ©ã‚¶ãƒ¼ã‚¹ å…¬å¼ãƒãƒ£ãƒ³ãƒãƒ«",2093488
Fischer's-ãƒ•ã‚£ãƒƒã‚·ãƒ£ãƒ¼ã‚º-,2093197
Dydoladow,2092461
"Caylus  ",2088777
"Lena Situations",2072904
Cartoloucos,2068066
FastGoodCuisine,2064758
"Ambition Strikes",2063567
"Le Parisien",2056398
"ä¹ƒæœ¨å‚46 OFFICIAL YouTube CHANNEL",2046016
"Ğ¥Ğ Ğ¥Ğ 3 Ğ ĞĞ—Ğ ",2043329
"Abroad in Japan",2038165
Dax,2032964
"ano official channel",2030740
"Magnus MidtbÃ¸",2027423
"POD DELAS",2022822
"Ğ¡Ğ°ÑˆĞ° Ğ¢ÑƒĞ¼Ğ°Ğ½",2019565
"Ğ Ğ°Ğ´Ğ¸Ğ¾ Ğ¡Ğ²Ğ¾Ğ±Ğ¾Ğ´Ğ°",2019218
LABELCOM,2017549
Tesla,2016680
"ã‚¹ãƒãƒ¼ãƒ„ãƒŠãƒ“ é‡çƒãƒãƒ£ãƒ³ãƒãƒ«",2011600
"it's Live",2010959
"ĞĞ°Ğ²Ğ°Ğ»ÑŒĞ½Ñ‹Ğ¹ LIVE",2008661
"RIZIN FIGHTING FEDERATION",2006332
Clarent,2006056
"Ozodlik Radiosi",2005934
"Renato Garcia YT",2002452
"Reza & Puja Khan",1999397
"NBA Extra - beIN SPORTS France",1998204
"Fame Focus",1997765
Rozetked,1997139
"Zen Emission",1996988
"Ligue 1 McDonaldâ€™s",1996252
/è°·ã‚„ã‚“è°·å´é·¹äºº,1996147
"Travis Japan",1994449
"Ğ¡Ğ°Ğ¼Ğ° ĞœĞµĞ½ÑŒÑˆĞ¾Ğ²Ğ°",1991466
"Good Mythical Morning",1991183
"Ğ‘Ğ¸Ğ¾Ğ½Ğ¸Ñ‡ĞµÑĞºĞ°Ñ Ğ Ğ¾ÑÑĞ¸Ñ",1977190
PineappleStormTV,1974088
"Rebecca Zamolo",1972351
FLAMBY,1971568
"ĞšĞĞ Ğ•ĞĞ ĞœĞĞšĞĞ Ğ•ĞĞ",1971055
Trash,1969873
"Joshua Weissman",1968297
"Zamonavi Media",1963658
"SEC Shorts",1960309
å¤§å²³å„¿,1953777
"Edson e Hudson",1952893
ã¹ã‚ŠãŸã‚“ã§æ¤œç´¢ãŠé¡˜ã„ã—ã¾ã™,1938225
Lapsa,1934902
"Kuzuha Channel",1934129
"lil boat",1933489
"Ed Sheeran",1931411
å„ªé‡Œã¡ã‚ƒã‚“ã­ã‚‹ã€å…¬å¼ã€‘,1929707
"Soolking Officiel",1929579
"Bailey Sarian",1924790
"ĞĞµ ÑˆĞ°Ñ€Ñ!",1924097
DougDougDoug,1921919
"No Life Shaq",1921267
Wavy,1920387
MOONTELLTHAT,1919555
"DAZN X Series",1919190
"erica ha",1917671
"ãƒ•ãƒ«ã‚¿ã®æ–¹ç¨‹å¼ã€å¤ç”°æ•¦ä¹Ÿ å…¬å¼ãƒãƒ£ãƒ³ãƒãƒ«ã€‘",1916878
æ£®ã¡ã‚ƒã‚“ã­ã‚‹,1916326
"Zach Choi ASMR",1916049
arcsystemworks,1911773
"Genshin Impact",1911346
"ĞĞ½Ğ°Ñ‚Ğ¾Ğ»Ğ¸Ğ¹ Ğ¨Ğ°Ñ€Ğ¸Ğ¹",1908202
"Ğ’Ğ˜ĞĞ›Ğ ğŸ°",1905728
æç¬‘çš„æµ·å¦¹,1903900
CaseyNeistat,1895369
Mendrake,1894067
SEB,1892286
"hololive DEV_IS FLOW GLOW",1891139
"Stintik ",1886668
shane,1885963
"Felipe Amorim",1884517
ReversÃ£o,1878588
"Nene Ch.æ¡ƒéˆ´ã­ã­",1876015
"The Pat McAfee Show",1873889
"Code Bullet",1867480
Fixz,1867472
"Simon Puech",1863658
"GLIZZY GVNG INC",1862977
Ğ¤Ğ°Ğ¹Ğ±,1861763
"Mail News",1860776
"Monster Hunter",1858672
"Aphmau Shuki",1856701
"Bibib Family",1856598
"Ryland vlogs",1854201
RebeuDeter,1852982
"Top Gear",1849229
"Marvel Brasil",1847442
MTV,1846908
Ğ§ĞµÑ€Ğ´Ğ°Ğº,1843864
"Nicolas Gomes",1838241
Lazizashokuz,1835822
Codiciado,1834880
"ĞĞ°ÑÑ‚Ğ¾ÑÑ‰ĞµĞµ Ğ’Ñ€ĞµĞ¼Ñ",1826570
"Prem Dhillon",1823063
L'Ã‰QUIPE,1821607
"Fritz Ramos",1820485
NakeyJakey,1816313
JO1,1810523
"Most Valuable Promotions",1806523
Valouzz,1798254
ã‚«ãƒ³ãƒ†ãƒ¬ç«¶é¦¬ã€å…¬å¼ã€‘,1796250
"TRT Ğ½Ğ° Ñ€ÑƒÑÑĞºĞ¾Ğ¼",1796183
"VSPORTS - Liga Portugal",1793613
"Live Speedy",1792876
RMCSport,1790668
ShuffleGamer,1786895
"Daria Graph",1786377
"Dragon Docx",1775466
"Grupo Frontera",1772268
"The Film Theorists",1771441
Ğ¤ĞĞ Ğ¡ĞĞ–,1770093
çªç„¶ã§ã™ãŒå ã£ã¦ã‚‚ã„ã„ã§ã™ã‹?ã€å…¬å¼ã€‘,1765837
ãªã‹ã‚ˆã—ã ã„ã‹ãã,1761789
"ASMR FOOD",1760610
ã¨ã—ã¿ã¤æ±æµ·ã‚ªãƒ³ã‚¨ã‚¢ã®,1760374
Ğ Ğ«ĞĞ”Ğ«Ğ§,1759518
Keblack,1758850
Solek,1758675
"KREED FAMILY",1758585
"KITAYSKAYA ZMEYKA",1756474
"Manim ",1755210
"ABC News",1751400
"hololive ãƒ›ãƒ­ãƒ©ã‚¤ãƒ– - VTuber Group",1751379
FREESTYLEBENDER,1750151
"VitÃ³ria MineBlox",1748122
CLARÃN,1738845
"Jonny Devaney",1735807
"DukeDennis LIVE",1732946
"Trek Trendy",1729833
"MUSIC STATION",1728151
"NBA on ESPN",1725775
Cinemassacre,1725496
"Ice Cream Sandwich",1724184
"Matsuri Channel å¤è‰²ã¾ã¤ã‚Š",1719834
"NEWS.BY: Ğ½Ğ¾Ğ²Ğ¾ÑÑ‚Ğ¸ Ğ‘ĞµĞ»Ğ°Ñ€ÑƒÑĞ¸ Ğ¸ Ğ¼Ğ¸Ñ€Ğ°",1718958
Galkina_Anechka,1714771
"TOKYO MX NEWS",1711797
30PRAUM,1710334
"Jhay P",1708470
"La Fouine",1706023
Ğ ĞµĞ´Ğ°ĞºÑ†Ğ¸Ñ,1705345
"stunning max",1704407
DJSnakeVEVO,1704370
æ¨ªæµœDeNAãƒ™ã‚¤ã‚¹ã‚¿ãƒ¼ã‚ºå…¬å¼ãƒãƒ£ãƒ³ãƒãƒ«,1703591
aCookieGod,1701651
"SEALOOK Official",1698550
MAZZEL,1693227
"ĞĞ°ÑÑ‚Ğ¾ÑÑ‰ĞµĞµ Ğ’Ñ€ĞµĞ¼Ñ. Ğ¡ÑĞ¶ĞµÑ‚Ñ‹",1691882
RDCworld1,1690668
"LIGA BBVA MX",1687530
ãƒ‘ãƒ¯ãƒ—ãƒ­ãƒ»ãƒ—ãƒ­ã‚¹ãƒ”å…¬å¼ãƒãƒ£ãƒ³ãƒãƒ«,1686921
"Stray Kids",1682486
ã‚¸ãƒ£ãƒ³ãƒ—ãƒãƒ£ãƒ³ãƒãƒ«,1682081
"Ğ˜Ğ½Ñ„Ğ¾Ñ€Ğ¼Ğ°Ñ†Ğ¸Ğ¾Ğ½Ğ½Ğ¾Ğµ Ğ°Ğ³ĞµĞ½Ñ‚ÑÑ‚Ğ²Ğ¾ Ğ‘ĞµĞ»Ğ¢Ğ",1678461
BeeleVEVO,1674279
"TheSoul Music Flow",1672112
NASASpaceflight,1661349
JOLLY,1659281
"ãƒ†ãƒ¬æ±å…¬å¼ TV TOKYO",1657451
EminemVEVO,1653288
"By Pamella",1650566
"Asian Cricket Council",1648085
"Rauw Alejandro - Topic",1648028
"NBA Brasil",1647562
"Big Sean",1643899
"DA Uzi",1639870
"Ryan Oliveira",1638823
SPOTVNEWS,1636871
KINOFABRIKA,1636812
"Ricardo Molina USA",1629259
"Boston Dynamics",1628639
MasterBuilders,1627089
Ğ’Ğ›ĞĞ”Ğ£Ğ¡,1626203
"Quando Rondo",1624536
"HMZ Officiel",1624356
PointCrow,1623267
"TyC Sports",1619792
"LoL Esports",1619536
ãƒãƒªãƒãƒªãƒãƒªãƒ¼,1617090
SypherPK,1615058
Gurky,1614498
"Zoe Sugg",1613324
"ESPN MMA",1613132
ä¸­å·å®¶ãƒãƒ£ãƒ³ãƒãƒ«,1612830
VALORANT,1611768
"ã‚·ã‚§ãƒªãƒ³ãƒ»ãƒãƒ¼ã‚¬ãƒ³ãƒ‡ã‚£ -Shellin Burgundy- ã€ã«ã˜ã•ã‚“ã˜ã€‘",1611729
"Chihaya Ch. è¼ªå ‚ åƒé€Ÿ - FLOW GLOW",1611179
"æ«»å‚46 OFFICIAL YouTube CHANNEL",1610992
"Tennis TV",1607600
"Dr Nozman",1602109
"Henry Tran",1600976
"Royal Court",1596074
"Ğ’ĞĞ¢ Ğ¢ĞĞš",1594912
"é˜¿æœ¨çˆ·çˆ· Grandpa Amu",1594782
ISS,1589966
"Royalty Gaming",1587877
Mechanic,1586978
"Sky News",1578068
æ¿€æƒ…ã²ã¨ã‚Š,1572415
"Hoovies Garage",1571295
"SnakeThug - Brawl Stars",1566915
Ã˜MI,1565927
ã™ã—ã‚‰ãƒ¼ã‚ã‚“ã€Šã‚Šãã€‹,1562462
"Alec Steele",1561291
"Ğ’ Ğ³Ğ¾ÑÑ‚ÑÑ… Ñƒ Ğ“Ğ¾Ñ€Ğ´Ğ¾Ğ½Ğ°",1559493
"Mirjon Ashrapov",1558896
"Jeremy Jahns",1558759
"Storm Labels Official",1556491
"ĞĞ»ĞµĞºÑĞµĞ¹ Ğ¨ĞµĞ²Ñ†Ğ¾Ğ²",1556192
"Justin Trudeau",1554015
"TBS NEWS DIG Powered by JNN",1553096
"ã‚­ã‚¿ãƒ‹ã‚¿ãƒ„ãƒ¤ / Tatsuya Kitani",1551446
CboysTV,1550786
CarynandConnieGaming,1543453
ã‚¹ã‚«ã‚¤ãƒ”ãƒ¼ã‚¹,1542389
"Jomboy Media",1541730
Jungeli,1541003
ME:I,1539821
"CG Speak",1536890
ITZY,1535041
ãƒ•ã‚¸ãƒ†ãƒ¬ãƒ“å…¬å¼,1534415
"ONE OK ROCK",1534021
"ã‚ã¿ã¡ã‚ƒã‚“ã­ã‚‹ / èŠåœ°äºœç¾",1530480
jschlattLIVE,1523721
LEGEND,1521561
CNBC,1517700
"Breaking Benjamin",1516934
"Joueur Du Grenier",1516621
"Nino Paid",1516615
"Byilhan Live",1515798
"Jesse James West",1515718
"Julia MineGirl",1515434
Ğ¯ĞĞ“Ğ•Ğ ,1515272
"ĞĞ²Ñ‚Ğ¾ÑĞ°Ğ»Ğ¾Ğ½ Ğ¡Ğ¸Ğ½Ğ´Ğ¸ĞºĞ°Ñ‚Ğ°",1515151
SeikinTV,1515047
ã™ã—ã‚‰ãƒ¼ã‚ã‚“ã€Šã«ãã€‹â†2nd,1514557
"Payton Delu",1511098
MandJTV,1507936
Tfue,1504075
OM,1503932
ã¿ã¤ã¨ã‚‚ãƒãƒ£ãƒ³ãƒãƒ«,1503329
LiaqNã€ã‚Šã‚ã‚“ã€‘,1502611
"TG Plays",1498143
"Nikita Zdradovskiy",1497805
FutureVEVO,1497354
"Baseball Doesn't Exist",1496286
ã²ãªãŸ,1493349
"The Wall Street Journal",1491106
"Mundo Torajo",1488914
"Throttle House",1485788
"Ğ”Ğ¸Ğ¼Ğ° Ğ“Ğ¾Ñ€Ğ´ĞµĞ¹",1484096
ã‚¸ãƒ¥ãƒ‹ã‚¢CHANNEL,1480725
Nait,1479992
Flamingo,1477007
CapcomChannel,1475861
"Ğ‘ÑÑ‚ÑĞ¸ Girl",1473414
"timelesz [ã‚¿ã‚¤ãƒ ãƒ¬ã‚¹]",1472717
"ĞœĞ¸Ğ½Ğ¸ÑÑ‚ĞµÑ€ÑÑ‚Ğ²Ğ¾ ĞŸÑ€Ğ°Ğ²Ğ´Ñ‹",1472457
"Renan Fiorini",1468410
"Esporte na Band",1467823
"Brenner Mariano",1467574
"Real Madrid",1467470
"Premier Boxing Champions",1465424
"Eduardo Costa",1464762
wolfalberto,1463380
"Viki Show",1462246
"Ğ˜Ğ»ÑŒĞ´Ğ°Ñ€ Live",1456554
"LÃ©o Foguete ğŸš€",1454938
"Void Cauan",1454230
TheMacLife,1452799
"Chogakusei Official",1452488
"Ğ—Ğ²ĞµĞ·Ğ´Ñ‹ Ğ¸ Ğ¸Ğ½Ñ‚Ñ€Ğ¸Ğ³Ğ¸",1450153
BrandonLakeVEVO,1448733
NAZA,1444075
"ã‚ã‹ã§ã¿ã£ããªã‚«ãƒ¬ãƒƒã‚¸ã€€æ—§ -Academic Motor College-",1442095
Quiff,1439155
"Damso - Topic",1434463
æå®¶everyday,1433621
"å…ƒé‡è‰¯çŒ«ãƒãƒ£ãƒãƒ£ã¨R me",1432325
"The Try Guys",1428678
ĞĞ˜ĞšĞ˜Ğ¢ĞĞ¡,1427991
"Double Bubble",1427782
"Maxime Biaggi",1424608
Geleia,1424095
"UFC Eurasia",1421233
"Swati Monga",1421014
"YangiKulgu Official",1420733
Romancev768,1419610
"Ğ”Ğ•Ğ Ğ–Ğ˜ Ğ”Ğ’Ğ•Ğ Ğ¬",1414571
å‹•ç”»ã€ã¯ã˜ã‚ã¦ã¿ã¾ã—ãŸã€ãƒ†ãƒ¬ãƒ“æœæ—¥å…¬å¼ã€‘,1414464
"Mythical Kitchen",1409892
PlayHard,1409644
"CGP Grey",1407528
"KIRILL SARYCHEV",1406489
"Bass fishing Productions",1404463
BRISxLIFE,1403253
"Ğ¢Ğ°Ñ‡ĞºĞ° Ğ¿Ğ¾Ğ´ Ğ·Ğ°Ğ´Ğ°Ñ‡ĞºÑƒ",1401613
"Aã‡! group",1394600
"Grind Hard Plumbing Co",1394144
"NFL on ESPN",1391911
"BalanÃ§o Geral",1391681
é…’æ¡œ,1391476
"Top Rank Boxing",1390369
YOVNGCHIMI,1390338
"Ã‰ o Vini",1388176
"FOX 61",1387240
ShortCircuit,1386181
"ESN Media - The Bridge",1385094
"Trev and Chels",1382727
"ĞœĞ°ĞºÑĞ¸Ğ¼ Ğ¨ĞµĞ»ĞºĞ¾Ğ²",1382171
NOBRU,1380178
"W Magazine",1378750
"Sidiki Diabate",1378682
"Cool Tool SHORTS Arabic",1375084
Fischer's-ã‚²ãƒ¼ãƒ ã‚º-,1373076
Apuh,1372972
Hometalk,1370983
"24 ĞšĞ°Ğ½Ğ°Ğ»",1368256
ABEMAãƒ‹ãƒ¥ãƒ¼ã‚¹ã€å…¬å¼ã€‘,1363374
"beIN SPORTS TÃ¼rkiye",1362279
B20baOfficiel,1362106
"Les Do Makeup",1360467
"NRL - National Rugby League",1360147
Ğ°Ğ¿Ğ²Ğ¾ÑƒÑ‚,1359505
"Mikhail Boldurev",1357971
ZAFEEL,1353277
"ä¼Šæ³¢ãƒ©ã‚¤ / Inami Raiã€ã«ã˜ã•ã‚“ã˜ã€‘",1352838
nectar,1352216
é—‡é‡‘ã‚¦ã‚·ã‚¸ãƒãã‚“ã€å…¬å¼ã€‘,1351644
"Ğ¤Ğ°Ğ½Ğ¸ Ğ¥Ğ°Ğ½Ğ¸",1350960
"Brian Sutterer MD",1348773
IKITERUã€ã‚¤ã‚­ãƒ†ãƒ«ã€‘,1348534
"HI! å°å…œå…œ",1347727
"TUDN MÃ©xico",1346502
"DRAMATIC BASEBALL 2024",1345422
"Ulusal Kanal",1342184
"Vivi Ch. ç¶ºã€…ç¾…ã€…ãƒ´ã‚£ãƒ´ã‚£ - FLOW GLOW",1340665
CrunchLabs,1340505
sndk,1338530
"The Overlap",1336326
"PAIX PER MIL",1332568
"a bit more willne",1327290
ã‹ã™,1325959
ãªã«ã‚ç”·å­,1325263
PlayStation,1321824
KanyeWestVEVO,1320278
MrDalekJD,1310743
"ĞÑĞ°Ñ„ÑŒĞµĞ² Ğ¡Ñ‚Ğ°Ñ",1306110
Appel,1301307
"Bright Sun Travels",1299640
STVãƒ‹ãƒ¥ãƒ¼ã‚¹åŒ—æµ·é“,1299639
LCI,1299340
"MC Poze do Rodo",1298668
"æ¦Šãƒã‚¹ / Sakaki Nessã€ã«ã˜ã•ã‚“ã˜ã€‘",1297341
Dinzo,1297283
"Diggy Graves",1295653
"Camila Loures",1286257
"Sr Pelo",1282456
HikakinGames,1281554
"Naokiman 2nd Channel",1280046
Sheshounet,1277608
ã€æ¨ã—ã®å­ã€‘ãƒ‰ãƒ©ãƒ&æ˜ ç”»å…¬å¼,1275251
Ğ Ğ°Ğ·Ğ³Ğ¾Ğ½,1275162
"Euphoric Brothers",1274411
Underscore_,1273885
"The United Stand",1271529
"High Side",1269541
"TOMORROW X TOGETHER - Topic",1269233
"Elena Bogdanovich",1268199
"MC Cebezinho - Topic",1267005
StanceWorks,1266767
"Dr. Plants Brasil",1265304
"Montreux Comedy",1257878
"CBS Evening News",1256509
"Inoxtag 2.0",1255403
"Parole de chat",1252779
ThreeDaysGraceVEVO,1251833
"Korporate Bidness",1249152
"Valera Ghosther",1248565
"LuÃ­sa Sonza",1247279
"Doge Gaming",1247135
"KCAL News",1246618
"Law&Crime Trials",1246351
ZAMination,1245419
"Football Australia",1244610
KeniaOSVEVO,1237363
GMK,1233800
"The Kingâ€™s Guards Channel (fan account)",1232960
"PFL MMA",1228033
ScrapLifeLee,1226084
"ĞĞ½Ğ½Ğ° Ğ¥Ğ°Ğ½Ğ½Ğ°",1222678
ENHYPEN,1221680
QuizKnock,1220972
"Scott Manley",1219382
Gigguk,1219318
BeyoncÃ©,1218169
"Promo Influ",1216358
FEURIPE,1215464
CBLOL,1215436
"Netflix France",1215260
"Seu Desejo",1214892
ĞšÑ€Ğ°Ğ¼Ğ¾Ğ»Ğ°,1214010
Brubs,1212444
AminematueLive,1212058
"NBC Sports",1205404
ChappellRoanVEVO,1202740
"Ğ®Ñ€Ğ¸Ğ¹ Ğ’Ğ•Ğ›Ğ˜ĞšĞ˜Ğ™",1201055
BamaBass,1200260
HOOOTDOGS,1200154
"Nintendo Mobile",1199696
"Jake Webber",1198963
"ESL Dota 2",1198787
"Dua Lipa",1197056
"Amado Batista",1194228
"Bedjine officiel",1193481
Louaista,1192962
ã‚¨ãƒŸãƒªãƒ³ãƒãƒ£ãƒ³ãƒãƒ«,1192282
"SBT News",1189424
"Ğ Ğ°Ğ´Ğ¸Ğ¾ Ğ¡Ğ²Ğ¾Ğ±Ğ¾Ğ´Ğ°. ĞĞ¾Ğ²Ğ¾ÑÑ‚Ğ¸",1189381
ã‚¬ãƒ³ãƒ€ãƒ ãƒãƒ£ãƒ³ãƒãƒ«,1187464
Ghoulz,1186529
"Donald J Trump",1185880
"Pitch Meeting",1182931
"Les VidÃ©os de Riles",1182757
"NIKITA EFREMOV",1180340
"Jane Kravitz",1178502
"Gummy Dora",1178330
"AfinArte Music",1178130
"Popcorned Planet",1177896
ã‚«ãƒ³ãƒ†ãƒ¬NEWS,1170354
"ĞšÑƒÑ…Ğ½Ñ Ğ½Ğ°Ğ¸Ğ·Ğ½Ğ°Ğ½ĞºÑƒ",1167730
Micode,1167120
"emma chamberlain",1166782
"ĞŸĞ¾Ğ»Ğ¸Ñ‚Ğ¸ĞºĞ° ÑĞµĞ³Ğ¾Ğ´Ğ½Ñ  -  DENIX-INFO",1166076
PM7,1165861
"ãƒ—ãƒ­é‡çƒ ãƒ‰ãƒ©ãƒ•ãƒˆã¡ã‚ƒã‚“ã­ã‚‹",1165816
"La Perversa",1164933
thegameawards,1162055
"Jorge Rivera-Herrans",1158339
"Josh Johnson",1156385
tuki.(15),1155684
Burback,1155020
"Chico Garcia",1154163
è²´ã¡ã‚ƒã‚“ã­ã‚‹ãš,1152229
"ãƒãƒ³ã‚«ãƒ©ã‚¸ã‚ª / Bankaradio",1150226
Ğ”ÑÑˆĞµÑ,1149241
Cut,1148132
Nicocapone,1147826
"PRESS SBU",1147121
"é•·å°¾ æ™¯ / Nagao Keiã€ã«ã˜ã•ã‚“ã˜ã€‘",1146366
ĞšĞ¾Ğ¼Ğ¼ĞµĞ½Ñ‚.Ğ¨Ğ¾Ñƒ,1145930
ç¤¾ç¯‰,1143435
CANAL+,1141478
ã½ã‚“ã½ã“ã¡ã‚ƒã‚“ã­ã‚‹,1140072
"B N S",1137293
å´©å£Šï¼šã‚¹ã‚¿ãƒ¼ãƒ¬ã‚¤ãƒ«,1135595
"ä¸­é‡å„ªä½œ / äººç”Ÿã«æ„›è»Šã‚’ã€‚",1135556
"Mogul Mail",1133630
"Ğ‘Ğ¾Ğ³ ĞµÑÑ‚ÑŒ!",1133398
Cadres,1132303
"Canal GB",1125388
"sir yacht",1124370
"Ğ Ğ¿Ğ¾Ğ³Ğ¾Ğ²Ğ¾Ñ€Ğ¸Ñ‚ÑŒ?",1121506
"Lynda - Topic",1119998
"Mike Horn",1116744
"Chelsea Football Club",1114568
ã½ã¸ãƒãƒ£ãƒ³ãƒãƒ«,1114284
ãƒ­ãƒ¼ãƒ‰ã‚·ãƒ«ã‚¯,1111663
ã€å…¬å¼ã€‘ãã“ã¾ã§è¨€ã£ã¦å§”å“¡ä¼šNP,1110899
Rsko,1110328
Sylvqin,1108287
"Simple Creative",1107565
"Isamara AmÃ¢ncio",1104868
"TOKYO MX",1104242
"Cowboys Fan Club",1104191
"Polo G",1103791
Wifies,1099653
"My Chemical Romance",1098947
mrnigelng,1097434
ã¡ãƒ¼ã¨ã‚“ã€‚,1097399
"M.D. L.R",1095589
"Trixie Mattel",1094491
"Avatar WorldÂ®",1092425
æ–™ç†ç ”ç©¶å®¶ãƒªãƒ¥ã‚¦ã‚¸ã®ãƒã‚ºãƒ¬ã‚·ãƒ”,1091955
"HFC MMA",1091608
"Ğ•Ğ»ĞµĞ½Ğ° Ğ Ğ°Ğ¹Ñ‚Ğ¼Ğ°Ğ½",1089502
Alok,1087149
angryginge13,1086373
"MowMow Officiel",1085300
BigTime,1082566
Acelerados,1082308
Evanimas,1082255
"ABEMA æ ¼é—˜ã€å…¬å¼ã€‘",1081707
ãƒãƒ•ã‚£ã‚¢æ¢¶ç”°ã¨ä¸­æ‘æ‚ ä¸€ã®ã€Œã‚ã—ã‚ƒãŒãªTVã€,1079437
"CANAL+ Sport Afrique",1077101
"Ğ’Ğ¸Ñ‚Ğ°Ğ»Ğ¸Ğ¹ ĞpĞµÑ…Ğ¾Ğ²",1074079
Eve,1073560
ExileLive,1071517
ã‚ã‚“ã‚¹ã‚¿ãƒãƒ£ãƒ³ãƒãƒ«,1070174
"Hytalo Santos",1069398
"Manual do Mundo",1068400
"Ğ¢Ğ¸Ğ¼Ğ¾Ñ„ĞµĞ¹ ĞšĞ°Ñ€Ğ¼Ğ°Ñ†ĞºĞ¸Ğ¹",1067797
"Smells Like GASOLINE",1067065
ãƒ•ãƒ–ã‚­Chã€‚ç™½ä¸Šãƒ•ãƒ–ã‚­,1067056
"Kodak Black",1062295
"KahoSei Channel from Canada",1061189
"ç¦å²¡TNC ãƒ‹ãƒ¥ãƒ¼ã‚¹",1060255
"Tev - Ici Japon",1060130
RickRossVEVO,1059656
"íŒ€ì¼ë£¨ì…˜ ë…¸ì„±ìœ¨",1057542
BENOFTHEWEEK,1057000
"YOAKE FILM",1054819
DORETDEPLATINE,1054731
DaBaby,1053324
"Got Talent Global",1050117
"Mickey Views",1047716
"Robin Hood Gamer",1046075
MotoGP,1045510
"Matt Kempke",1044849
ã‚Šã›ã¨ãƒ«ã‚¤ã‚¹,1041105
"Sony Music (Japan)",1037611
"ãã£ããƒ¼ ! ã®å¼•ç”°ãã£ããƒ¼ !",1036362
JADEVEVO,1035647
CelineDionVEVO,1035617
æ—¥æœ¬é‡çƒæ©Ÿæ§‹(NPB)å…¬å¼ãƒãƒ£ãƒ³ãƒãƒ«,1035489
"SHINGO KATORI",1034260
ã‚¹ã‚¯ã‚¦ã‚§ã‚¢ãƒ»ã‚¨ãƒ‹ãƒƒã‚¯ã‚¹,1034147
ĞœĞ¸ÑˆĞĞ½Ñ,1032501
MichouOff,1030975
AugustTheDuck,1029437
"Chad Wild Clay",1029341
"UOL Esporte",1028456
"Still Watching Netflix",1028073
"Jorge & Mateus - Topic",1025851
MandaloreGaming,1025756
whinderssonnunes,1025172
"Lil Durk",1024947
ĞšÑƒĞ·ÑŒĞ¼Ğ°,1024622
sotavision,1023911
"Sarvinoz Ruziyeva",1022691
SidemenReacts,1022477
"Kevin's English Room / æ›å±±ã‚±ãƒ“å¿—éƒ",1020931
"Engineering Explained",1018527
"Ryan Reynolds",1017476
"é›ªè‚Œç²¾ å…¬å¼ãƒãƒ£ãƒ³ãƒãƒ«",1016854
"Czn Burak",1016512
"Warner Bros. France",1014013
Fanatiz,1013362
ãƒ¬ãƒˆãƒ«ãƒˆ,1013026
"Romain Molina",1012990
ã¾ã„ãœã‚“ã‚·ã‚¹ã‚¿ãƒ¼ã‚º,1010263
ã‚ã³ã‚“,1008805
ã‚¢ã‚¤ãƒ‰ãƒ«ãƒã‚¹ã‚¿ãƒ¼ãƒãƒ£ãƒ³ãƒãƒ«,1008211
"Malik Bentalha",1005753
"ĞĞ»ĞµĞºÑĞµĞ¹ Ğ¡Ñ‚Ğ¾Ğ»ÑÑ€Ğ¾Ğ²",1005659
ASG,1005540
"Ğ”ÑÑˆĞµÑ Team",1004090
"Optus Sport",1002414
Hassan,1001503
"Val Lienard",1001369
"Hit the Road",1001107
"CGTN Ğ½Ğ° Ñ€ÑƒÑÑĞºĞ¾Ğ¼",1000534
"Ğ¡Ğ²ĞµÑ‚Ğ»Ñ‹Ğ¹ Voice",999541
"Jay Foreman",999238
"The Chosen",999154
"å®‰ä¿ç‘ è¼ä¹Ÿ Rukiya Anpo",998894
"18å· -Juhachigo-",998333
"Lorrayne Oliveira",997713
Bionic,997162
Ozodivideo,995039
ã‚ã•ã²ã€‚,995030
WIRED,994001
"EMOTION Label Channel",993839
"Half-Asleep Chris",993171
"Todah Music",991398
"Corinthians TV",989462
"Embrulha Pra Viagem",988985
"Detroit Lions",987797
"Bruna Constantino",987100
"British Vogue",986198
"Bandai Namco Entertainment",985729
"Diva DepressÃ£o ",984435
"Nastia Rizik",983133
"The Fellas",980765
-Ğ¢ĞĞĞ–ĞĞ«Ğ™-,980412
"Prime Video Brasil",979738
"Universal Pictures France",978015
"Pitch Addict",977716
LankyBox,977702
"ĞĞ»Ğ¸ÑĞ° Ğ›Ğ¸ÑĞ¾Ğ²Ğ°",977650
"Squad Busters",976423
"å €æ±Ÿè²´æ–‡ ãƒ›ãƒªã‚¨ãƒ¢ãƒ³",975760
"Duke Dennis",975119
"Voitures & IngÃ©nierie",973953
ã‹ã‚‰ã™ã¾Aãƒãƒ£ãƒ³ãƒãƒ«,973901
"FOX 13 Seattle",972836
ã‹ã¾ã„ãŸã¡ãƒãƒ£ãƒ³ãƒãƒ«,972475
"KBS Kpop",971928
"Yanina Sokolova",970171
"Ğ Ğ¾ÑÑĞ¸Ñ 90Ñ…",969543
"å¢é›²ã‚«ã‚²ãƒ„ / Murakumo Kagetsuã€ã«ã˜ã•ã‚“ã˜ã€‘",969023
ãªã“ãªã“ãƒãƒ£ãƒ³ãƒãƒ«,967891
"MMA review",966277
"Josiah Schneider",964555
itsDigBar,964137
"Ğ¢ĞĞ¢4 Shorts",963752
MGKVEVO,961212
"Bouss Officiel",960906
"Amy Scarlet",960727
"Funny Parent-Child Videos",959740
Premfn,958212
"Ğ›ÑƒÑ‡ÑˆĞ¸Ğµ Ğ²ĞµÑ‡ĞµÑ€Ğ½Ğ¸Ğµ ÑˆĞ¾Ñƒ",957524
"Daz Games",954923
"Jack Pembrook",953063
MaxCraft,953009
"BBC News Brasil",952935
NexTaz,952400
"Dungeon Soup",952024
"Love Music ",949467
Hoshi,949369
juliendoreVEVO,947482
"Coisa de Nerd",947458
"FaZe Jev",946340
"Angela Pearl",942850
Socksfor1,942595
"Priscila Senna",941008
"MAX ĞŸĞĞ¯Ğ¡ĞĞ˜Ğ¢",940050
"æˆŒäº¥ã¨ã“ -Inui Toko-",940017
CidadeAlertaRecord,939770
"Apex Legends",939621
"Bappa Shota",937966
Meeponegeroi,937406
TerminalMontage,936652
ã±ã‹ãƒãƒ¥ãƒ¼ãƒ–ã£!,936564
ã•ã—ã¯ã‚‰ã¡ã‚ƒã‚“ã­ã‚‹,933531
GIMS,932760
ZAKATOON,932501
Arsenal,932338
"Kara and Nate",931500
"The Fat Electrician",930752
Ğ§Ğ•Ğ ĞĞ•Ğ¦,930539
ãƒ•ãƒ¬ãƒ³ãƒ»Eãƒ»ãƒ«ã‚¹ã‚¿ãƒªã‚ª,930533
ĞŸĞ¾Ğ·Ğ½Ğ°Ğ²Ğ°Ñ‚ĞµĞ»ÑŒ,929242
"Stan Sport",928821
"Kendrick Lamar - Topic",928390
"MBS NEWS",926153
"Bazar du Grenier",926148
å¹³æˆã€è£ã€‘ãƒŸãƒ³ã‚´,924459
"Evan and Katelyn",924406
Nerdforge,919650
"Adeline Camargo",917632
"beIN SPORTS Australia",914493
"Himra officiel",914276
"Serge Beynaud",911514
Ninjaxx,910738
SBT,908805
"Politeka Online",906976
SMii7Yplays,906852
"ENHYPEN - Topic",906653
Maxedy,905558
JonTronShow,904089
"ITZY - Topic",901906
OneTwo,901290
"Nick Eh 30",900253
"Jay Leno's Garage",898453
"KENZO ã€æ–°å®¿109ã€‘",896049
"The Kelly Clarkson Show",893707
"Kevin Tran L'Empereur",892473
Calfreezy,891561
"Zac Builds",890143
"AC Milan",888500
mashed,887170
"Robson Abreu",887147
"Undecided with Matt Ferrell",887126
ClownPierce,882590
ã ã‚“ã‚¹ã‚­,882464
"Chi Lochii",881853
Marblr,881743
aespa,881324
"K Tech",880088
"Ğ”Ğ¸ĞºĞ¸Ğ¹ Ğ±Ğ¾Ğ¹",879355
"JoÃ£o Bosco e Gabriel",878789
"Ğ’ĞŸĞ˜Ğ¡ĞšĞ LIVE",878718
Rã¡ã‚ƒã‚“,874439
KURUCHBRO,873074
"é«˜æœ¨ è±Š Takagi Yutaka",872747
TheAMaazing,872621
"Riona Ch. éŸ¿å’²ãƒªã‚ªãƒŠ - FLOW GLOW",872226
è¶…ã¨ãã‚ãâ™¡å®£ä¼éƒ¨ã‚µãƒ–ãƒãƒ£ãƒ³ãƒãƒ«,871425
"Leah Kateb",871380
Engineezy,870344
VOLTACTION,870317
"VirgÃ­nia Fonseca",870175
"AFP News Agency",867329
ãŸãã¡ã‚ƒã‚“ãƒãƒ«/æ‰æµ¦å¤ªé™½,866264
"TV Palmeiras/FAM",865770
Thinkerview,865549
WWLTV,865497
"The Slow Mo Guys",864137
"Zazou de Crecy",862283
"YTB Fatt ",861795
Ğ¡Ğ¢Ğ¡,861093
CNN,860610
"Coisa Nossa",860493
uncarley,860296
MMAWeekly.com,858782
"Edgar Lebedkin",856446
"Emma Graziano",854634
"Oliver Anthony Music",854022
"Mundo da Vivi",849901
ĞšĞ¸Ñ€ÑĞ½Ñ‡Ğ¸Ğº,849364
"Happy Wolf",849188
AkStar,846981
Kitawari,846551
ãƒ†ã‚ªãã‚“ãƒ›ãƒ¼ãƒ ,845671
"Dragon Age",845049
"æ˜Ÿå°ã‚·ãƒ§ã‚¦ / Hoshirube Shoã€ã«ã˜ã•ã‚“ã˜ã€‘",844769
"Eu vocÃª e nÃ³s",842647
ãƒ–ãƒ©ãƒ¼ãƒœã‚Šã‚‡ã†ã®ãƒœãƒ³ã‚µãƒãƒ‰ã‚¥!ãƒãƒ£ãƒ³ãƒãƒ«,842257
"EpicSkillshot - LoL VOD Library",842135
"ĞšÑ€Ğ°ÑĞ½Ğ°Ñ Ğ›Ğ¸Ğ½Ğ¸Ñ",841576
"Marvel Rivals",840602
Thoughty2,840566
Yoll,840245
ä»²é‡Œä¾ç´—ã§ã™ã€‚,837935
"ĞĞ»ĞµĞºÑĞµĞ¹ Ğ“Ğ¾Ğ½Ñ‡Ğ°Ñ€ĞµĞ½ĞºĞ¾",836935
æ§™é‡æ™ºç« ã®ä¿ºã˜ã‚ƒã‘ã‚“,835621
æ—¥ãƒ†ãƒ¬å…¬å¼ãƒãƒ£ãƒ³ãƒãƒ«,835253
"Avaz Oxun",834190
ãƒãƒã¡ã‚ƒã‚“ã¨ã‚³ãƒ¼ã‚¸ã®ãŠä¸Šæ‰‹ã§ã™,834056
"æ¼†ã¡ã‚ƒã‚“family ",830779
"Hugo e Guilherme",827288
"Melhor Futebol do Mundo - TNT Sports Brasil",826191
"ã€å…¬å¼ã€‘ãƒ‰ãƒ©ãˆã‚‚ã‚“ / è—¤å­ãƒ»Fãƒ»ä¸äºŒé›„ãƒãƒ£ãƒ³ãƒãƒ«",826013
"TIE Ru",824836
"Ğ§Ğ¸ĞºĞµĞ½ ĞšĞ°Ñ€Ñ€Ğ¸",824287
Antoine,822349
"ä¸‰å´å„ªå¤ª MISAKI",821205
"Dani Nobrega",821054
"Luan Santana - Topic",819464
ç”ºç”°ã¡ã¾ã€ã«ã˜ã•ã‚“ã˜ã€‘,819433
ãƒ˜ãƒ©ãƒ˜ãƒ©ä¸‰éŠƒå£«,818798
æ±å®MOVIEãƒãƒ£ãƒ³ãƒãƒ«,816591
"Momoka Japan",815756
"ã€å…¬å¼ã€‘Fate/Grand Order ãƒãƒ£ãƒ³ãƒãƒ«",815529
"Woodkid - Topic",815355
ARTE,814322
"International Tennis Federation",813234
FREITAS,812598
"Million Jamoasi â„¢",812071
"Mastu Gear 2",810974
"Lucy Edwards",810223
"Plan Bri Uncut",808380
"Bitelo natural ",807057
L'invitÃ©,806513
ã®ã°ã¾ã‚“ã‚²ãƒ¼ãƒ ã‚¹,806359
chip,805526
ãƒ©ãƒ ãƒ€æŠ€è¡“éƒ¨,805307
ã‚ã¾ã‚Šé©šã‹ãªã„ã‚¬ãƒƒãƒãƒãƒ³ã¯ãƒ›ãƒ©ãƒ¼ã‚²ãƒ¼ãƒ ã°ã‹ã‚Šã‚„ã£ã¦ã„ã‚‹,805073
"Pekora Ch. å…ç”°ãºã“ã‚‰",802898
Delacruz,802514
LGR,801571
"BOLO HOUSE MUSIC",800416
"2 Much ColinFurze",799971
"Bruno Garcia YT",798831
TBSé™¸ä¸Šã¡ã‚ƒã‚“ã­ã‚‹ã€å…¬å¼ã€‘,797857
"Ğ’ÑÑ‘ Ğ¸Ğ· Ğ·Ğ° ĞœĞµÑ‚Ğ°Ğ»Ğ¾ ĞšĞ¾Ğ¿Ğ°",797730
"The Sketch Real",797396
"ä¸­ç”°æ•¦å½¦ã®YouTubeå¤§å­¦ - NAKATA UNIVERSITY",796779
Bz,795779
"Zach Bryan",795277
"CBS Sports Golazo - Europe",795191
"ĞœĞµĞ½ĞµĞ´Ğ¶ĞµÑ€ ĞĞ½Ñ‚Ğ¾Ğ½",794728
"ĞšĞ°Ğ½Ñ‹Ğ±ĞµĞº ĞšÑƒĞ´Ğ°Ğ¹Ğ±ĞµÑ€Ğ´Ğ¸ĞµĞ²",794451
MUZLOFT,793066
åˆæ˜Ÿå­¦åœ’,791394
VEIGH,791105
ACG,789042
McCreamy,788489
"Ğ’Ğ¸ĞºÑ‚Ğ¾Ñ€Ğ¸Ñ ĞšĞ¸Ğ¼",786075
"Aline Dessine",785752
Anyaischuk,785061
"MK MUSIC",784304
"Grupo Kamisa 10",784281
ESTGeeVEVO,783531
"The B3",782993
"Farine de blÃ©",782739
ç ´å¤©è’å¤«å©¦ï½å«ãŒç ´å¤©è’éãã¦æ„›ã—ã„ï½,782560
GOOBERS,782277
"Jogo Aberto",781780
ã¾ã˜ã‚ã«ãƒ¤ãƒã‚·ãƒ†ã‚£,780149
ä¸å‹•ç”£Gãƒ¡ãƒ³æ»å³¶,780002
Dave2D,779341
Darko,778669
"LÃ©o Duff",775459
"Comics Explained",774676
"Sur Ronster",774277
"Wankil Studio - Laink et Terracid",773263
"Adam LZ",770380
"Katya Klon",768984
åŸç¥-Genshin-å…¬å¼,768765
TheGideonGames,767870
"Tz da Coronel",765345
Shane2,764972
"PIVOT å…¬å¼ãƒãƒ£ãƒ³ãƒãƒ«",764685
"Deep Pocket Monster",764243
"team Sanchez ",764131
OfflineTV,763772
Factorio,763308
ABC7,757895
"Domi & Yani",757578
"Super Italiano",757338
"ĞœĞ°ĞºÑĞ¸Ğ¼ Ğ¨ĞµĞ²Ñ‡ĞµĞ½ĞºĞ¾",756736
L2B,756288
ãƒ†ãƒ¬æ±BIZ,755947
"Casa Vogue Brasil",755350
"ã‚«ãƒªã‚¹ãƒ Official Channel",755289
Renju,755012
"Subaru Ch. å¤§ç©ºã‚¹ãƒãƒ«",754532
"FULL SEND MMA",754307
Ğ›Ğ•Ğ¡ĞĞ«Ğ•,753755
Multishow,752518
"Overly Sarcastic Productions",751793
Nightcap,751134
AM3NlC,750175
"Whiteout Survival",749747
"Caike Pro",749730
"TUDN USA",748319
ãˆãªã´,748177
ã‚­ãƒ³ã‚°ã‚ªãƒ–ã‚³ãƒ³ãƒˆ,748031
"æ¥½å¾… RAKUMACHI",746175
"Real Engineering",745117
FilmsActu,744415
"G Herbo",743869
"Gavin Magnus",742365
"Crazy Raccoon",741868
fantano,740814
"Nicki Minaj",739160
KITAYKA,736297
"David Freiburger",735698
"ĞĞ»ĞµĞ³ Ğ—ÑƒĞ±ĞºĞ¾Ğ² - Ğ§Ğ•Ğ›ĞĞ’Ğ•Ğš Ğ›Ğ•Ğ’ Oleg Zubkov - LION MAN (Ğ¯ Ğ¸ Ğ¼Ğ¾Ğ¸ Ğ»ÑŒĞ²Ñ‹ Ğ¢Ğ°Ğ¹Ğ³Ğ°Ğ½)",734361
Humbled,733974
"TNZ Gaming",733555
"Big Wedge Golf",732588
è„±ãƒ»ç¨ç†å£«ã‚¹ã‚¬ãƒ¯ãƒ©ãã‚“,732482
"Matt's Off Road Recovery",730968
"ãƒãƒ¼å›ãƒãƒ£ãƒ³ãƒãƒ« ç”°ä¸­å°†å¤§",730965
"Ğ¢ĞµĞ»ĞµĞºĞ°Ğ½Ğ°Ğ» ICTV",730728
"Sylvain Lyve",730407
Samcrac,729160
"Home Of Games",728269
OBOY,727261
DakPlay,725192
TanqR,724613
"Matheus Fernandes - Topic",722036
"Yungeen Ace",720637
"Hiromi factory ãƒãƒ£ãƒ³ãƒãƒ«",720018
MrMattyPlays,718425
Neoxi,716819
"Mcfly et Carlito la chaÃ®ne secondaire",716771
"ãƒ¤ãƒ³ãƒ»ãƒŠãƒª / Yang Nari ã€ã«ã˜ã•ã‚“ã˜ã€‘",715328
Tays,715158
ĞœĞ°ĞºĞ°Ñ€ĞµĞ½Ğ°,714379
U-NEXTæ ¼é—˜æŠ€å…¬å¼,714137
"Aston Villa Football Club",713729
FLAZOEIRO,708995
Firelight,706598
"Safe Zone",704578
"SÃ³ Por Causa",704556
Simplistic,703928
Timoute,703417
"adam zubayraev",703186
"Sarahs Day",701746
"Mirzo teatr",700452
Ğ£ĞĞ†ĞĞ,699280
"Standoff 2",698914
"Talk Tv Azerbaijan",698715
BRKsEDU,697897
kesha,696825
éŠ€é­‚ãƒãƒ£ãƒ³ãƒãƒ«ã€å…¬å¼ã€‘,696340
KAED,695607
BrainPilot,695343
"LUIZ DO SOM",694142
DanTDM,694100
"Peco Channel",693701
Warhammer,693375
"Sky Sports News",692254
"A Fazenda",690812
"Entertainment Weekly",690721
ãã‚Šã¾ã‚‹,690214
"Ğ¡ÑƒĞ¿ĞµÑ€ Ğ¡Ñ‚Ğ°Ñ",690101
"Miko Ch. ã•ãã‚‰ã¿ã“",690084
"ãƒ–ãƒ«ãƒ¼ã‚¢ãƒ¼ã‚«ã‚¤ãƒ–-Blue Archive-",689789
Booska-P,688472
Gomu,688011
Sticks,687333
"Ğ”Ğ¼Ğ¸Ñ‚Ñ€Ğ¸Ğ¹ Ğ“Ğ¾Ñ€Ğ´Ğ¾Ğ½",685795
"DNVR Sports",685203
"FOX SPORTS AUSTRALIA",684856
HTBåŒ—æµ·é“ã‚¹ãƒãƒ¼ãƒ„,684677
GinoMachino,684593
"The Graham Norton Show",683792
KEIJU,683164
"JIN - Topic",682459
"MC Kako",681265
"Gibi ASMR",680594
"é¢¨æ¥½å¥æ–— / Fura Kanato ",680555
å°è±†å³¶ã®æ¼å¸«ã¯ã¾ã‚†ã†,679698
Dinos,679359
ç‰›æ²¢,677879
æ–‡é‡ç’°ã€ã«ã˜ã•ã‚“ã˜ã®é‡è‰¯çŒ«ã€‘ãµã¿ã®ãŸã¾ã,677246
"æ±å ‚ã‚³ãƒã‚¯/ Todo Kohaku [ã«ã˜ã•ã‚“ã˜]",677005
TheKidLAROIVEVO,676693
"LA HASBA22",676299
"Kountry Wayne",676271
"Pierre Croce",675853
"Sony Pictures Entertainment",675301
æ–è—¤è£•,674773
"COMÃ‰DIA SELVAGEM",674596
"gabi belle",673539
g1,672696
"Jin and Hattie",672608
Ğ¡ĞŸĞ•ĞšĞ¢Ğ ,671803
"RepÃºblica Coisa de Nerd",671344
"KairosTime Gaming",670930
"Hora do Faro",670364
"Mohamed Henni",670100
"Garena Free Fire Brasil",669469
2XKO,668988
Tomorrowland,668976
"Risha Kuznetsova ",667890
Balian,667671
BETNetworks,665880
"Jacob Geller",663543
"Phil Mickelson and the HyFlyers",663261
"The Rest Is Football",663099
"ãã‚Œã„ã˜ãƒ¼ã¾ãã­ã£ã¨ CrazyMagnet",661884
Ğ›ĞµĞ½Ğ¸Ğ½Ğ³Ñ€Ğ°Ğ´,661866
Goobus,658074
"Guilherme Silva Oficial",657830
Branzy,657413
TesiveGames,657115
Sora,655291
"Tom Aspinall Official",654635
"Ğ Ğ°Ğ´Ñ–Ğ¾ Ğ¡Ğ²Ğ¾Ğ±Ğ¾Ğ´Ğ°",652583
"Doodie Lo",651285
"Ğ¡ĞºĞ»Ğ°Ğ´ Ğ¢ĞµĞ»ÑĞºĞ¾Ğ²Ğ°",651158
ã­ã“ãã‚“,649839
FilmsHD,649353
"ĞĞ»Ñ‘Ğ½Ğ°, Ğ±Ğ»Ğ¸Ğ½!",646513
Podpah,646308
"Viver na AmÃ©rica",646122
X2DED,645544
Kombo,645322
Eddsworld,644956
"The Sims",644857
"New Rockstars",643405
"The Last Bacon",643189
"Spaceboy Shorts",643128
"GSC Game World",642924
itpedia,642240
"Better Voice",641217
beerpup,640804
"Shera ",640502
gattu,640499
"Dustin Hadley",640424
easycom,640306
Hagerty,637461
"ç²—å“ Official Channel",637245
"Willibed Reacts",635471
"AuRuM TV",635359
ä¸­ç”ºç´”å¹³ã®ãƒã‚¸é…”ã£ã¦ã‚‹ã‚!!,633675
"ãƒŸãƒ©ãƒ³ãƒ»ã‚±ã‚¹ãƒˆãƒ¬ãƒ« / Milan Kestrel ã€ã«ã˜ã•ã‚“ã˜ã€‘",633421
"gaelle garcia diaz",633156
Aminematue,633144
Gelado,632369
"Misfit Minds",632087
"RB Leipzig",631678
"Vice Grip Lodge",628747
PontiacMadeDDG,627936
é‡ç››ã•ã¨ç¾,627530
"KCON official",627008
ĞœĞĞ¨Ğ˜ĞĞĞ¢ĞĞ Ğ«,626574
ãˆãªã¡ã‚ƒã‚“ã­ã‚‹,624159
"Sir Gibsy",623741
EazySpeezy,622583
ã‚ã„ã¿ã‚‡ã‚“,622546
Ğ”ĞĞĞ˜Ğš,622530
"Fresh LaDouille",621702
GonGon,618623
"Sam and Colby Reacts",617188
ã•ãŠã‚Šãƒ³ã¡,616730
"Fuze III",616644
"thierry vigneau Boiserie",615410
ãƒ•ã‚©ãƒ¼ã‚¨ã‚¤ãƒˆ48,614637
"CadÃª a chave?",613653
Neoxouille,613616
"Luiza Martins ",613406
"TOBE OFFICIAL",612009
"ĞÑ€ÑĞµĞ½Ğ¸Ğ¹ Ğ‘Ğ°Ñ€Ğ´Ğ°Ñˆ",611974
ã—ã‚ƒãƒ¼ãºã‚“,611488
"Good Enough",611353
ä¸ŠåŸæµ©æ²»ã®é›‘è«‡é­‚,610835
"Ğ•Ğ³Ğ¾Ñ€ ĞšÑ€Ğ¸Ğ´",610297
"France tv sport",609808
"DH Animation RUS",609495
Dobryak,609016
Blarod,608970
"Briana Gigante",608608
Lazvell,608112
"Pro Ğ¶Ğ¸Ğ·Ğ½ÑŒ",607331
"ĞŸĞ Ğ˜Ğ¯Ğ¢ĞĞ«Ğ™ Ğ˜Ğ›Ğ¬Ğ”ĞĞ ",606727
"Bloomberg Quicktake",606488
"Destiny 2",605811
"SKITS FAM TV",605673
"Wiris Viana",604457
VonOff1700,604053
Groland,603976
"ã‚¨ãƒã‚¹ã¡ã‚ƒã‚“ã­ã‚‹ / EMAS CHANNEL",603255
illymation,602067
"CHÃCARA COMÃ‰DIA SELVAGEM",600316
"ISK Officiel",599525
Ferrari,598296
"TROPA DO BRUXO",598031
"Babalwa M",595724
"Ğ”Ğ¼Ğ¸Ñ‚Ñ€Ğ¸Ğ¹ Ğ¨Ğ¸Ğ»Ğ¾Ğ²",595529
"USA TODAY",595521
"Dylan Is In Trouble",595067
ã‚ªã‚¿ã‚¯ä¼šè¨ˆå£«chã€å±±ç”°çœŸå“‰ã€‘å°‘ã—ã ã‘ãŠé‡‘ã§å¾—ã™ã‚‹,594837
"War Thunder. Official channel.",593992
LABELSMART,593967
"Eu Hipe",593631
"Jake Carlini",593544
"é˜ªç¥ã‚¿ã‚¤ã‚¬ãƒ¼ã‚¹ å…¬å¼",593383
ã‚‰ãƒªãƒªã€ã‚‹ã‚Œã‚,592312
"TNT Sports Boxing",592077
ItsMeYellow,591574
"Trash Bandicoot",590586
oShven,590406
"Lukas Agustinho",590320
"Sundae Conversation",589929
"æ±äº¬03 Official YouTube Channel",588325
Watcher,588161
Batatinha,587119
"ESPOIR TRIBE-ã‚¨ã‚¹ãƒãƒ¯ãƒ¼ãƒ«â€¢ãƒˆãƒ©ã‚¤ãƒ–-",584174
ã€V.I.Pã€‘,582927
"The Spiffing Brit",582178
firsttouchgames,581735
ä¸ƒæ¬¡å…ƒç”Ÿå¾’ä¼š,581508
"The Pain Game",581292
"Claudio CapÃ©o",580993
Jove,580811
"FC Bayern MÃ¼nchen",580656
"More Perfect Union",580488
"Elite Cameraman",580029
"Casal WK",579182
L'Arcã€œenã€œCiel,578413
"FOX 5 Atlanta",578089
"Dr. Yaro - Topic",575877
AÃ§Ãºcar,575782
"Poisson FÃ©cond",575463
DailyDrivenExotics,575434
FriendlyMachine,574201
"Schaffrillas Productions",573202
"ãƒ—ãƒªãƒ³ã‚»ã‚¹å§«ã‚¹ã‚¤ãƒ¼ãƒˆï¼´ï¼¶ Princess Hime Suite TV",572911
"Gomer Simpson ",571958
"Supergiant Games",568372
"NIKO & STEPH",568165
æ—¥å‘å‚ã¡ã‚ƒã‚“ã­ã‚‹,567838
"Ã‰Ğ–Ğ˜ ĞĞšĞ¡ĞĞĞĞ’ ",567790
"Gloria Groove",566026
"Ğ¡Ğ¸Ğ»Ğ° Ğ¡Ğ»Ğ¾Ğ²Ğ°",565686
"L' AntreDuMaÃ®tre",564344
"ã‚«ã‚¸ã‚µãƒƒã‚¯ KAJISAC",564164
Carbonne,564097
"Lena retournement de Situations",563627
Broke,563600
"Ethan Nestor",562728
"Sae Channel / ç´—æ „å­Official",562318
"Johnnie Guilbert",562303
"Mhd Officiel",562149
CBS,561065
"Dany Ku",561009
Skyrroz,559846
"Invento na Hora",559656
ã‚ã–ã¾ã—8ãƒãƒ£ãƒ³ãƒãƒ«,559559
IShow,558865
"Joseph's Farm Design",556778
"Marine LB",556728
"ĞœĞ¸ - Ğ£ĞºÑ€Ğ°Ñ—Ğ½Ğ°",556275
"Ğ¯ĞºĞ¾Ğ²Ğ»ĞµĞ² ĞœĞ¸ÑˆĞ°",556098
"Ğ›Ğ¸ÑĞ° Ğ ÑƒĞ»Ğ¸Ñ‚",555555
Cash,555219
"æ£®ã‚±ã®æ—¥å¸¸ -Gag Life Family -",554246
"Mac Miller",554011
"BBC News - Ğ ÑƒÑÑĞºĞ°Ñ ÑĞ»ÑƒĞ¶Ğ±Ğ°",553095
ã•ã¾ãã€œãšãƒãƒ£ãƒ³ãƒãƒ«,552682
"PURPLE KISS",552491
"Star Academy - Topic",552303
Blogueirinha,551468
"Bloodhound Q50",551229
ã‚¢ã‚µãƒ’ã‚°ãƒ«ãƒ¼ãƒ—å…¬å¼ãƒãƒ£ãƒ³ãƒãƒ«,550943
RedFalcon,550639
ä¸€ãƒç€¬ã†ã‚‹ã¯,550393
LTãƒ–ãƒ­ã‚°,549163
"ĞœĞ¾Ñ€ĞºĞ¾Ğ²ÑŒ PRO",548949
"YOLO HOUSE",548274
"Scott The Woz",548261
"Gazo - Topic",545294
AMK,544850
ã‚†ã£ãã‚ŠK,544782
"Pabllo Vittar",543034
"CENTTWINZ TV",542329
ãƒ‰ãƒ©ã‚´ãƒ³ã‚¯ã‚¨ã‚¹ãƒˆã‚¦ã‚©ãƒ¼ã‚¯å…¬å¼,541654
"æ/anne TOKYO",541150
Anitta,541051
TheKateClapp,540065
"9 News Australia",539999
"Stervio 3.0",538719
GAMINGbible,538342
Ğ”Ğ¸Ğ¼Ğ°ÑĞ±Ğ»Ğ¾Ğ³,537385
ZeeMan,537315
"IZALICK ",534581
MATH,534235
4GamerSP,534011
Rhymestyle,533887
ãƒ‘ãƒ‘ãƒ©ãƒ”ãƒ¼ã‚º,533147
courtreezy,533119
"Inside Fighting",533049
"KENT for ä»»å¤©å ‚ã‚²ãƒ¼ãƒ ãƒ¬ãƒ“ãƒ¥ãƒ¼",532483
"Steve Wallis",532477
"IrmÃ£os Dias Podcast",532323
"Fengjie Family Joke",531847
é­”è£Ÿæ–—ãƒãƒ£ãƒ³ãƒãƒ«,530805
"Mrs.GREEN APPLE - Topic",530459
æ—¥åˆŠã‚¹ãƒãƒ¼ãƒ„é‡çƒãƒãƒ£ãƒ³ãƒãƒ«,529824
"Viih Tube",529586
"Tibi Jones",528686
ĞšĞ¥Ğ›,528555
Las,528365
Tamburini's,528314
"CÃ¢meras Escondidas Programa Silvio Santos",528188
"ĞœĞ°Ğ¼Ğ° Ğ”Ğ·ĞµĞ½Ğ°",528141
Hatiice944,528132
WinterKloudz,527702
ã»ã—ã®ã“CH,527475
serg1us,527454
Savun,526677
ãƒˆãƒ¼ãƒã‚¹ã‚¬ã‚¸ã‚§ãƒã‚¬,524554
"Ğ˜Ğ»ÑŒÑ Ğ¡Ğ¾Ğ±Ğ¾Ğ»ĞµĞ²",524315
"boardnews / Japanese Motorcade and vehicles ships",524273
"NFL on CBS",523348
"FEDYA BOOKER",523307
"ä¸­ç”°æ•¦å½¦ã®ãƒˆãƒ¼ã‚¯ - NAKATA ATSUHIKO TALKS",522507
"Star Trek",522250
NewsNation,521925
" 30 Millions d'Amis",521697
"NFL on FOX",521662
"Rzm64 FR ",521413
Boosfer,521373
"Crispy Concords",521086
"Chuckle Sandwich",520151
"ĞšĞ Ğ£Ğ¢ĞĞ™ ĞŸĞĞŸĞ Ğ½Ğ°",519702
Architects,519594
ã‚ã¿ãƒªã‚¶ã‚“å®¶,517077
ã‚ªã‚¦ãƒã‚¬ãƒˆã‚­FILM,516887
"United World Wrestling",516438
shawcat,515710
"Studio Danielle",515352
Ğ‘Ğ•Ğ Ğ¢,514298
"Tev & Louis",514178
KaDazee,513781
PLURIEL,513083
"Sam Reid",512633
Davi,512572
é«™æ©‹å„ªæ–—(ä»®),511192
"YX factory",511192
Louis-San,510649
"Riot Games",510565
RIIZE,510517
"Carbon Meister Plays",509267
"Jason Projeto Giga",508500
"Pierre Garnier",507838
"Breakfast Club Power 105.1 FM",506486
"Adria and Oatmeal",506068
æ«»å‚ãƒãƒ£ãƒ³ãƒãƒ«,504968
"Ronny Dahl",503657
"CDTV å…¬å¼YouTube",503147
BRUNO,502992
"CBS Sunday Morning",502103
EmeliaHartford,502014
"Mc Paiva ZS",501071
è§£ä½“æ…æ›¸ã€å®®æœ¬æ…ä¹Ÿå…¬å¼YouTubeãƒãƒ£ãƒ³ãƒãƒ«ã€‘,500768
"Any Austin",500734
"Gabriel e Shirley",500532
Snaptrox,499878
"æ¾å‚å¤§è¼” official YouTube ",499458
MBCkpop,499053
TheSpaceBucket,498580
GEVALO29,498418
"Alexander Kondrashov",498161
"Eamon & Bec",498025
"Bruno Perini - VocÃª MAIS Rico",497945
Souen,497744
Fudgy,497705
ãƒ†ãƒ¬ãƒ“æœæ—¥ã‚¹ãƒãƒ¼ãƒ„ã€å…¬å¼ã€‘,497690
"SAWAYAN GAMES / ã‚µãƒ¯ãƒ¤ãƒ³ ã‚²ãƒ¼ãƒ ã‚º",497639
"ĞĞ¼Ğ¸Ğ½ĞºĞ° Ğ’Ğ¸Ñ‚Ğ°Ğ¼Ğ¸Ğ½ĞºĞ°",497442
"Deli Cuisine",497329
"Helena - Topic",497214
"ESPN MLB",496976
"Polska Babinks",495748
"9 ĞºĞ°Ğ½Ğ°Ğ» | Channel 9",495559
"MylÃ¨ne Farmer",494772
å¹´é‡‘ã¨æš®ã‚‰ã—,493294
ã‚¢ãƒƒãƒˆãƒ›ãƒ¼ãƒ ãƒãƒ£ãƒ³ãƒãƒ«,493291
"Universal Orlando Resort",492679
"DAIFUKU KITCHEN",492490
"Succulent Gaming",490926
GOAT,490723
ã¾ã“ã¡,490036
CalebCity,487208
"Man Carrying Thing",485963
ä¸­æ—¥ãƒ‰ãƒ©ã‚´ãƒ³ã‚ºå…¬å¼ãƒãƒ£ãƒ³ãƒãƒ«,485327
"ãƒ•ã‚©ãƒ¼ãƒˆãƒŠã‚¤ãƒˆ å…¬å¼",485186
"Cleetus2 McFarland",484789
KLASS,484612
éƒ½å¸‚ãƒœãƒ¼ã‚¤ã‚º,483667
ãƒ•ã‚¸å·¥æˆ¿,483064
ScroogeTV,480321
"Snow Man - Topic",480047
070ShakeVEVO,479804
"Cortes do Flow [OFICIAL]",479706
"Laerte Viana na Ã¡rea - MMA",478195
"Stardy -æ²³é‡ç„æ–—ã®ç¥æˆæ¥­",477410
ãƒ‡ã‚£ã‚ºãƒ‹ãƒ¼ãƒ—ãƒ©ã‚¹,477300
"Le Bazar de Laupok",476361
"5IVE GUYS FC",475761
"Brandon Yates - Topic",474178
Fãƒ©ãƒ³å¤§å­¦å°±è·ãƒãƒ£ãƒ³ãƒãƒ«,474068
franceinfo,474016
"Hi Gorgeous Anna Layza",473890
"ãƒ”ãƒ¼ã‚¿ãƒ¼ / å¥‡è·¡ã®ãƒ—ãƒ©ãƒãƒŠãƒ©ã‚¤ãƒ• ! â™¡ã€ŒOZIBAãƒãƒ£ãƒ³ãƒãƒ«ã€",473097
Ricardinho,472772
"Good Mythical MORE",472521
"Scripps News",472200
"Ğ”Ğ¶ĞµĞ½Ñ‚Ğ»ÑŒĞ¼ĞµĞ½Ñ‹ Ğ¡Ğ¸Ğ½Ğ´Ğ¸ĞºĞ°Ñ‚Ğ°",471898
"Os Donos da Bola",470907
"Goji Center",470788
"We Are Iowa Local 5 News",469542
Ğ¦Ğ•ĞĞ¢Ğ ,468391
toni,467653
"Los Angeles Dodgers",465927
"Sissy MUA",465846
"MC GP",465179
"HIRO BEAUTY CHANNEL",463283
ã¯ã˜ã‚ã¾ã—ã¦æ¾å°¾ã§ã™,463155
Kryptoo,462879
HelloGamesTube,462390
èª­å£²ãƒ†ãƒ¬ãƒ“ãƒ‹ãƒ¥ãƒ¼ã‚¹,462151
"Ğ¥Ğ¾Ğ»Ğ»Ğ¸ Ğ›Ğ¾Ğ»Ğ»Ğ¸ Live",461728
"Statman Dave",461620
lilsimsie,461592
Laughability,460806
"Wiz Khalifa",458604
"This Is How We Bingham",458563
"Ğ Ğ¾Ğ¼Ğ°Ğ½ Magic",458344
"Mike's Mic",458177
"larray but more ",458119
DazzReviews,458014
SekineRisa,457892
BandAidVEVO,457260
"Professional Darts Corporation",457080
"La La Leben Shorts",455875
LeBouseuh,455843
"The Beatles",454937
Flazin,453863
ãƒ¬ã‚¤ãˆã‚‚ã‚“ï¼ ã‚†ã£ãã‚Šå®Ÿæ³,453514
Dropout,453499
"Lady Gaga",453267
å²¡ç”°ã‚’è¿½ãˆ!!,453159
Ğ˜Ğ¼Ğ¼Ğ¾Ñ€Ñ‚Ğ°Ğ»Ğ¸ÑƒÑ,452816
"Brad Mondo",451067
Borges,450707
"Neal Illustrator",449652
"Eyewitness News ABC7NY",449567
"ĞœÑƒÑ…Ñ‚Ğ°Ñ€ ĞĞ±Ğ»ÑĞ·Ğ¾Ğ²",449506
"Jinger & Jeremy Vuolo",449366
SHIMOROSHOW,447922
"Ğ£Ğ´Ğ¸Ğ²Ğ¸Ñ‚ĞµĞ»ÑŒĞ½Ñ‹Ğ¹ ĞœĞ¸Ñ€",447887
Concacaf,447440
"Daiane Pimenta",447432
ãˆã¬ãã‚“ã¡ã‚ƒã‚“ã­ã‚‹,447287
"Ğ¤Ğ•Ğ™Ğ“Ğ˜Ğ LIVE",444974
Doritin,444342
"Vou sem volta",444330
"RedaÃ§Ã£o Ninho",441605
"Gil's Arena",441567
"Bud Light",441453
"VSPORTS - Allianz Cup",440998
"The Backlogs",440427
MultiVersus,440168
"John Malecki Unscrewed",438998
"Larissa Miranda ",438597
"Record News",438510
FundyLIVE,438424
Heykel,437551
"TÃ¡ Gravando",437444
"Chef Verrecchia",437220
ç›¸é¦¬ãƒˆãƒ©ãƒ³ã‚¸ã‚¹ã‚¿,436612
è£ã•ã‚‰ã°,435823
Meychan,435778
"COLAS BIM",435649
"Lena Kuka crew",435559
"Isabela Boscov",434670
"Jelly Roll - Topic",433403
"WFLA News Channel 8",433198
Painzeiro,432476
"PSG - Paris Saint-Germain",432425
"Watson  (Official Video)",432358
Kameto,432111
"Gas Monkey Garage",431858
"Ğ–Ğ•Ğ›Ğ•Ğ—ĞĞ«Ğ™ ĞšĞĞ ĞĞ›Ğ¬",431132
"ĞœĞ¸Ğ»Ñ ĞšĞµĞ»",430659
"King Legacy",430443
"ãµãŸã‚Šã±ã± FutariPapa",430304
Ghost,429833
é«™æ©‹å°šæˆã®HISAã¡ã‚ƒã‚“,429759
"ĞĞ»ĞµĞºÑĞ°Ğ½Ğ´Ñ€ ĞĞµĞ²Ğ·Ğ¾Ñ€Ğ¾Ğ²",428710
"Infinite Bits",428188
"CONMEBOL Sudamericana",427574
"Ğ—Ğ´Ğ¾Ñ€Ğ¾Ğ²ÑŒĞµ Ğ¸ Ğ”Ğ¾Ğ»Ğ³Ğ¾Ğ»ĞµÑ‚Ğ¸Ğµ",427337
"OUTSIDE STAND UP",427281
Duvetbox,426620
"ĞœĞ­Ğ™Ğ‘Ğ˜ Ğ‘Ğ­Ğ™Ğ‘Ğ˜",426577
Jãƒªãƒ¼ã‚°å…¬å¼ãƒãƒ£ãƒ³ãƒãƒ«,426188
"MORE EMOCIY",425993
"Tulinho Oficial",425522
"Philippe Etchebest",425396
TheVovkaCom,424225
MendrakePlay,424185
"GD Colon",424166
"morgans vlogs",423324
ã—ã‚…ãŒãƒ¼ã¯ã†ã™,422621
"THE BOX",422479
SunlessKhan,422140
GMHikaru,422131
"Filipe Ret - Topic",421500
"Total War",421070
"NHK MUSIC",420547
"Star Academy Officiel",419483
"Desert Drifter",419279
ã‚ˆã£ã—ã„Games,418667
"Teen Vogue",418551
"JasonTheWeen IRL",418196
"GAZ LIVE",418196
porkinbr,417643
OHGEESY,417418
"Kazaki Ch. â€ æ£®ä¸­èŠ±å’² â€",417328
Ademgdy,416979
Gazan,416771
"CORTES - Leon e Nilce [Oficial]",415520
ANNnewsCH,414376
å¾³äº•video,413834
"Hikari Kizuna TV",413257
ã‚µã‚¶ãƒ³ã‚ªãƒ¼ãƒ«ã‚¹ã‚¿ãƒ¼ã‚º,413241
"Gregory e Matheus",413063
"Mayke e Rodrigo",412245
"Hoop Venue",411930
WNBA,411399
"TC Zwag",411152
Hanna,411038
Ali-A,410898
"Doobus Goobus",410885
"Max Klymenko",410739
"Pringus McDingus",410063
ScienceEtonnante,409737
"Primo Pobre",409626
HugTV,409489
PierreGarnierVEVO,409314
"Utopia Live",409313
TeeVee,409024
"ĞœĞ£Ğ— SHORTS",408820
"Henrique Carvalho",408132
"That Track Channel",408105
å¹³æ‰‹å‹æ¢¨å¥ˆ,407244
"FX Networks",407238
"The Nursery Nurse",407061
UsimamaneVEVO,407031
KTO,406999
"4M Original",406192
é‡é£Ÿãƒãƒ³ã‚¿ãƒ¼èŒ¸æœ¬æœ—ï¼ˆãŸã‘ã‚‚ã¨ã‚ãã‚‰ï¼‰ch,404757
toomuchlucile,404160
"Jake Shane",403645
"Gone with the Wynns",403319
Mayadorable,402519
"Botafogo TV",400392
"CBS Sports Golazo - Asia",400192
Settled,400064
H1kH,399415
"Recording Academy / GRAMMYs",399136
A-Reece,399084
å‡±æ—‹MCbattle,399069
"John Force Racing",398401
KaneBrownVEVO,398350
LUDMILLA,398183
"The Cosmonaut Variety Hour",398031
"Michael Irvin",397921
"å±±ç”°äº”éƒ ã‚ªãƒˆãƒŠã®æ•™é¤Šè¬›åº§",397820
"Manga Trash",397557
"Ğ¨Ğ¾Ñ€Ñ‚Ñ‹ Ğ˜Ğ»ÑŒĞ´Ğ°Ñ€Ğ°",397062
ã—ã®ã‘ã‚“å¤§é£Ÿã„,396971
"Sana & Nael",396710
"Mundo Sem Fim",396486
NoCap,396441
Kolyan_karelia,396400
"ç”˜çµã‚‚ã‹ / Amayui Moka",396027
Ğ‘Ğ°Ğ´Ğ°Ğ±ÑƒĞ¼Ñ‡Ğ¸Ğº,395477
M2,395356
"PICKCON / í”½ì½˜",394682
"Direct Weather",394607
"10 News First",394591
LeHuffPost,394214
Scubeskitchen,393058
å¤§å–œã‚‹äººãŸã¡ã€ˆå¤§å–œåˆ©å‹•ç”»ã€‰,392760
"John Lewis",392676
ProjectJamesify,392668
"Fortnite Events",392660
"Jovem Pan Esportes",390762
Paulygones,390412
ã—ã®ã‘ã‚“ã®åˆ¥è…¹,389247
ABCãƒ†ãƒ¬ãƒ“ãƒ‹ãƒ¥ãƒ¼ã‚¹,389148
"League of Legends Brasil",388884
"CONMEBOL Sudamericana",388361
ãµã‰ã€œã‚†ã€œã¡ã‚…ã€œã¶,387626
ä¿ºãŸã¡å¤©ä¸‹ã®ã‚†ã¨ã‚Šãƒ¼ãƒãƒ³,387382
"Le Figaro",386660
"TINO CAPO",386332
ã®ã‚“ã³ã‚Šãƒãƒ£ãƒ³ãƒãƒ«ãŒãƒ¼ã©ã¾ã‚“,386027
"Ğ‘Ñ‹Ñ‚ÑŒ Ğ˜Ğ»Ğ¸",385950
"EVA mash",385148
"Tha Lagend Official ",384794
"Aile The Shota",384491
ã‚¢ã‚«games,384261
"Masahiro Sakurai on Creating Games",383905
NIRU,382049
ãƒã‚°ãƒ­ãƒ˜ãƒƒãƒ‰,382015
"Heat Check",381969
"Jana Duggar",380968
"IVA LEGO",380664
AnthonyPadilla,380624
Seijinho,380324
ĞĞ’ĞĞ Ğš,379982
"FOX 11 Los Angeles",379395
"CJ Race Cars",379334
ãœã‚“ã„ã¡,379247
Laurette,378387
"German El Classico â€” ĞĞœĞšĞĞ›",378235
"Leo Dias Oficial  ",377682
"Fox Cricket",377430
"FOX Carolina News",377375
UNITED24,377264
"Matt Mitchell",377186
"RebeuDeter 2.0",376515
"Gigaton Games",375199
"Fred Talks Fighting",373817
DOFUS,373676
"CBS 17",373020
BF///MS,372824
RodWave,372767
TFLEV,372593
"13 ĞšĞ°Ñ€Ñ‚",372045
"AndrÃ© Piunti",371238
"Alexandra Posnova",371144
"æ©˜ã²ãªã® / Hinano Tachibana",370964
"Farmhouse on Boone",370201
V2F,370112
TeamFourStar,369871
"ã©ãã‚‰ ç”Ÿé§’ãƒ‡ãƒ“ãƒ«",369293
"TF1 INFO",368965
"ABC4 Utah",367911
ãã¾ãã‚Œã‚¯ãƒƒã‚¯ã®ã‚µãƒœã‚Šå ´,367329
"mitsuba vlogå¤«å©¦ã¨çŠ¬ã®æš®ã‚‰ã—",367250
ãŠã‚ã¡ã‚“ã‚†ãƒ¼ã®ç´ æšã’,366900
Kadukos,366799
"ĞŸĞ°Ñ€Ğº Ğ›ÑŒĞ²Ğ¾Ğ² Ğ¢Ğ°Ğ¹Ğ³Ğ°Ğ½. Ğ¢Ğ°Ñ‚ÑŒÑĞ½Ğ° ĞĞ»ĞµĞºÑĞ°Ğ³Ğ¸Ğ½Ğ°.",366378
CS99TV,366378
"Jack Joseph",366367
"Ğ”ĞµÑ€ĞµĞ²ĞµĞ½ÑŒĞºĞ° Ğ¿Ğ¾Ğ´ ÑƒÑ‚ĞµÑĞ¾Ğ¼",364510
"å­¤ç‹¬ã®ã‚°ãƒ«ãƒ¡ å…¬å¼ãƒãƒ£ãƒ³ãƒãƒ«ã€ãƒ†ãƒ¬æ±ã€‘",363430
"Jaqueline Sobrinho",363389
"Dead by Daylight",362254
"The Sciencoder",361630
"Fortnite FR",360426
"MandJTV Plays",360374
JECK,359594
"Angry Ginge Clips X Every Day",359492
"Eliot Lehanneur",358906
CaptainSauce,358774
"Grupo Firme",358661
Lackadaisy,358498
"WXYZ-TV Detroit | Channel 7",358433
"Futebol pelo Mundo",357831
"This Old Tony",357807
"äº•ä¸Š å’²æ¥½ Sakura Inoue",357720
PedruxJoga,357328
"Delacruz - Topic",357142
"James Marriott",357135
AlternateHistoryHub,356809
"This Morning",354580
Pazjor,354566
"ã‚µãƒ ãƒ©ã‚¤ãƒ•ãƒ©ãƒƒã‚°ã€SAMURAI CHANNELã€‘",354245
JackFunny313,353939
Julgane,353883
"ã‚¹ãƒ¼ãƒ„ äº¤é€š / Suit Train",352729
æ£®ã‚±ã®æ—¥å¸¸ã€å¨˜ã€,352587
"CBS TEXAS",352032
"A Roda",351209
"Weder Silva",350616
TheBrainDit,350602
ã¨ã‚Šã£ã´ãƒ,350508
"Cruzeiro Esporte Clube",350425
smotraTV,350085
"MUSSA GAME",348447
Milo,348208
"Ğ˜Ğ³Ğ¾Ñ€ÑŒ ĞœÑ‘Ğ´Ğ¾Ğ²",348071
jessetc,347492
æ€ªç‰©ãã‚“,346992
Vulture,346582
"ç¥å´æµ / Megumi Kanzaki",345589
"CANAL DO LAIFINHO",345301
"Access Hollywood",345259
"Ğ¢ĞµĞ»ĞµĞºĞ°Ğ½Ğ°Ğ» ĞŸÑ€ÑĞ¼Ğ¸Ğ¹",344539
"Carro Chefe",344438
"Fallout Plays",343815
ã‚€ã,343588
Nazzy,343194
ç‹¬ãƒ²ã‚¿å¥³å­ã€ï¼Šã‚¢ãƒƒã‚­ãƒ¼chï¼Šã€‘,343109
ã›ã˜ã‚…ã§ã™ã€‚,342559
"Daniil le Russe",342488
HiMan,342055
"Micah Morris",341712
"Lil Poppa",341692
"WSPA 7News",341044
"Claire Saffitz x Dessert Person",341039
"Nino MssClick",340910
"BY STEP",340758
è°·ç¹ãƒ™ãƒ¼ã‚¹ãƒœãƒ¼ãƒ«ãƒãƒ£ãƒ³ãƒãƒ«,340449
WebTVBrasileira,340304
åƒåŸã‚¸ãƒ¥ãƒ‹ã‚¢YouTube,339677
SuperHorrorBro,339267
Coca-Cola,339136
LucasParleF1,337747
"Need for Speed",336488
Kodes,336326
ã‚¸ãƒ¥ã‚¸ãƒ¥ãƒ¯ãƒ¼ãƒ«ãƒ‰JUJUWORLD,335946
"ã¼ã‚“ã˜ã‚…ã†ã‚‹ / ãƒ‰ã‚ºãƒ«ç¤¾",335061
MeganMoroneyVEVO,334617
ãã†ã ã€ãŠå®¶ã‚’ã¤ãã‚ã†ã€ï½¸ï¾’ï¾ï¾˜channelã€‘,333896
"Sport Club Internacional",333314
"Rob Squad Reactions",332680
TheGuill84,331417
LeChefOtaku,331344
GotagaTV,331246
ç¥–æ¯ã¨å­«ã¡ã‚ƒã‚“ã­ã‚‹,329863
"Panda Espacial",329240
Ğ®Ğ»Ğ¸Ğº,328907
jeffreestar,328713
"Patrick Bruel",327708
"HENRY LIVE",327377
"Romain - Les InachevÃ©s",327295
BehindThePlay,326910
"Trevor Bauer",326745
"Brooklyn Frost",326433
"Talkin' Yanks",326128
"Eliane Fernandes",325260
Calvin,324412
"Philippe Cantenot",323955
"FWJ -FITNESS WORLD JAPAN-",323724
ãƒ¡ãƒ¢å°‘å¹´,323690
DreamXD,323426
å ¤ä¸‹é£Ÿå ‚,323179
ã¸ã‚“ãªã„ãã‚‚ã®ãƒãƒ£ãƒ³ãƒãƒ«,322787
ã‚¦ã‚§ã‚¶ãƒ¼ãƒ‹ãƒ¥ãƒ¼ã‚¹,321941
"ĞœĞ¸Ñ…Ğ°Ğ¸Ğ» Ğ¥Ğ¾Ğ´Ğ¾Ñ€ĞºĞ¾Ğ²ÑĞºĞ¸Ğ¹",321910
"U.S. Soccer",321791
"Fulham Football Club",321726
"Coach Rubens Gomes",321635
GoodTimesWithScar,321323
"PRO Ğ˜ÑÑ‚Ğ¾Ñ€Ğ¸Ñ",320494
"Sunaika Bruna",320036
"ĞĞ»ĞµĞºÑĞ°Ğ½Ğ´Ñ€ Ğ¡Ğ½Ğ¸Ñ‚Ğ¾Ğ²ÑĞºĞ¸Ğ¹",319727
Danyl,319461
"Marcelo e Duda",318506
CarExpert,318072
MichaelBrunVEVO,317538
"ĞœĞ¸Ñ€ Ğ¢Ğ°Ğ½ĞºĞ¾Ğ². ĞÑ„Ğ¸Ñ†Ğ¸Ğ°Ğ»ÑŒĞ½Ñ‹Ğ¹ Ğ²Ğ¸Ğ´ĞµĞ¾ĞºĞ°Ğ½Ğ°Ğ»",317470
"Nota Bene",315953
"The Food Theorists",315882
Mav,315273
25KTHEPLUGVEVO,314926
"LÃ©o Foguete - Topic",314769
MissouMakeup,314553
"George Strait",314243
"Dani and Snappy",314225
"YoungBoy Never Broke Again - Topic",314053
"Tom Brady",313539
"Ğ˜Ğ³Ğ¾Ñ€ÑŒ Ğ Ñ‹Ğ±Ğ°ĞºĞ¾Ğ²",313503
"Vous Avez Le Droit",313408
"Hugo Lisoir",313345
"Kevin's English Roomã®æ”¾èª²å¾Œ",312718
"Lost in the Pond",311738
"Vasco TV",309893
"FamÃ­lia Rocinha Querida ",309470
"Dad V Girls Studios",309425
Bravo,308529
å¤ªç”°ä¸Šç”°ã€å…¬å¼ã€‘,308439
"Black M",307605
"Void Darc",307009
GameKnackã€QuizKnockã‚²ãƒ¼ãƒ ãƒãƒ£ãƒ³ãƒãƒ«ã€‘,306524
"Max Titanium",306430
ç¾å¥ˆå­ãƒ•ã‚¡ãƒŸãƒªãƒ¼TV,305592
"Jiji Wonder",305292
"Di ray",305286
"The Fast Lane Car",304752
"RIKACO LIFE",304708
"RTS - Radio TÃ©lÃ©vision Suisse",304139
"Pierre Croce Volume 2",303958
"Arrowhead Game Studios",303409
KelseaBalleriniVEVO,302807
å…„è€…å¼Ÿè€…,302791
Arammo,302787
DankPods,302595
"Amanda AtaÃ­de",302374
"TV VendÃ©e",301672
"Seanie Dew",301569
"ABC News In-depth",301567
éˆ´æœ¨ã‘ã‚“ãã†,301547
"ĞŸÑ€Ğ¸ĞºĞ»ÑÑ‡ĞµĞ½Ğ¸Ñ ĞĞ½Ğ³ĞµĞ»Ğ¸Ğ½Ñ‹ Ğ¸ Ğ³Ğ°Ğ¼Ğ°Ğ´Ñ€Ğ¸Ğ»Ñ‘Ğ½ĞºĞ° Ğ›ÑÑĞ¸ Ğ² Ğ¢Ğ°Ğ¹Ğ³Ğ°Ğ½Ğµ",301195
"Le Routin",300581
"Ğ›Ğ®Ğ¡Ğ¯ Ğ§Ğ•Ğ‘ĞĞ¢Ğ˜ĞĞ",299331
BlacktopBuckets,298742
Chrono,298693
ChaoukiGaming,298688
"ã€ç´ æ½œã‚Šæ¼å¸«ã€‘ãƒã‚µãƒ« Masaru.",298247
"BossMan Dlow",297939
Sunchannel,297685
"LOUD Coringa",296794
Graphyx,296468
"Mrs Allen",296317
"Mrs. Allen",296317
Masomka,295998
Forbes,295009
"Spaceflight Now",294521
"FOX 32 Chicago",294011
"Juju Fitcats",293443
AstronoGeek,293425
"RCC NEWS DIG Powered by JNN",292972
ã‘ã‚“ã,292831
"Agatha Christie",292351
SPFL,291862
CHOCOH,291474
"Ğ˜ÑÑ‚Ğ¾Ñ€Ğ¸Ğ¸ ĞĞ°Ğ²ÑĞµĞ³Ğ´Ğ°",291448
Rikinho,290964
"Stand-Up Club #1",290678
ytvé˜ªç¥å¿œæ´ãƒãƒ£ãƒ³ãƒãƒ«ã€Œãƒˆãƒ©ãƒˆãƒ©ã‚¿ã‚¤ã‚¬ãƒ¼ã‚¹ã€,290620
Hunxho,290465
"100å„„å¹´LOVEã€Aãƒãƒƒã‚½ åŠ ç´Ã—ãƒ©ãƒ©ãƒ³ãƒ‰ ã‚µãƒ¼ãƒ¤Ã—3æ™‚ã®ãƒ’ãƒ­ã‚¤ãƒ³ ç¦ç”°ã€‘",290384
"Gabi Magsan",290087
"turning the tables",290000
"Braydon Price",288306
"Marcos Vasconcellos",287515
å®®è¿«ã§ã™ãƒƒ!ã€å®®è¿«åšä¹‹ã€‘,287487
ChocolatAndVanillah,287356
Stervio,287222
"Golf Channel",287197
Espresso,286345
"Ğ”Ğ¼Ğ¸Ñ‚Ñ€Ğ¸Ğ¹ ĞŸĞĞ¢ĞĞŸĞ•ĞĞšĞ",285705
THV11,285178
"The Rich Eisen Show",285031
"Fortnite Brasil",284871
"Jamy - Epicurieux",284124
ã¾ãã¾ããƒ‘ã‚¹ã‚¿æ¢æ¤œéšŠ,284003
"CBC British Columbia",283800
Suetam,283740
ONEFOUR,281172
kemio,281072
"On The Radar Radio",280092
"ãã°ã‚‹ã‚“ í‚¤ë°”ë£¬",280082
å…ƒæœ¨å¤§ä»‹ãƒãƒ£ãƒ³ãƒãƒ«,279975
Dalbek,278778
"What a Fail !",278343
Bushradical,277791
"Valouzz 2.0",275607
"ĞĞ°ÑˆĞµ Ğ”ĞµĞ»Ğ¾ Ğ¡Ñ‚ÑƒĞ´Ğ¸Ñ +",275260
"CNN Esportes",274673
GhostNinja,274526
"Steve Morris Engines",272829
"Mike Patey",272691
Ğ‘ÑƒÑ€Ñ‘Ğ½Ğ¾Ñ‡ĞµĞºğŸ›‘,272142
"ConfederaÃ§Ã£o Brasileira de Futebol",271964
Flapix,271735
"TOP 14 - Officiel",270987
TheRealSilvas,270975
ã¨ãƒ¢ãƒ¤ã‚·,270565
"MandJTV Extra",269702
å‡¡éª¨çªæ’ƒéƒ¨éšŠ,269367
"MATH HOFFA",269348
"VovÃ´ Raul Gil Oficial",269137
HeyDavi,268811
ĞšĞ¾Ğ¼ÑŒÑĞ½Ğ¸Ñ‚Ğ¸,268620
FloWrestling,268134
"Gabriel e Shirley - Games",267599
AFTV,267150
"Papyrus Da Batata",266933
FlightReacts,265491
Edward,265436
FixEye,265161
benzaieTV,265153
"PRIMO ESTRANHO YT",265113
"COROã¨ä¼Šæ¾¤æ˜ŸèŠ± SEIKA IZAWA",264874
oFbr,264789
"Leeds United Official",264528
"KaratÃ© Bushido Officiel",264167
ONLINE.UA,263754
"General Hospital",263549
"Kevine Obin",263543
L'argus,262721
ã‚·ãƒ¥ãƒ¼ãƒˆã€‚,262251
"Dodger Blue",262198
" In Dushanbe",261621
FROST,261479
ãŸã™ãã“ã¾,260693
duplacancaoelouvor,259801
ç©åˆ†ã‚µãƒ¼ã‚¯ãƒ«,259455
Saberspark,259335
çµ‚ã‚ã£ãŸäºº,259278
"Garage 2CV Etienne Musslin",259117
BlankBoy,259034
1320video,258011
CANDICE,257800
æ¨ªå·ãã‚“ã®ç­‹è‚‰ã¡ã‚ƒã‚“ã­ã‚‹,257762
"Euronews Ğ¿Ğ¾-Ñ€ÑƒÑÑĞºĞ¸",257696
"BE:FIRST Official",257545
"Ğ•Ğ²Ğ³ĞµĞ½Ğ¸Ğ¹ ĞšĞ¾Ğ»Ğ¾Ğ´Ñ†ĞµĞ² ĞšĞ°Ñ€ĞµĞ»Ğ¸Ñ",256960
"Major Mouvement",256948
æ¡‘ç”°é¾å¾ã®å¿ƒãŒæŠ˜ã‚Œãã…,256253
"CombatCrew Live",255673
ç‡ƒãˆãƒ‰ãƒ©chã€CBCãƒ†ãƒ¬ãƒ“å…¬å¼ã€‘,255465
"ARB TV",254974
KORESH24K,254961
"Fast Car View",254061
ã‚ã‚“ã“ã‚‚ã¡_ã‚²ãƒ¼ãƒ æƒ…å ±æ”»ç•¥ch,254045
"Ezase Afro",253709
"Juliana Perdomo",253439
"France 3 Hauts-de-France",253343
"Le dessous des images - ARTE",252638
"Ğ—Ğ’Ğ£ĞšĞ˜ ĞœĞœĞ",251998
"Chris Van Vliet",251990
Combate,251906
"JRK 19",251140
"FlÃ¡vio & Kairah",250892
"Fahd El",250856
Problems2,250670
Ğ’Ğ¸Ğ½Ğ´ÑĞ¹,250546
"E! News",250214
"Om TV",250165
"Polka Ch. å°¾ä¸¸ãƒãƒ«ã‚«",249824
"ZyonMana ã‚¸ãƒ§ãƒ³ãƒãƒŠ",249625
ãƒ‘ã‚ºãƒ‰ãƒ©å…¬å¼ãƒãƒ£ãƒ³ãƒãƒ«,249147
PeckBrothers,249042
OfficialZelel,248945
"ĞœĞ¸Ğ»Ğ°Ğ½Ğ° ĞĞµĞºÑ€Ğ°ÑĞ¾Ğ²Ğ°",248908
Natoo,248753
"NBC10 Boston",248526
Daishikawa,248283
"BaRaDa Gold Russian",247876
"Dinah Moraes",247354
"Family Play TV",246262
"Laurent SCHMIDT",246025
ãˆã¿å§‰,245183
TCNick3,244869
YOUNG,244809
"Canal do VSR",244633
"KGW News",241881
"Raiz Tricolor",241024
NottinTV,239738
"Vibe de Dois ",239280
"Gaebe BS",238854
"Elchiki - Clash Of Clans",237799
ã¨ã‚‚ã‚„ã‚“ã€ãƒ¬ã‚¤ã‚¯ãƒ¬ã€‘,237709
"Radio Nova",237637
"Kenny For Real",237554
"ĞĞ°Ñˆ Ğ”ĞĞĞ¯",236672
"Just Riadh",236649
Ğ¡Ñ‚Ñ€Ğ°Ğ½Ğ°.ua,236567
"Les OUTSIDERZ ",236417
"k a m a i t a c h i",235685
GambinoLaMGVEVO,235279
"Lulu ronce de noyer",235040
ã€ã‚²ãƒ¼ãƒ é€Ÿå ±ã€Œæ”»ç•¥ãƒ»ã‚†ã£ãã‚Šå®Ÿæ³ãƒ»ã‚†ã£ãã‚Šè§£èª¬ãƒ»Switchãƒ»PS5ãƒ»XBOXãƒ»steamãƒ»å®Ÿæ³ã€‘,234822
"KeBlack - Topic",234750
Mylon,234217
"Ma Boi - Superconeri",234086
"The Herd with Colin Cowherd",233774
ã“ãƒ¼ã™ã‘,233663
"Bob Lennon",233019
"Ğ˜Ğ½Ñ„Ğ¾Ñ€Ğ¼ TV",232848
"FRANCE 24",232356
"Uzeyir Production Official",232271
talkSPORT,231806
"Wendy Ortiz",229700
"Bruno Formiga",229263
"WPLG Local 10",229227
Robzi,229164
"Yeat - Topic",229043
Louis,229022
"Marcelo Bechler",228935
"Signified B Sides",228775
"KHON2 News",228569
"Eda Atilla",228526
"DAZN Women's Football",228300
ã‚¸ãƒ§ã‚¤å®¶,227642
"Alex Eubank",226754
Caspahz,226598
"Valquiria Santana",225916
"The Facility",225547
Talokudo,225374
kazashka,224778
+Igu,224722
"Hoje em Dia",224698
"Pablo Oficial",224391
"Maes - Topic",223748
"Standoff 2: Headshot Club",223585
"Sora Off",223267
ã‚†ã£ãã‚Šã‚€ã¡ã‚ƒãŸã¬ã,223014
ãƒ‡ãƒ¼ãƒ–å¤§ä¹…ä¿ãƒãƒ£ãƒ³ãƒãƒ«,222761
"ĞŸĞµÑ‚Ñ€ Ğ›ÑƒĞ¿ĞµĞ½ĞºĞ¾",222563
VinhÃ´,222038
"Lacrim - Topic",222012
"äº•åŸè‰¯å¤ªéƒã€€Ryotaro Ihara",221872
"Todd in the Shadows",221679
"Yasu familyãƒãƒ£ãƒ³ãƒãƒ«",221486
"Mayumi Vlog",221097
"Carla Rockmore",220921
MarcA2C,220746
"Vazachka ",220505
YourFriendZeal,220482
Dinossarro,219944
"FranksÃ¢ngela ",219386
"CLAUDEMIR GIGLIOTTI",219244
åŒ—æµ·é“æ—¥æœ¬ãƒãƒ ãƒ•ã‚¡ã‚¤ã‚¿ãƒ¼ã‚º,219174
"ã¨ãã©ãƒãƒ£ãƒ³ãƒãƒ« / Tokido",218968
Jojol,218955
"TV Senado",218498
ã¾ãµã¾ãµã¡ã‚ƒã‚“ã­ã‚‹,218308
"CNN 10",218209
ã‚·ã‚¢,218194
"Froch on Fighting",217957
"SEGREDOS DA MA",217610
"Minnesota Vikings",217435
Hiloshow,217079
"Junior Cigano Dos Santos",216721
Motorede,216279
"BoumÃ© Sama",216089
Ring,215802
ã‚·ãƒ¢ã‚«ãƒ¯ãƒãƒ£ãƒ³ãƒãƒ«,215539
"Juice WRLD - Topic",214265
kotiynet,213860
"ĞĞ°ÑˆĞ¸ Ğ¸ÑÑ‚Ğ¾Ñ€Ğ¸Ğ¸",213751
"Pearl Fountain",213420
VodK,213217
L'ALLEMAND,213139
"28 minutes - ARTE",213129
"So La Zone",213109
Hardisk,213103
"FOX8 WGHP",212298
"ZÃ‰ DA ROÃ‡A E SUA TURMA",212139
"Canal GNT",211702
"Le caveau familial",211670
"RAAVA MUSIC",211251
Pidi,210575
COLAS,210517
"LIGLEY BEST",210075
"Gil Trindade. Vida Selvagem na AmazÃ´nia",209188
"Passion RÃ©novation",209051
INSTASAMKA,208525
Dooms,208280
"Okayu Ch. çŒ«åˆãŠã‹ã‚†",208153
"PokÃ©mon Trash",206336
YESNetwork,206250
"Lara Fabian",206136
"FOX Weather",205554
MKIceAndFire,204813
FruitySama,204386
"Meu TimÃ£o",204141
"Samy bele",203786
"CHRIS ğŸ§¢",203284
ray!,202227
"Pesadelo na Cozinha",202013
"Football Analysis",201012
"HFC Shorts",201009
"ã­ã‚‹ã‚ã‚ / Nerumero",200893
"Iron Master",200805
"De Placa",200418
"Thibault & Jessica",200317
"BEEJAY TV",200194
JeanBaptisteShow,199635
"Gi Cardoni",199229
"ç™½é›ª å·´/Shirayuki Tomoe",198844
"PlantÃ£o do Paulinho",198770
"Ğ¡Ğ²ĞµĞºÑ€Ğ¾Ğ²ÑŒ Ğ¾Ğ±Ğ¾Ğ¼Ğ»ĞµĞ»Ğ°",198421
"RMC Sport Combat",197935
JGeek,196784
TSUKU,195275
"Los Angeles Times",195149
"FOX 10 Phoenix",194677
InfoMoney,193577
"KinKi Kids",193310
"Petites Observations Automobiles",193017
ç´°æœ¨ã‹ãŠã‚Šãƒãƒ£ãƒ³ãƒãƒ«,193000
"Lucas Rangel",192320
"Ğ”ÑĞ´ÑŒ ĞĞ½Ğ´Ñ€ĞµĞ¹",191515
"Israel & Rodolffo",190884
"Old School RuneScape",190869
"C Ce Soir - France TÃ©lÃ©visions",189791
OlaGUTI,188907
Splash,188818
NARå…¬å¼ãƒãƒ£ãƒ³ãƒãƒ«,188591
MANETIKIN,188504
PufferTV,188470
Mushway,188163
"So Kahina",188080
NinjaxxÂ²,187542
"Toinelag Gaming",187538
"Ã‡a commence aujourd'hui - France TÃ©lÃ©visions",187509
"Minha Rocinha Querida",186643
Youssoupha,186512
å¦–å¤¢ã®ã¿ã‚‡ã‚“ãªãŠæ–™ç†ã¡ã‚ƒã‚“ã­ã‚‹,186264
MarionCameleon,185218
"Team Spirit",184853
"KOCO 5 News",184772
"TÃ©lÃ© Star",184475
Liv,184407
UFOTINIK,184234
"LEO STRONDA ",184122
"Mike Solist",184122
"PokÃ©mon GO",183897
"CookieRun: Kingdom",183570
"FÃ¡tima Bernardes",183523
ROMY,183311
"Cyrus North",182641
LubaTV,182630
"KTSM 9 NEWS",182546
"Band Receitas",182258
"WIXO & LA2S",182254
"Olympique Lyonnais",181759
"Ğ¢Ğ¾Ñ…Ğ° EKB",181377
"Boxing King Media",181280
"Fred Caldeira",181250
"Durian's Powder Room -ãƒ‰ãƒªã‚¢ãƒ³ãƒ»ãƒ­ãƒ­ãƒ–ãƒªã‚¸ãƒ¼ãƒ€-",180699
"VendÃ©e Globe",180426
"janelle dltr",180291
"Louie's Life",179688
"Disney Dreamlight Valley",178865
EminOfficial,178508
PaulistÃ£o,178438
"Eurosport France",178421
imaginago,178098
"RefÃºgio Cult",177517
"STUDIOCANAL France",177357
"Ecran Large",176585
"FamÃ­lia Oliveira",176498
ã¡ã‚‡ã¶ã‚Šã€eFootballè§£èª¬ã€‘,176378
moviecollectionjp,176106
"8 News Now â€” Las Vegas",175523
Supercars,175196
"Direction gÃ©nÃ©rale des Finances publiques",174905
"Luan Pereira - Topic",174887
"Marwa Merazka",174502
RilÃ¨s,174239
"Poli Landim",173893
FuzayÂ²,173766
"Anthony Uly",173764
"France 3 Bretagne",172530
"Los Boyz",172417
hrendyabliki,170545
"Tristan Hedouin",169115
"Football Club de Marseille",169024
"Ğ‘Ğ¾Ğ»ÑŒÑˆĞµĞ³Ñ€ÑƒĞ· 40rus",168959
"Ğ£Ğ´Ğ¸Ğ²Ğ¸Ñ‚ĞµĞ»ÑŒĞ½Ñ‹Ğµ Ğ¸ÑÑ‚Ğ¾Ñ€Ğ¸Ğ¸ Ğ¸Ğ· Ğ¶Ğ¸Ğ·Ğ½Ğ¸",168598
DADI,168589
"CBS Colorado",168487
"Pierre Chabrier",167749
"Wanessa Wolf",167612
"Crash Lab'",167544
MZC,167433
"FÃ©dÃ©ration FranÃ§aise de Football",167248
"Canal Zico 10",167164
"JÃ©rÃ©my Frerot",166952
"The Joel Klatt Show: A College Football Podcast",166562
PerrieVEVO,166231
æ—¥æœ¬ç›¸æ’²å”ä¼šå…¬å¼ãƒãƒ£ãƒ³ãƒãƒ«,165497
"Canal Rivalidade FC",165165
"The Official Billionaire Black",164221
JEREMSTAR,164069
Fofocalizando,163965
"Cleveland Guardians",163240
"Dude Dad",163120
Lggj,161991
"Tati Mantovani",161902
"ãƒ­ãƒ¼ãƒ¬ãƒ³ãƒ»ã‚¤ãƒ­ã‚¢ã‚¹ / Lauren Iroasã€ã«ã˜ã•ã‚“ã˜ã€‘",161366
"Family Island Game",161128
"DÃ©bora Aladim",160743
Walmart,160626
"Iguinho e Lulinha - Topic",159699
Rigopes,159328
"Morgan VS",159139
"CrazyBomb World",158803
"Rustam Raxmonov",158779
MAFUBA,158725
"Ğ¯Ñ€Ğ¾ÑĞ»Ğ°Ğ² Ğ¡ÑƒĞ¼Ğ¸ÑˆĞµĞ²ÑĞºĞ¸Ğ¹",158500
"Brawl Stars MMA",158406
"ABC 33/40",157530
"Dingo Doodles",157157
"10 Tampa Bay",157012
å²©æœ¬å‹‰ãƒãƒ£ãƒ³ãƒãƒ«,156561
Willito,155874
"FARM RIDER",155824
Onerb,155725
"Alexandria Ryan",155342
Adrenaline,155322
"Spanian 2",155057
ã•ã—ã¶ãƒ¼ã®å¨¯æ¥½ã®æ—…ãƒãƒ£ãƒ³ãƒãƒ«ã€Sashibuã€‘,154324
"NLE CHOPPA",154206
"mistermv - Clips officiels",154094
LevelCapGaming,154074
TiaGOL,153734
"ĞœĞ°ĞºÑ Ğ’Ğ°Ñ‰ĞµĞ½ĞºĞ¾",153431
Zancanelli,153016
"GQ France",152400
"Des Racines et des Ailes",152243
Farod,152069
"Nathalie Victoria",151955
ç”£çµŒãƒ‹ãƒ¥ãƒ¼ã‚¹,151819
"Jovan Buha",151776
"Rota Livre Pelo Mundo",151146
"Le jardin de Rodolphe",150930
"HOT 97",150585
"Onerb Games",150235
å¤©è‰²é®«,149344
"BBC News Japan",148902
ã‚µãƒ³ãƒ†ãƒ¬ãƒ“ãƒ‹ãƒ¥ãƒ¼ã‚¹,148364
"ĞĞ½Ñ‚Ğ¾Ğ½ Ğ§ĞµÑ€ĞµĞ´Ğ½Ğ¸Ñ‡ĞµĞ½ĞºĞ¾ - Anton Cherednichenko",146625
"ĞœĞ£Ğ— Ğ—ĞĞ›ĞĞ¢Ğ",145780
"Ordem Paranormal",145376
"Real Boston Richey - Topic",144970
"Lucas Cordeiro",144537
"Stupeflip Officiel",144505
"IRENE NÃ“BREGA",144114
KPOWERtuning,143934
ALEKS,143612
"ã‚Šãã¡ã‚…ã€œã¶ ã€ç™½å· é™¸æ–—ã€‘",143249
"Marvel FR",143117
"Ğ’ĞµÑ€Ñ‚Ğ¸ĞºĞ°Ğ»ÑŒĞ½Ñ‹Ğ¹ Ğ¡Ğ¸Ğ½Ğ´Ğ¸ĞºĞ°Ñ‚",143042
On3,142909
"Carol Borba",142568
"Power Couple Gaming",142363
Andiematronic,142292
"ALPHA MEDIA",142048
"Le Nouvel Obs",141977
Ğ’ĞµĞ»Ñ,141746
"KING 5 Seattle",141741
"un mec, une meuf",141694
"LVE FAMILY",140840
"Lawson Penola",140143
"Gabriela Rocha",139822
"FOX54 News Huntsville",139733
KTVB,138912
"La Crapule off",138088
Cameliaa92_,137983
"SBS Sport ",137914
"GaviÃµes TV Oficial",137570
"The White House",136236
Naru,136061
"Club 520 Podcast",135411
"Grand Corps Malade Officiel",135013
"GEMEAS VIVI",134975
"BWF TV",134477
Ubiquiti,133576
"Aline vida de MÃ£e ",132793
"Mundo Geek",132526
Ubisoft,131701
Tonimek,131394
"Yamaha Motor do Brasil",130115
Tode,129671
GDB,128761
"MÃºsica Multishow",128594
JD,128565
"Ilies Mkt",128305
ã€å…¬å¼ã€‘ã‚ªãƒ¢ã‚³ãƒ­ãƒãƒ£ãƒ³ãƒãƒ«ã®ã‹ã‘ã‚‰,128085
NZC,127903
"La Fouine - Topic",127829
"Ğ›Ğ¾Ñ€Ğ´ Ğ¢Ñ€ĞµĞ¿ÑƒÑ‚Ğ¸Ğ½",126980
"O Jean Luca",126710
"Coheed and Cambria",126441
"The Evrything7 Family 7ï¸âƒ£",125789
Gaules,125743
"Canal Edu Guedes",125590
NHL,125001
"Ğ“Ğ°Ğ»Ğ¸Ğ½Ğ° ĞšÑƒÑ…Ğ½Ñ",124912
"Reach The People Media",123740
"Just Helena",123330
"ABC7 News Bay Area",123263
"Pierre Garnier - Topic",122919
"ĞÑ€Ñ‚ÑƒÑ€ Ğ‘Ğ°Ğ±Ğ¸Ñ‡",122672
NoobBlox,122344
"Pro Direct Soccer France",121557
"Ğ¨Ğ¸Ğ½Ğ´Ñ€ ĞœÑ‹Ğ½Ğ´Ñ€",121532
"FINAL FANTASY XIV",121444
"Ğ˜Ğ²Ğ°Ğ½ Kilin 125rus",120313
ZetFarTV,120042
"Le Classique Live ",118525
Nait2,118478
JayBlac,118389
Yuka,118042
"123 GO! Shorts Russian",118025
"Coluna do Fla / Flamengo",117756
"TV Globo",117356
LOUD,116829
CanalGov,116713
CHEU-B,116200
"Glenda Loures",115962
"vlad pergler",115619
Gerohan,115362
"Ğ–ĞµĞ½Ñ Ğ›Ğ¸Ğ·Ğ¾Ğ³ÑƒĞ±",114892
"Buffalo Bills",114040
Aywen,113771
"Ğ¡Ñ‚Ğ°Ñ ĞÑ€Ğ½Ğ¸Ğº Shorts",113064
"France Rugby",112985
Wyktaur,112974
"Investidor 4.20",112728
KOAT,112558
"Yasmin GalvÃ£o",112051
"Les Parodie Bros",111513
"Livre como vento",110675
"Ğ˜ Ñ‚Ğ°Ğº Ğ±Ñ‹Ğ²Ğ°ĞµÑ‚",109843
Sandrea,109082
"SELMA & SOFIANE ",108894
"Dans Ton Corps",108849
"Joli Shopping",108696
"Fraternidade SÃ£o JoÃ£o Paulo II",108484
PSGfanTV,108319
DiaTV,107227
"Golden State Warriors",107113
elsamakeup,106900
"Rato Borrachudo",106010
"Gazeta Esportiva",105279
"Ğ§Ğ•Ğ ĞšĞĞ¡ ĞĞ¢Ğ›ĞĞĞ¢",105120
Stylosa,104504
Grelo,104140
5NEWS,103711
"Le Dessous des Cartes - ARTE",103134
"ĞĞ·Ğ°Ğ¼Ğ°Ñ‚ ĞœÑƒÑĞ°Ğ³Ğ°Ğ»Ğ¸ĞµĞ²",103102
"Pittsburgh Steelers",102959
"Henrique Buttler",102719
"Ğ”Ğ½ĞµĞ²Ğ½Ğ¸Ğº Ğ”ĞµĞ¿ÑƒÑ‚Ğ°Ñ‚Ğ°",102657
"Hunt: Showdown",102583
Loguito,101694
"VALORANT // Brasil",101003
"SAMUCA TV",100692
"Lena Krupina",100200
Nisqy,99674
"Jovem Dex",99617
"Pure Noise Records",99603
"Renato Moicano Podcast",99475
"Disney Parks",99335
Devibration,99093
"Denver Broncos",99082
"CHAGUINHA PESCADOR",98697
"Germain - Vlog Agricole",98421
"Tales From The Click",98168
Gabigol,96575
"Team Edge",96575
"Varanda Futebol Debate",96392
Depielo,95993
"Santos Futebol Clube",95836
"ÅÉ™hid analarÄ±na yardÄ±m fondu",95818
"Ğ’Ğ¸ĞºÑ‚Ğ¾Ñ€ Ğ‘Ğ»ÑƒĞ´",95699
"The Company Man",95240
Chreak,95239
"B Man",94354
"z CerealGlitchers",93543
"New England Patriots",93487
"En SociÃ©tÃ© - France TÃ©lÃ©visions",93376
TSN,92969
"Ğ“Ğ»Ğ°Ğ²Ñ€ĞµĞ´ TV",92878
"Initiatives CÅ“ur",92446
"Running Addict",92048
Lenadorable,91363
"RCT - Rugby Club Toulonnais",90968
rickyandbritney,90732
RG28,90688
"Big Ten Network",90654
"MarÃ­lia Tavares",90419
"POPOTE et POTAGER",90358
"Karmine Corp",89821
"Los Angeles Chargers",89276
"Nanass 3.0",89231
"EUROLEAGUE BASKETBALL",88800
"Julien DorÃ©",88750
2kxaoc,88618
Wildways,88608
SNY,86899
"BAROLO VÃDEOS",86745
"slow slow cow",86395
LAirHisson,84818
"VenÃª Casagrande",84694
"CHGO Sports ",83727
"Hawaii News Now",83573
"DVM RECORDS",83342
"ITALO EFOOTBALL",83179
"FÃ¡bio Sormani",82887
Tiitof,82727
"Vendredi Tout Est Permis",82680
"Walace Borges",82501
"Alex de Castro",81943
"Giro d'Italia",81322
clararunaway,79899
"France 3 Bourgogne-Franche-ComtÃ©",79844
"FÃ©dÃ©ration FranÃ§aise de Tennis de Table",79752
TheiCollection,79279
"Dallas Cowboys",79138
"Juliette Katz",78868
"Breakfast Ball",77398
"Florent Garcia",77084
FabienOlicard,75135
"Arthur Quezada",74932
"Dronio - Minecraft",74890
Rusty,74637
"Fefo Caires",74609
"KMBC 9",74316
"Pedro Assaad",74280
"MÃ©tÃ©o Express",73779
"clubinho  Nete Silva",71299
"GUDPEXI the Gamer",71263
"Automobile Propre",70273
"TV BAHÃŠA - TV oficial do Esporte Clube Bahia",70056
Beatrise,68362
"Etienne, agri youtubeurre",67963
"Lucas Studio",67657
"Courrier international",67558
"Talk My Football",67239
"Hobby Lobby",67063
Lenie,66484
"NRJ - Hit Music Only",66186
"Toria Lifestyle",66036
"Unrivaled Basketball",65688
"San Antonio Spurs",64989
"France 3 Normandie",64619
ThÃ©orus,63690
"Me Poupe!",63278
"Games Cage",61769
"NÃ­vea Soares",61326
"Guillaume & Kim",60459
"AGENT LOPES",59859
KCCI,59457
"Voyage Voyages",58943
"GARAGE 100",58592
"Gentle Mates",58525
"David Castello-Lopes",58149
"TV VitÃ³ria - Betsat",57944
"NFL Brasil",57811
"SidÃ£o do Game",57637
"Selfie Service Cortes",55919
"KELOLAND News",55543
"Sam Procrastinates",55008
"Melhor da Noite",54481
"NEXUS VI",54382
"Matheuseira ",52649
"NRLW - National Rugby League Women's",52021
"Canal da Paty",51899
"Los Angeles Rams",51239
"WKBW TV | Buffalo, NY",50654
"United Sz",49968
RafhaValent,49587
"Un si grand soleil - France TÃ©lÃ©visions",47658
"BFM Grand Lille",47621
"Rainha Dos Pios-Alessandra",47311
"Le TÃ©lÃ©gramme",46663
"Laupok LIVE",46540
"Overwatch FR",45923
"Motorsport Brasil",45204
A-Leagues,44941
"Fala, JoÃ£o Guilherme!",44603
"Os Donos da Bola RS",43977
"Jussie Cunha",43309
"Galera Boa de Luta",41170
"Edward Bil",40823
"Thomas Angelvy",40253
"AurÃ©lio Alfieri",39535
"Lenie - Topic",39108
"Casal Torcedor React",37804
"ĞŸÑ€Ğ¾ÑÑ‚Ğ¾ Ğ›ÑĞ´Ğ¸",36884
Ğ¥ĞĞ‘Ğ˜Ğ‘,36414
LNST,35931
"Overwatch Brasil",32836
MegaRetr,32522
"League of Legends - France",30129
"Fox League",29539
R7,26172
"Canal do Fragoso",24108
"Ğ—Ğ¾Ñ Ğ¯Ñ€Ğ¾Ğ²Ğ¸Ñ†Ñ‹Ğ½Ğ°",22684
"Ğ‘ÑƒĞ´Ğ½Ğ¸ Ğ´Ğ°Ğ»ÑŒĞ½Ğ¾Ğ±Ğ¾Ğ¹Ñ‰Ğ¸Ñ†Ñ‹ Merdgio Life",22219
"Ğ”ĞµĞ»Ğ° ĞÑ€Ñ‚ÑƒÑ€Ğ°",22113
"triple j",21315
"Zion Music",21113
"Ğ”ĞœĞ˜Ğ¢Ğ Ğ˜Ğ™ Ğ‘Ğ£Ğ¢ĞĞ ĞĞ’",19927
"ĞĞŸĞĞ¡ĞĞ«Ğ™ ĞŸĞĞ›ĞšĞĞ’ĞĞ˜Ğš",18071
"ĞĞ»ĞµĞºÑĞ°Ğ½Ğ´Ñ€ Ğ”Ğ¾Ğ±Ñ€Ğ¾Ğ½Ñ€Ğ°Ğ²Ğ¾Ğ²",17848
"Diana Kiyaeva",16881
"Alinka Malinka Tv",16777
MEMORY,16337
"Ğ‘Ğ¾Ğ»ÑŒÑˆĞ¾Ğ¹ Ñ‚ĞµÑÑ‚-Ğ´Ñ€Ğ°Ğ¹Ğ²",15791
"LIFE WEDDING",15538
Bandsports,15062
Ğ®Ğ·ĞµÑ„Ğ¾Ğ²Ğ¸Ñ‡,14811
"Gustavo Mioto",14121
"Janaele em Cena",13853
