Tag,Numero_de_usos
football,199
Highlights,166
Sports,146
Minecraft,146
funny,144
soccer,128
futebol,122
comedy,121
vlog,115
Challenge,107
gaming,98
sport,87
news,87
Fortnite,83
Animation,79
"melhores momentos",79
game,78
tiktok,74
новости,74
gol,71
"Hip Hop",69
music,66
shorts,65
action,65
gameplay,65
Live,64
"family friendly",60
"battle royale",60
NBA,59
MV,59
Video,59
"brawl stars",58
rap,57
games,55
Food,55
brasil,54
gols,54
DIY,54
Vtuber,54
brasileirão,53
"fox sports",53
Украина,53
"mobile game",53
ufc,52
humour,52
Россия,52
KPOP,51
"League of Legends",49
TEASER,49
"video games",48
roblox,48
trailer,47
espn,47
Podcast,46
Netflix,46
YouTuber,46
nintendo,46
yt:cc=on,45
"campeonato brasileiro",45
Anime,45
prank,45
2024,45
アニメ,44
Dance,44
Pop,44
"REAL MADRID",44
"ao vivo",44
"futebol ao vivo",44
Boxing,44
mma,43
ge,43
"champions league",43
"jordan matter",43
f1,43
Путин,43
"premier league",42
nfl,42
Mrbeast,42
"music video",41
k-pop,41
майнкрафт,41
fun,41
futbol,41
libertadores,41
sportv,41
humor,40
lol,40
series,39
"how to",39
japan,39
"mike tyson",39
globo,39
esporte,38
"Manchester United",38
adventure,38
family,37
юмор,37
ゲーム,37
ゲーム実況,37
basketball,37
"canal do ge",37
science,36
esportes,36
baseball,36
mlb,36
goals,36
UCL,36
"Formula 1",36
TV,36
Arcane,36
にじさんじ,36
実況,36
HYBE,36
하이브,36
update,35
"HYBE LABELS",35
하이브레이블즈,35
политика,35
Зеленский,34
Disney,34
"Riot Games",34
"formula one",34
mundial,34
"Juice WRLD",34
new,34
"sports highlights",34
GP,34
GOAT,33
Interview,33
desafio,33
"brasileirão 2024",33
France,33
cat,33
"grand prix",33
"motor racing",33
뮤비,32
twitch,32
"Auto Racing",32
Rugby,32
"jake paul",31
conmebol,31
movie,31
tutorial,31
Test,31
Amazon,30
nijisanji,30
AFC,30
YouTube,30
fs1,30
unspeakable,30
CJ100,30
Apple,29
film,29
обзор,29
react,29
halloween,29
歌ってみた,29
"tnt sports",29
sudamericana,29
ge.globo,29
"globo esporte",29
Viral,29
"война в украине",29
sidemen,28
"Manchester City",28
eliminatorias,28
UEFA,28
Pokémon,28
League,28
reaction,28
Marvel,27
secret,27
review,27
blackpink,27
ksi,27
Life,27
vlogs,27
野球,27
globoesporte.com,27
"clash of clans",27
Supercell,27
"royalty family",27
バーチャルYouTuber,26
"skibidi toilet",26
australia,26
"jyp entertainment",26
streaming,26
GOLD,26
ВСУ,26
fight,26
lances,26
Cooking,26
война,26
3D,25
"Titan Cameraman",25
"Titan Speakerman",25
BTS,25
Fashion,25
"Clash of Clans Attacks",25
"Clash of Clans Gameplay",25
COC,25
android,25
ハイライト,25
プロ野球,25
"alejandro domínguez",25
copa,25
"cree en grande",25
"eliminatorias sudamericanas",25
"eliminatórias sul-americanas",25
"torneos sudamericanos",25
"fox sports 1",25
fogaça,25
티빙에서스트리밍,25
"ERICK JACQUIN",24
お笑い,24
official,24
авто,24
челлендж,24
HOME,24
aespa,24
에스파,24
ITZY,24
"Ben azelart",24
"Brent Rivera",24
"новости сегодня",24
WWE,24
vs,24
Liverpool,24
dazn,24
fox,24
"Fortnite Battle Royale",24
"top 10",24
"mobile battle royale",24
"mobile rpg",24
"mobile strategy game",24
"supercell game",24
miniminter,23
Pranks,23
"Official Trailer",23
asmr,23
"atlantic records",23
rose,23
"Clash of Clans Strategy",23
drole,23
troll,23
education,23
evolución,23
"Cristiano Ronaldo",23
Goal,23
paris,22
dog,22
fishing,22
"com imagem",22
"com imagens",22
Foot,22
"10 anos masterchef",22
"ana paula padrão",22
"HELENA RIZZO",22
"henrique fogaça",22
jacquin,22
"masterchef br 2024",22
"paola carosella",22
"RODRIGO MOCOTO",22
"RODRIGO OLIVEIRA",22
"temporada 2024",22
Моды,22
"new season",22
preston,22
"Lexi Rivera",22
Трамп,22
love,22
epic,22
"Donald Trump",22
SNL,22
Song,21
cars,21
Funk,21
farmer,21
케이팝,21
JYP,21
Horse,21
Chef,21
wrestling,21
"lebron james",21
mm,21
Argentina,21
Flamengo,21
"Man Utd",21
"Stokes twins",21
Летсплей,21
ユーチューバー,21
ios,21
fr,21
Lololoshka,20
MrLololoshka,20
Лололошка,20
Магия,20
Сборка,20
Скачать,20
puppy,20
Horror,20
"tik tok",20
kitten,20
rpg,20
"Bruno Mars",20
bruno,20
있지,20
"brawl talk",20
parody,20
Comédia,20
shopping,20
"Taste Test",20
politics,20
Enaldinho,20
ニュース,20
mobile,20
"goat ao vivo",20
интервью,20
golf,20
nrl,20
Short,19
"série b",19
サッカー,19
広島,19
"conmebol evolución",19
Ronaldo,19
Palmeiras,19
laliga,19
scary,19
MOBA,19
Michou,19
farming,19
winter,19
블랙핑크,19
whiplash,19
CAKE,19
"clan game",19
"clan games",19
"clan war leagues",19
"Clan Wars",19
"Clash of Clans Animation",19
"Clash of Clans Commercial",19
"Clash of Clans Town Hall",19
"clash on",19
clash-a-rama,19
clasharama,19
"Hog Rider",19
PEKKA,19
"season challenges",19
battle,19
brawler,19
Recipe,19
haul,19
crazy,18
cartoon,18
mystery,18
Riot,18
Money,18
Musica,18
JENNIE,18
Mantra,18
뮤직비디오,18
"BORN TO BE",18
"Boys Like You",18
CHAERYEONG,18
CHECKMATE,18
CHESHIRE,18
"CRAZY IN LOVE",18
"DALLA DALLA",18
"GUESS WHO",18
ICY,18
"IT'z Different",18
"IT'z ICY",18
"IT'z ME",18
"ITZY CHECKMATE",18
"ITZY COMEBACK",18
"ITZY MUSIC VIDEOS",18
"ITZY MV",18
"ITZY Teaser",18
"ITZY VIDEOS",18
ITZY?ITZY!,18
"KILL MY DOUBT",18
LIA,18
LOCO,18
"Not Shy",18
RYUJIN,18
SNEAKERS,18
UNTOUCHABLE,18
WANNABE,18
YEJI,18
YUNA,18
ยูนา,18
รยูจิน,18
ลีอา,18
อิทจี,18
เยจี,18
แชรยอง,18
류진,18
리아,18
"마.피.아.IN THE MORNING",18
예지,18
유나,18
채령,18
イェジ,18
イッチ,18
チェリョン,18
ユナ,18
リア,18
リュジン,18
"first take",18
pets,18
"tnt sports brasil",18
corinthians,18
"goat transmissão",18
巨人,18
KO,18
"Ultimate Fighting Championship",18
スポーツ,18
"fortnite update",18
sketch,18
"Enaldo Lopes",18
Playstation,18
ps5,18
"top 5",18
xbox,18
cow,18
elephant,18
"Farm life",18
giraffe,18
"Hay Day",18
HayDay,18
hippo,18
pig,18
sanctuary,18
sheep,18
Suprcell,18
tablet,18
zebra,18
memes,18
trolagem,18
"24 hours",17
"rebecca zamolo",17
HD,17
Business,17
clip,17
ferrari,17
résumé,17
abandoned,17
Cover,17
Rock,17
Philly,17
christmas,17
"Дональд Трамп",17
R&B,17
위플래시,17
ASA,17
BABYMONSTER,17
루카,17
베이비몬스터,17
"новости украины",17
starship,17
Comics,17
"elo team",17
NBC,17
performance,17
"futebol online",17
"Jey Uso",17
Barcelona,17
"La Liga",17
Legends,17
"Full Fight",17
"gols da rodada",17
"gols de hoje",17
pelota,17
"Dana White",17
"nfl news",17
city,17
"futebol brasileiro",17
lakers,17
"Europa League",17
cricket,17
zerkaa,17
knockout,16
Best,16
meme,16
mukbang,16
Drama,16
show,16
Viktor,16
bmw,16
автоподбор,16
YG,16
"Nintendo Switch",16
任天堂,16
esports,16
vr,16
skins,16
приколы,16
Tips,16
Entertainment,16
"brasileirão ao vivo",16
中日,16
阪神,16
Messi,16
Mbappé,16
Vinicius,16
"UFC 309",16
"stephen a smith",16
"baseball highlights",16
"mlb highlights",16
"Bruno Fernandes",16
"European Soccer",16
CR7,16
"uefa nations league",16
Tottenham,16
"college football",16
"Sports news",16
"Jeremy Hutchins",16
США,16
foodie,16
S11,15
"temporada 11",15
english,15
fail,15
cinema,15
Ambessa,15
final,15
HIPHOP,15
제니,15
"yg entertainment",15
かわいい,15
ドッキリ,15
"Lady Gaga",15
로제,15
"jon jones",15
"Shannon Sharpe",15
"Rugby League",15
stream,15
日本,15
laugh,15
"do it yourself",15
AHYEON,15
BABYMON,15
BAEMON,15
CHIQUITA,15
HARAM,15
PHARITA,15
RORA,15
RUKA,15
로라,15
베몬,15
아사,15
아현,15
치키타,15
파리타,15
하람,15
東京,15
PC,15
"skibidi toilet all episodes",15
"skibidi toilet vs cameramen",15
"titan tv man",15
"no swearing",15
royal,15
royalty,15
"royalty gaming",15
"the royalty family",15
play,15
"Saturday night live",15
"esporte interativo",15
"jake paul vs mike tyson",15
"Asian Football Confederation",15
"Football Asia",15
"goat brasileirão",15
"segunda divisão",15
england,15
"Jimmy Uso",15
ソフトバンク,15
楽天,15
西武,15
読売ジャイアンツ,15
globoesporte,15
"ao vivo com imagens",15
Vitória,15
"Ligue 1",15
UEL,15
spurs,15
"football highlights",15
Chelsea,15
"Conor McGregor",15
cfb,15
Disney+,15
"fox sports highlights",15
idol,14
mnet,14
엠넷,14
REAL,14
hololive,14
ホロライブ,14
animals,14
pet,14
terrarium,14
Brighton,14
USA,14
"NBA Highlights",14
Barça,14
"canal ge",14
"gols do dia",14
Liga,14
реакция,14
"é gol",14
"futebol 24 horas",14
VAR,14
"bronny james",14
MUFC,14
コント,14
шортс,14
"Video Game",14
glitch,14
Uzi,14
"TV show",14
"stalker 2",14
ポケモン,14
engineering,14
Jin,14
Future,14
KQ,14
케이큐,14
apt,14
"official video",14
"kendrick lamar",14
BLINK,14
GISELLE,14
KARINA,14
NINGNING,14
닝닝,14
윈터,14
지젤,14
카리나,14
"sci fi",14
th17,14
"town hall 17",14
Overwatch,14
"Overwatch 2",14
MandJTV,14
"funny moments",14
"fortnite chapter 2 remix",14
"juice wrld fortnite",14
アイドル,14
roleplay,14
lego,14
"epic games",14
"Stephen A. Smith",14
"jake paul mike tyson",14
"breaking news",14
Carlito,14
"National Rugby League",14
Nine,14
"NRL Game Highlights",14
"NRL highlights",14
"NRL Match Highlights",14
"Rugby League Highlights",14
日常,14
history,14
pikachu,14
survival,14
"fortnite new update",14
Cook,14
Airrack,14
"Ryan Trahan",14
craziest,14
Wicked,14
声優,14
record,14
"life hacks",13
"Ali andrea",13
"Andrea ali",13
"Andrea Espada",13
"Family Vlog",13
"Realty Family",13
"Roti Family",13
"Royal Family",13
"royalty baby",13
"Royalty Fam",13
survived,13
"The Royal Family",13
"The Royalty Fam",13
"we survived",13
"andrew davila",13
behzinga,13
mcdonalds,13
ghost,13
skibidi,13
"skibidi dom dom yes yes",13
"Skibidi multiverse",13
"Skibidi toilet multiverse",13
surprise,13
"salish matter",13
"Stray Kids",13
turbo,13
v8,13
trending,13
power,13
building,13
"max verstappen",13
hurricane,13
"New York",13
Trap,13
ダンス,13
切り抜き,13
雑談,13
matue,13
Brazil,13
Ninho,13
子供,13
dab,13
블링크,13
"ITZY VLOG",13
"Apple Intelligence",13
LA,13
さくらみこ,13
兎田ぺこら,13
大神ミオ,13
大空スバル,13
宝鐘マリン,13
戌神ころね,13
星街すいせい,13
湊あくあ,13
猫又おかゆ,13
白上フブキ,13
tech,13
"jogos ao vivo",13
"jogos do brasileirão",13
"transmissão série b",13
"football news",13
"Roman Reigns",13
"central do ge",13
"futebol ao vivo com imagem",13
Gabigol,13
Bundesliga,13
Casimiro,13
"Casimiro ao vivo",13
"Cazé ao vivo",13
"Cazé TV",13
CazéTV,13
"CazéTV ao vivo",13
PSG,13
arsenal,13
"VINICIUS JR",13
"ESPN Brasil",13
2024/25,13
interviews,13
nerf,13
international,13
travel,13
"minecraft survival",13
"fortnite item shop",13
漫才,13
новини,13
mcfly,13
MCOUNTDOWN,13
엠카운트다운,13
フジテレビ,13
et,13
le,13
walkthrough,13
コラボ,13
"no cursing",13
ゆっくり実況,12
バンダイナムコ,12
"pokemon scarlet and violet",12
バーチャルユーチューバー,12
"battle pass",12
はじめしゃちょー,12
playthrough,12
"chapter 2 remix",12
FPS,12
"funny videos",12
doll,12
ishowspeed,12
switch,12
AZKi,12
アキ・ローゼンタール,12
ときのそら,12
ホロライブゲーマーズ,12
ロボ子さん,12
不知火フレア,12
夏色まつり,12
天音かなた,12
姫森ルーナ,12
常闇トワ,12
桐生ココ,12
白銀ノエル,12
百鬼あやめ,12
紫咲シオン,12
角巻わため,12
赤井はあと,12
ON,12
trolling,12
josh,12
pierson,12
"Pierson wodzynski",12
"Disney Plus",12
GRWM,12
メイク,12
daily,12
vlogmas,12
料理,12
"funny video",12
семья,12
школа,12
2025,12
"Minecraft Movie",12
multiverse,12
Sfm,12
zombies,12
шоу,12
technology,12
drive,12
"Top Gear",12
"mat armstrong",12
restoration,12
Top,12
igor,12
build,12
GTA,12
florida,12
BANGTAN,12
j-hope,12
Jimin,12
RM,12
SUGA,12
音楽,12
"são paulo",12
999,12
jazz,12
lyrics,12
"pop music",12
韓国,12
Drake,12
음악,12
"Country Music",12
HINATA,12
XG,12
Russia,12
"Interscope Records",12
"Новости россии",12
experiment,12
"first we feast",12
"food porn",12
"spicy food",12
ABC,12
vogue,12
hasard,12
MAMAAWARDS,12
"sfm animation",12
ライバー,12
Juice,12
remix,12
neymar,12
october,12
"arcane season 2",12
moments,12
Craft,12
"jake paul vs mike tyson highlights",12
"gols do brasil hoje",12
rodada,12
"Ligue des Champions",12
"G League",12
CBS,12
"Jamie Carragher",12
max,12
"SMACKDOWN HIGHLIGHTS",12
"WWE Smackdown",12
"WWE Smackdown Highlights Today",12
lions,12
"Campeonato Brasileiro 2024",12
Tennis,12
"sports debate",12
"old trafford",12
"Ten Hag",12
"Stipe Miocic",12
"Erik ten Hag",12
"Rugby Union",12
Matches,12
"NRL 2023",12
"nrl 2023 highlights",12
"nrl draw",12
"NRL Live",12
"nrl schedule",12
NRL23,12
"State of Origin",12
"Telstra Premiership",12
"Watch NRL",12
"best of",12
"black ops 6",12
"call of duty",12
"mike tyson jake paul",11
MVP,11
"All Blacks",11
"New Zealand Rugby",11
Canada,11
"talk show",11
"fortnite juice wrld",11
考察,11
"выборы в США",11
小舞,11
makeup,11
vlogging,11
아이돌,11
搞笑视频,11
москва,11
"Ariana Grande",11
fancy,11
comedie,11
"DRAGON BALL",11
"Snoop Dogg",11
やってみた,11
爆笑,11
mario,11
eystream,11
eystreem,11
"minecraft bedrock edition",11
"minecraft phone",11
PVP,11
brawl,11
mainequeft,11
"sims 4",11
"the sims",11
ts4,11
夜空メル,11
潤羽るしあ,11
Valorant,11
stokestwins,11
癒月ちょこ,11
ネタ,11
smile,11
bad,11
"новости Беларуси",11
mc,11
桃鈴ねね,11
雪花ラミィ,11
clips,11
ねこ,11
Hacks,11
"jake paul boxing",11
"Asian Qualifiers",11
Lebron,11
бой,11
"las vegas",11
lewandowski,11
"Fight Highlights",11
Haaland,11
"man city",11
empate,11
FutebolBrasileiro,11
Casemiro,11
Bodybuilder,11
Bodybuilding,11
"vini jr",11
Inter,11
"sports talk",11
superstars,11
"world wrestling entertainment",11
wrestle,11
wrestler,11
"wwe 2024",11
مصارعه,11
कुश्ती,11
"डब्लू डब्लू ई",11
पहलवान,11
मैच,11
"व्यावसायिक कुश्ती",11
सुपरस्टार,11
furacao,11
french,11
a24,11
"a24 films",11
"a24 movies",11
"a24 trailers",11
"academy award winner",11
"independent films",11
"oscar winner",11
еда,11
Français,11
house,11
"Season 2",11
hero,11
tesla,11
lamborghini,11
mercedes,11
toyota,11
INOXTAG,11
donut,11
"donut media",11
"new music",11
Reggaeton,11
大阪,11
カバー,11
"NBA YoungBoy",11
Houston,11
Dancing,11
キャンプ,11
癒し,11
CHISA,11
COCONA,11
HARVEY,11
JURIA,11
JURIN,11
MAYA,11
стрим,11
нато,11
BADASS,11
nico,11
joyca,11
nalish,11
2024MAMA,11
2024MAMAAWARDS,11
PARODIE,10
"Россия Украина",10
commentary,10
Орешник,10
"reality show",10
фронт,10
woodworking,10
bartender,10
burgers,10
cocktail,10
"craft beer",10
firstwefeast,10
"food documentary",10
fwf,10
"DUKE DENNIS",10
appelle,10
au,10
banane,10
des,10
fatshow,10
gens,10
"golden moustache",10
j'effectue,10
paranormal,10
"minion prince",10
"pokemon legends arceus",10
バーチャルライバー,10
grian,10
おすすめ,10
"pokemon challenge",10
"chapter 2",10
"fortnite chapter 2",10
japanese,10
フィッシャーズ,10
Amber,10
champion,10
"new fortnite update",10
aphmau,10
るな,10
Série,10
cod,10
"battle royal",10
warzone,10
"new update",10
尾丸ポルカ,10
獅白ぼたん,10
魔乃アロエ,10
iphone,10
Evil,10
"ESPN First Take",10
"First Take ESPN",10
конфликт,10
mctominay,10
PLAYS,10
"casimiro jogos",10
free,10
canal,10
pro,10
"NRL Full Match",10
"NRL scores",10
Fede,10
jazzghost,10
"Mac mini",10
亲子互动,10
家庭欢乐,10
家庭趣事,10
Amp,10
"Dhar mann",10
"mark rober",10
funniest,10
"real life",10
"unspeakable real life",10
"unspeakable vlogs",10
unspeakablegaming,10
unspeakableplays,10
Байден,10
唐三,10
斗罗大陆,10
角色扮演,10
baking,10
"Ryland Adams",10
"Shane Dawson",10
celebrities,10
"Cynthia Erivo",10
"wicked movie",10
"food challenge",10
fast,10
dating,10
"eating challenge",10
Television,10
"телеканал тнт",10
тнт,10
"тнт онлайн",10
"vídeo engraçado",10
Blender,10
"Camera man",10
Cameraman,10
"Clock man",10
Clockman,10
Drillman,10
fiction,10
"New episode",10
"Secret episode",10
skibidibopyesyesyes,10
"Speaker man",10
Speakerman,10
"Titan Clockman",10
"Titan Drillman",10
"Titan Tvman",10
"Tv man",10
tvman,10
"war documentary",10
what,10
worst,10
insects,10
challenges,10
Vi,10
драйв,10
tools,10
"elon musk",10
"matt armstrong",10
car,10
auction,10
M2,10
M4,10
MOTORSPORT,10
renovation,10
"tyler the creator",10
"lando norris",10
racing,10
Dallas,10
"BTS V",10
jhope,10
"Jung Kook",10
방탄,10
방탄소년단,10
슈가,10
알엠,10
정국,10
제이홉,10
지민,10
"Luan Santana",10
jschlatt,10
TFT,10
Alternative,10
"Billie Eilish",10
apt.,10
"rose bruno mars",10
IVE,10
걸그룹,10
아이브,10
ばんばんざい,10
Country,10
ALPHAZ,10
"GRL GVNG",10
HESONOO,10
IYKYK,10
"LEFT RIGHT",10
MASCARA,10
"NEW DANCE",10
"NEW DNA",10
"PUPPET SHOW",10
"SHOOTING STAR",10
TGIF,10
"Tippy Toes",10
"WINTER WITHOUT YOU",10
"WOKE UP",10
X-GENE,10
XGALX,10
sbt,10
sertanejo,10
BMSG,10
"twenty one pilots",10
블핑,10
와이지,10
snacks,10
арестович,10
брикс,10
"latest news",10
Tyler,10
Recording,10
trend,10
marseille,10
fish,10
ecosystem,10
おもしろ,10
tricks,10
#AsianQualifiers,10
"AFC Asian Cup",10
"AFC Asian Qualifiers",10
"AFC Asian Qualifiers™ Road to 26",10
"Asian Cup",10
Qualifiers,10
"Road to 26",10
"World Cup Qualifiers",10
FA,10
"The Bloodline",10
ピッチャー,10
мма,10
Fighting,10
Highlight,10
Madrid,10
defesa,10
derrota,10
trave,10
Match,10
"Charles Barkley",10
"Ernie Johnson",10
"Inside the NBA",10
"Kenny Smith",10
"NBA on TNT",10
Shaq,10
"CBS Golazo",10
"CBS Studio",10
"Champions League Highlights",10
"European Football",10
"European Futbol",10
"Micah Richards",10
"Thierry Henry",10
"UCL Highlights",10
"youtube shorts",10
"Serie A",10
Galo,10
DeNA,10
pós-jogo,10
Olympics,10
"UEFA Europa League",10
FIFA,10
"faze rug",10
"jude bellingham",10
atletico,10
"Tottenham Hotspur",10
AWE,9
"SOMETHING AIN'T RIGHT",9
ルーティン,9
roça,9
ママ,9
"soccer news",9
"Jacob Fatu",9
"Tama Tonga",9
"Tonga Loa",9
横浜DeNA,9
бокс,9
"El Clasico",9
"FC Barcelona",9
"Lamine Yamal",9
Fighter,9
ncaa,9
fora,9
"para fora",9
"Man United",9
OM,9
bronny,9
"los angeles lakers",9
basket,9
raphinha,9
cowboys,9
Atlético-MG,9
Fla,9
Mengão,9
カープ,9
日本ハム,9
vasco,9
"gols do fantástico",9
"pos jogo",9
Eurosport,9
"UEFA Champions League",9
"al nassr",9
"cfb on fox",9
"fox college football",9
portugal,9
Paródia,9
"united states Grand Prix",9
NPB,9
WBC,9
"copa do brasil",9
timão,9
"fs1 podcast",9
"sports fox",9
"sports podcast",9
"troom troom",9
space,9
霊夢,9
魔理沙,9
876,9
876TV,9
BANDAINAMCO,9
BANNAM,9
BNE,9
DB,9
Dokkan,9
バンダイナムコエンターテインメント,9
バンナム,9
バンナムTV,9
"Free Fire",9
モンスターストライク,9
モンスト,9
モンストニュース,9
モンストの日,9
獣神化,9
UCX7YkU9nEeaoZbkVLVajcMg,9
"episode 1",9
a4,9
hunting,9
"Fortnite Chapter 5",9
"juice wrld free skin",9
"juice wrld skin",9
skin,9
456,9
"Choi Seung-hyun",9
Gi-hun,9
"Jo Yu-ri",9
"Kang Ae-sim",9
"Kang Ha-neul",9
"Lee Byung-hun",9
"Lee Jung-jae",9
"Park Sung-hoon",9
"Wi Ha-jun",9
"Yang Dong-geun",9
"Yim Si-wan",9
Young-hee,9
activision,9
"The Sims 4",9
Moon,9
eyestream,9
hidden,9
BAUERS,9
Курск,9
engraçado,9
"humor inteligente",9
amixem,9
hilarious,9
"Apple tv",9
Rezende,9
"video rezendeevil",9
芸人,9
杉田智和,9
댄스,9
엠투,9
"boxing jake paul",9
"boxing mike tyson",9
"espn ringside",9
"espn ringside jake paul",9
"iron mike tyson",9
"jake paul beats mike tyson",9
"jake paul highlights",9
"mike tyson boxing",9
"mike tyson espn",9
"mike tyson espn ringside",9
"mike tyson highlights",9
"mike tyson loss vs jake paul",9
"mike tyson vs jake paul highlights",9
"france televisions",9
manutd,9
Rashford,9
解説,9
"national football league",9
Amine,9
yankees,9
goles,9
notícias,9
warriors,9
watch,9
Elite,9
Trump,9
外国人の反応,9
海外の反応,9
"best friends",9
"арестович алексей",9
"Gordon Ramsay",9
家庭日常,9
家族,9
Pegadinha,9
Tiringa,9
バラエティ,9
"I was adopted",9
"our sons big accident",9
daughter,9
footasylum,9
"locked in",9
"caught on camera",9
"celebrity news",9
"камеди клаб",9
"мировые новости",9
анимация,9
"Coming Soon",9
"Danielle Brooks",9
"Emma Myers",9
"Jack Black",9
"Jared Hess",9
"Jason Momoa",9
"Jennifer Coolidge",9
bowling,9
UK,9
ドラえもん,9
ポケカ,9
"sonic the hedgehog",9
piltover,9
zaun,9
animated,9
fnaf,9
cheap,9
hack,9
tavarish,9
"24 часа",9
ВЫЖИВАНИЕ,9
ильдар,9
машина,9
олег,9
эльдар,9
слава,9
automotive,9
"james pumphrey",9
accident,9
Anitta,9
"juice world",9
"love funk",9
Vert,9
Worldstar,9
Hottie,9
"Megan Thee Stallion",9
"pop latino",9
квашеная,9
"bruno mars rose apt",9
"meet me at the apt",9
Korea,9
"LE SSERAFIM",9
Ginger,9
리노,9
"jj olatunji",9
BLINKs,9
SKY-HI,9
QC,9
reportage,8
"Live Action",8
マイクラ,8
"3D Animation",8
Bubble,8
"digital circus",8
"Indie Animation",8
Pomni,8
"the amazing digital circus",8
animations,8
cartoons,8
тв,8
Candy,8
green,8
漫画,8
"истории из жизни",8
sonic,8
justkass,8
nen,8
caitlyn,8
fortiche,8
Mel,8
"wild rift",8
"Young Miko",8
"roblox doors",8
Venom,8
"тест драйв",8
auto,8
gallardo,8
hyundai,8
mclaren,8
"motor trend",8
roadkill,8
v12,8
"24 часа челлендж",8
подбор,8
спорт,8
тачка,8
repair,8
япония,8
"call me if you get lost",8
chromakopia,8
cmiygl,8
DE,8
"carlos sainz",8
面白い,8
hellcat,8
el,8
ファーストテイク,8
MISAMO,8
"filipe ret",8
"MC Ryan SP",8
"The Weeknd",8
ENHYPEN,8
juiceworld,8
JuiceWRLD,8
Akadmiks,8
"Baby Pluto",8
"Eternal Atake",8
"Futsal Shuffle",8
"Future Pluto",8
"Generation Now",8
Je2OItlb4pY/edit,8
Lil,8
"Lil Uzi Pluto x Baby Pluto",8
"Lil Uzi Vert",8
"Lil Uzi Vert Future",8
"Lil Uzi Vert Future Pluto x Baby Pluto",8
LUV,8
"Luv Is Rage",8
"Luv is Rage 2",8
"New Patek",8
PLUTO,8
"PLUTO X BABY PLUTO",8
"Roc Nation",8
"Sanguine Paradise",8
"That Way",8
"The Perfect LUV Tape",8
"XO Tour Life",8
"XO Tour Llif3",8
TWICE,8
schlatt,8
shakira,8
Niska,8
soul,8
兄弟,8
出産,8
spotify,8
"henrique e juliano",8
San,8
BE:FIRST,8
ざすと,8
スカイハイ,8
akstar,8
песни,8
"Snow Man",8
"porta dos fundos",8
stand-up,8
reddit,8
"henry tran",8
"kevin tran",8
"le rire jaune",8
election,8
celebrity,8
try,8
flamby,8
#DWTS,8
"ABC Network",8
"Alfonso Ribeiro",8
"Bruno Tonioli",8
"Carrie Ann Inaba",8
"Dancing With The Stars",8
"Derek Hough",8
Hulu,8
"Julianne Hough",8
"KAI CENAT",8
"Liam Payne",8
"One Direction",8
AOTM,8
"Artist Of The Month",8
"BE ORIGINAL",8
COVERS,8
"DANCE THE X",8
"Drop the dance",8
"Mix & Max",8
"Studio choom",8
"댄스 더 엑스",8
드롭더댄스,8
믹스앤맥스,8
믹앤맥,8
"비 오리지널",8
스춤,8
"스튜디오 춤",8
커버,8
커버스,8
アニメちいかわ,8
アンパンマン,8
ウサギ,8
キッズ,8
ショートアニメ,8
すみっこぐらし,8
ちいかわ,8
めざましテレビ,8
モルカー,8
井口裕香,8
内田雄馬,8
小澤亜李,8
新作アニメ,8
昼寝,8
朝,8
東地宏樹,8
松岡禎丞,8
淺井孝行,8
討伐,8
3am,8
"colby and sam",8
"ghost stories",8
haunted,8
overnight,8
"sam and colby",8
sam&colby,8
"the conjuring",8
"the stanley",8
legos,8
"apple original",8
"apple tv app",8
"apple tv+",8
"official teaser",8
gadgets,8
physics,8
"Apple announcement",8
keynote,8
"October 2024",8
"M4 Pro",8
"BANG CHAN",8
CHANGBIN,8
FELIX,8
HAN,8
HYUNJIN,8
I.N,8
"LEE KNOW",8
SEUNGMIN,8
SKZ,8
방찬,8
스키즈,8
승민,8
아이엔,8
창빈,8
필릭스,8
한,8
현진,8
"Big Bang",8
FCB,8
"live from new york",8
"october 19",8
tyla,8
aquarium,8
"dr plants",8
terragreen,8
"ant farm",8
antfarm,8
ants,8
antscanada,8
"exotic pets",8
myrmecology,8
chat,8
squeezie,8
Cycling,8
"match highlights",8
"Estados Unidos",8
"United States",8
清原,8
野球選手,8
Club,8
"mixed martial arts",8
"break 50",8
"bryson dechambeau",8
"american football",8
"city vs",8
"man city goals",8
"man city highlights",8
"man city v",8
"man city vs",8
mcfc,8
Manchester,8
United,8
"misfits boxing",8
"futebol nacional",8
musculação,8
EPL,8
Actualité,8
"FULL MATCH",8
"Solo Sikoa",8
"dallas cowboys",8
"New York jets",8
"Filipe Luis",8
SPFL,8
SPOTV,8
メジャーリーグ,8
プレミア,8
ヤクルト,8
横浜,8
"Bukayo Saka",8
TNT,8
"Tyson Fury",8
"Colorado Buffaloes",8
"Deion Sanders",8
"fox youtube",8
coletiva,8
"victor wembanyama",8
"vinicius junior",8
Botafogo,8
"premier league highlights",8
"Detroit Lions",8
hulk,8
"november update",8
DougDoug,8
"dougdoug twitch",8
"twitch chat",8
ゲーム配信,8
"Teamfight tactics",8
unboxing,8
"all pokemon",8
"best pokemon",8
charizard,8
"gen 9",8
greninja,8
"MandJTV Pokevids",8
"New Pokemon",8
"nintendo pokemon",8
"original pokemon",8
ポケポケ,8
а4,8
"apex legends",8
"can you beat",8
UUUM,8
"minecraft hardcore",8
"girl gamer",8
ldshadowlady,8
"mini game",8
"pink hair",8
"Fortnite New Season",8
"New Fortnite",8
"roblox shorts",8
"short video",8
игры,8
"juice wrld event",8
школьник,8
"sims challenge",8
"Standoff 2",8
"Стандофф 2",8
lankybox,8
Spiderman,8
ニンテンドー,8
DC,8
battlepass,8
duos,8
fortniteupdate,8
lachlan,8
lachy,8
lachydachy,8
laclan,8
lacy,8
pass,8
poggies,8
pubg,8
pwr,8
rlcs,8
rocketleague,8
brianna,8
glitches,8
"fortnite gameplay",8
skits,8
ファッション,8
"dress to impress",8
MasterChef,8
"Galo cego",8
"Luiz do som",8
MUÇÃO,8
PILILIU,8
"Veio do bigode branco",8
woohoo,8
"furacão milton",8
квн,8
"behind the scenes",8
тцк,8
Егорик,8
创意演绎,8
"Ryland Vlogs",8
大食い,8
"nbc tv",8
"matt stonie",8
камеди,8
"новости мира",8
"овр шоу",8
"trick shots",8
"ESPN MMA",8
"Stephen A First Take",8
"Stephen A.",8
Bellingham,8
dart,8
countdown,8
Boxeo,8
"dazn boxing",8
Pelea,8
Pugile,8
"The DAZN Boxing Show",8
Antony,8
"david de gea",8
"de gea",8
Elanga,8
Eriksen,8
fred,8
ggmu,8
"jadon sancho",8
Lindelof,8
maguire,8
Malacia,8
"man utd goals",8
"Marcus Rashford",8
Martinez,8
mu,8
"MU Highlights",8
"raphael varane",8
"ronaldo goals",8
shaw,8
"fox soccer",8
"soccer highlights",8
"most valuable promotions",8
"NFL on FOX",8
"assistir futebol",8
"caze tv ao vivo",8
"copa do mundo",8
"jogo ao vivo",8
wroetoshaw,8
Colorado,8
NRLW,8
история,8
손흥민,8
토트넘,8
"AC Milan",8
Calcio,8
"NRL23 highlights",8
Tournament,8
Peru,8
lifestyle,8
外国人,8
wrld,8
mythical,8
Scherer,8
"алексей арестович",8
атака,8
лукашенко,8
atacms,8
SpaceX,8
"live news",8
"Adeola Patronne",7
"AJ Shabeel",7
"Bad Bistro",7
"Bambino Becky",7
"Beta Squad",7
"Chef Asylum",7
"Chloe Burrows",7
Chunks,7
Chunkz,7
"Chunkz & Filly",7
"Darkest Man",7
"Does The Shoe Fit",7
"GK Barry",7
"Good Evening Britain",7
"Harry Pinero",7
"Johnny Carey",7
"King Kenny",7
"Liar Liar",7
"Max Khadar",7
"Nella Rose",7
"Niko Omilana",7
Sharky,7
"Stephen Tries",7
tennessee,7
"The Burnt Chip",7
Tobjizzle,7
"Young Filly",7
"Yung Filly",7
события,7
cool,7
経営,7
СВО,7
"alexey arestovich",7
arestovich,7
arestovych,7
fhtcnjdbx,7
"алексей арестович последнее",7
"арестович интервью",7
"арестович последнее",7
аристович,7
дождь,7
"телеканал дождь",7
"межконтинентальная ракета",7
putin,7
ств,7
"столичное телевидение",7
"Vladimir Putin",7
"associated press",7
Ukraine,7
girl,7
"스트레이 키즈",7
한지성,7
황현진,7
one,7
Lisa,7
Instagram,7
"arcane music",7
Italia,7
"australian football",7
"australian soccer",7
"thomas tuchel",7
бои,7
масленников,7
"Dani Olmo",7
Gavi,7
Lewy,7
Espagne,7
"ballon d'or",7
sulamericana,7
salah,7
misfits,7
jesser,7
dieta,7
motivação,7
receita,7
"Mexico City",7
"Mexico City Grand Prix",7
"Lionel Messi",7
ausvpak,7
"Leila Pereira",7
オリックス,7
ジャイアンツ,7
ベイスターズ,7
侍ジャパン,7
阪神タイガース,7
"SELEÇÃO BRASILEIRA",7
Internacional,7
"san antonio spurs",7
Santos,7
"cricket highlights",7
erik,7
pl,7
guardiola,7
pep,7
"pep guardiola",7
aew,7
"aew buy in",7
"aew dynamite",7
"aew dynamite highlights",7
"aew dynamite highlights this week",7
"aew highlights",7
"aew on tbs",7
"aew rampage",7
"AEW TV",7
"aew zero hour",7
"all elite wrestling",7
"pro wrestling",7
"Canal +",7
canalplus,7
平成フラミンゴ,7
Mastu,7
Construction,7
fabrication,7
"paramount plus",7
diatv,7
confeitaria,7
"DIEGO LOZANO",7
doce,7
LOZANO,7
"masterchef confeitaria",7
"masterchef doce",7
"masterchef sobremesa",7
"MC CONFEITARIA",7
S01,7
"temporada 01",7
"Squid Game",7
"Squid Game 2",7
Burger,7
動画,7
noodles,7
"amigo minecraft",7
bauergang,7
"meu caneco",7
"meus amigos me prenderam",7
"meus amigos no minecraft",7
sandega,7
"trolagem minecraft",7
"trolei meu amigo",7
"trolei meu amigo minecraft",7
"video bauers",7
"video do xing lao",7
"vingança minecraft",7
"xing lao",7
"xing lau",7
xinglau,7
documentaire,7
"say say matter",7
"как сделать",7
fandom,7
eleven,7
salish,7
マインクラフト,7
映画,7
Caine,7
Gangle,7
Jax,7
Kinger,7
Ragatha,7
Vivziepop,7
Zoophobia,7
"Prime Video",7
"Pokémon GO",7
dirt,7
Pumpkin,7
Rick,7
公式,7
"интересные факты",7
reviews,7
JUMP,7
jogos,7
"teaser trailer",7
sniper,7
2jz,7
amg,7
lift,7
путешествие,7
мотор,7
ремонт,7
тачки,7
moneypit,7
"up to speed",7
drag,7
howto,7
terra,7
"red bull",7
motorcycle,7
mclaughlin,7
smash,7
"música gospel",7
"YoungBoy Never Broke Again",7
Dream,7
Damso,7
"Mantra Dance",7
"This That Pretty Girl Mantra",7
"Brad Delson",7
"Dave Farrell",7
"From Zero",7
"Joe Hahn",7
"Mike Shinoda",7
"Two Faced",7
gr6,7
feid,7
"ryan castro",7
eminem,7
"саша капустина",7
newjeans,7
데뷔,7
JUL,7
Maes,7
"not like us",7
"lil durk",7
アウトドア,7
イケメン,7
コムドット,7
ヒカキン,7
album,7
SOTA,7
clancy,7
импровизация,7
чбд,7
"Lil Yachty",7
123go,7
"5 minute crafts",7
crafts,7
مرح,7
"big bang theory",7
cosmos,7
earth,7
galaxy,7
luna,7
moons,7
"planet X",7
scifi,7
"shut up cartoons planets",7
"shut up planet cartoon",7
"solar system",7
solarball,7
solarballs,7
"space animation",7
"space balls",7
spaceball,7
spaceballs,7
sun,7
"the big bang",7
"bottle flip",7
"bubble wrap",7
clean,7
dp,7
dude,7
"dude perfect",7
"dude perfect basketball",7
"dude perfect bottle flip",7
"dude perfect stereotypes",7
"dude perfect water bottle flip",7
"dude perfect world record",7
"fidget spinners",7
"ping pong",7
spinner,7
"trick shot",7
"water bottle flip",7
Resumen,7
"UFC 309 reaction",7
"UFC 309 recap",7
dani,7
"friday night smackdown",7
"smackdown 2024",7
"Smackdown clips",7
"smackdown tonight",7
"smackdown winners",7
Usos,7
24-25,7
CL,7
WOWOW,7
WOWOWサッカー,7
WSC,7
アンセム,7
グループステージ,7
ダイジェスト,7
チャンピオンズリーグ,7
フットボール,7
ヨーロッパリーグ,7
リーグフェーズ,7
海外サッカー,7
"nfl talk",7
"boston celtics",7
釣り,7
"AFC East",7
"AFC West",7
"NFC North",7
Skill,7
футбол,7
fitness,7
TOKYO,7
"Mike Tyson vs Jake Paul",7
recap,7
lautaro,7
"tom aspinall",7
LEON,7
"pop culture",7
Orlando,7
multiplayer,7
"fortnite juice wrld skin",7
união,7
dead,7
"poppy playtime",7
"Monster Strike",7
モンスト最新,7
彈珠爆新聞,7
怪物彈珠,7
最新情報,7
獣神化・改,7
"hammer jam",7
プレイ動画,7
"SchoolBoy Runaway",7
Baddie,7
シルクロード,7
ビログ,7
#MonsterHunter,7
steam,7
ゆっくり,7
"jeux vidéo",7
#Game,7
"shorts video",7
link,7
"black ops 6 zombies",7
jeu,7
demons,7
angel,7
"brawl pass",7
demon,7
игра,7
Axlebolt,7
casa,7
ぎし,7
みゆ,7
"Video Game (Industry)",7
london,7
"home decor",7
SkinSpotlights,7
Compilation,7
histoire,7
gotaga,7
couple,7
カップル,7
Cuisine,7
Израиль,7
"crafty panda",7
família,7
baby,7
cosmetics,7
стендап,7
airsoft,7
fakegun,7
gelblaster,7
toygun,7
diversão,7
pizza,7
justin,7
"своими руками",7
正能量,7
"Anime Adventures",7
"Anime Defenders",7
"Anime Last Stand",7
"Anime Tower Defense",7
"Anime Vanguards",7
"Anime World Tower Defense",7
"Roblox Tower Defense",7
"Tower Defense",7
"Canal do veio",7
Manetikin,7
Decor,7
факты,7
style,7
"свежие новости",7
"fast food",7
"камеди клаб лучшее",7
"новости дня",7
"brawl world finals",6
bswf,6
Kitchen,6
выборы,6
"amp world",6
グルメ,6
海外,6
コスメ,6
タレント,6
モッパン,6
美容,6
"Hot Ones",6
men,6
"big accident",6
"evil parents",6
"our sons",6
搞笑,6
"интересные истории",6
Знаменитости,6
"Alfie deyes",6
chatty,6
deyes,6
garden,6
"get ready with me",6
motherhood,6
Nala,6
"one year old",6
ottie,6
ottilie,6
pug,6
toddler,6
"two year old",6
"weekly vlog",6
"Zoe Sugg",6
Zoella,6
二次元,6
пародия,6
криминал,6
"unspeakable behind the scenes",6
"unspeakable bts",6
piscina,6
izna,6
이즈나,6
moresidemen,6
tbjzl,6
vikkstar,6
"Влад А4",6
"сериал про подростков",6
crush,6
лучшее,6
decoration,6
"последние новости",6
"Слово пацана",6
shane,6
Target,6
любовь,6
помощь,6
"story time",6
ビジネス,6
"Tom Holland",6
blague,6
"главные новости",6
"главные новости сегодня",6
"короче новости",6
новостник,6
новостничок,6
"свежие новости сегодняшнего дня",6
"события дня",6
"странные новости",6
vine,6
mcu,6
theory,6
"glitch productions",6
Gummigoo,6
"murder drones",6
Zooble,6
jaiden,6
british,6
"страшные истории",6
Pixar,6
Famille,6
Média,6
"s.t.a.l.k.e.r. 2",6
сталкер,6
"amazon prime",6
"amazon prime video",6
prime,6
Frank,6
kevin,6
Nouveau,6
creepy,6
кино,6
"not enough nelsons",6
storytime,6
сериалы,6
ad,6
Ekko,6
Jayce,6
runeterra,6
singed,6
мистика,6
barbie,6
AcademeG,6
1jz,6
"2 post",6
3sgte,6
"4 post",6
"aston martin",6
bendpak,6
budget,6
chrisfix,6
"doug demuro",6
"hoovies garage",6
jalopnik,6
m113k,6
mightycarmods,6
mr2,6
"quick jack",6
r230,6
r231,6
sl55,6
supra,6
sw20,6
v10,6
v6,6
vantage,6
welding,6
"wrench everyday",6
"copart rebuild",6
rebuilding,6
motortrend,6
"vice grip garage",6
"salvage auction",6
"scraplife garage",6
chevrolet,6
mods,6
Inox,6
"Ferrari F40",6
тест-драйв,6
excavator,6
"fixer upper",6
"barn find",6
diesel,6
rv,6
"van life",6
"will it run",6
ильдпр,6
эльдпр,6
automobile,6
voiture,6
avis,6
rebuild,6
Big,6
"Car Builds",6
Garage,6
Time,6
"charles leclerc",6
"george russell",6
"st chroma",6
"press conference",6
レビュー,6
旅行,6
honda,6
Launch,6
"MISAMO Identity",6
미사모,6
SDM,6
Scar,6
vocaloid,6
"MC Joãozinho VT",6
lyfestyle,6
yeat,6
lançamento,6
"chuckle sandwich",6
"chuckle sandwich podcast",6
"bad bunny",6
blessd,6
"kali uchis",6
maluma,6
"the first take",6
一発撮り,6
音楽番組,6
"MC Hariel",6
hip-hop,6
"5세대 아이돌",6
single,6
TOXIC,6
"Metro Boomin",6
"Chappell Roan",6
recovery,6
"die with a smile",6
"peso pluma",6
theseasons,6
더시즌즈,6
이영지,6
이영지의레인보우,6
토크쇼,6
"lil baby",6
可愛い,6
結婚,6
"anthony fantano",6
track,6
"blackpink Jennie",6
"Jennie Mantra",6
OA,6
ATEEZ,6
Hongjoong,6
Jongho,6
kbs,6
"kbs world",6
"KBS WORLD TV",6
"kbs 월드",6
kbsworld,6
kbsworldTV,6
kbs월드,6
Mingi,6
MusicBank,6
Seonghwa,6
Wooyoung,6
"world tv",6
Yeosang,6
Yunho,6
가수,6
가요,6
뮤뱅,6
뮤직뱅크,6
민기,6
산,6
성화,6
에이티즈,6
여상,6
우영,6
월드TV,6
윤호,6
종호,6
홍중,6
ミュージックバンク,6
breaking,6
"sabrina carpenter",6
музыка,6
"Money Longer",6
nwE_BsjBSUw,6
"Latin Pop",6
Musique,6
LEO,6
инстасамка,6
"марина кравец",6
"прямой эфир",6
"Concrete boys",6
"Lil Boat",6
overcompensate,6
"twenty one pilots official",6
Gazo,6
jungle,6
ORIGINAL,6
Booba,6
"trap br",6
tuê,6
티저,6
"Mc Don Juan",6
HIPTAPE,6
SKZHOP,6
"stray kids comeback",6
"Central Cee",6
"live performance",6
"kendrick lamar new album",6
freestyle,6
Araújo,6
"sertanejo 2024",6
HOWLING,6
한류,6
Morgan,6
Ryan,6
Soltera,6
mac,6
Design,6
김승민,6
용복,6
生放送,6
batman,6
rosie,6
"rosie album",6
"High Road",6
"tyla water",6
water,6
"los angeles",6
disneyland,6
frog,6
"terra green",6
cute,6
Handmade,6
プレミアリーグ,6
ceará,6
"sky sports",6
Uruguay,6
"YURI ALBERTO",6
"жизнь в лесу",6
"Hansi Flick",6
pedri,6
"Francis Ngannou",6
разоблачение,6
contest,6
"pat mcafee show",6
Fortaleza,6
endo,6
LFC,6
"Liverpool FC",6
"van dijk",6
"wataru endo",6
"crossover boxing",6
"dazn x",6
influencers,6
"social media",6
"x series",6
"times de futebol",6
"anthony davis",6
Dodgers,6
"fox cricket",6
"fox league",6
cariane,6
cast,6
fit,6
natural,6
"perder peso",6
saudavel,6
Treino,6
"vini jr bola de ouro",6
CRF,6
aspinall,6
スコティッシュプレミアシップ,6
"palpites nba",6
tbs,6
ソフトバンクホークス,6
ロッテ,6
中日ドラゴンズ,6
才木浩人,6
日ハム,6
森下翔太,6
横浜DeNAベイスターズ,6
福岡ソフトバンクホークス,6
喧嘩,6
"BOLA DE OURO",6
"BOLA DE OURO 2024",6
Fulham,6
"Joe Joyce",6
"Oleksandr Usyk",6
ausvind,6
44club,6
"how ridiculous",6
rexy,6
"abel ferreira",6
"bastidores do palmeiras",6
"coletiva abel ferreira",6
"gols do palmeiras",6
"sociedade esportiva palmeiras",6
"tv palmeiras",6
direct,6
"match en direct",6
"match en direct aujourd-hui",6
"matche en direct",6
rug,6
rádio,6
ACL,6
"bcci cricket",6
"cricket highlights match today",6
"cricket west indies",6
"india cricket highlights",6
"jason holder",6
"rohit sharma",6
"virat kohli",6
"west indies",6
"west indies cricket team",6
"west indies india Cricket",6
"west indies india test",6
"West Indies v England",6
windies,6
premier,6
甲子園,6
"bryson break 50",6
"bryson dechambeau golf",6
"bryson dechambeau highlights",6
"golf match",6
golfing,6
"pro golfer",6
"Sami Zayn",6
sporting,6
bahia,6
"fight hub",6
"fight hub tv",6
"fight hub tv youtube",6
fighthubtv,6
Goldbridge,6
"Live stream",6
"Man Utd News",6
"Manchester United Latest News",6
"Manchester United live",6
"Manchester United News",6
"Manchester United Transfer News",6
"Manchester United TV",6
"The United Stand",6
"United Stand",6
Kylian,6
"justkass baby",6
"justkass baby name",6
justparkers,6
"kass and josh",6
"nen fam",6
notenoughnelsonss,6
#MissUniverse,6
#MissUniverse2024,6
20241117online,6
"ABSCBN Entertainment",6
"ASAP November 10",6
Channel:Ent,6
"Chelsea Manalo",6
"Entertainment Daytime",6
Format:Highlights,6
Genre:Entertainment,6
Genre:Pageant,6
"Kapamilya Online Live",6
"Miss Universe Highlights",6
"Miss Universe November 17 2024",6
"Miss Universe Philippines",6
MissUniverse2024_Highlight,6
"November 17 2024",6
Person:ChelseaManalo,6
Series;MissUniverse,6
Verical:Entertainment,6
YT0psSanti,6
blind,6
Chase,6
"cheap vs expensive",6
"cotton candy randy",6
discontinued,6
Emily,6
feuds,6
"find the name brand",6
"flavor match",6
"food crimes",6
frozen,6
gmm,6
"good mythical morning",6
"gut check",6
Jordan,6
Levine,6
"naked foods",6
Neal,6
products,6
Rhett,6
rhettandlink,6
scornhole,6
shuffleboard,6
Stevie,6
"we tried every",6
"what’s the best",6
"what’s the worst",6
"will it",6
wynne,6
беларусь,6
"Nolifeshaq reactions",6
Weather,6
экономика,6
投資,6
ЗСУ,6
"ракета орешник",6
"ядерная война",6
"арестович олексій",6
"баллистическая ракета",6
"армия украины",6
"storm shadow",6
"jonathan bailey",6
cringe,6
father,6
stories,6
divertissement,6
maison,6
"артем карокоз",6
каха,6
"каха и серго",6
"Непосредственно Каха",6
"new series",6
mm7games,6
random,6
simon,6
sorvete,6
バイク,6
"a fazenda 16",6
Valouzz,6
"Competitive Eating",6
Megatoad,6
"Speed Eating",6
お笑い芸人,6
けいちょん,6
めちゃイケ,6
吉本,6
吉本興業,6
"buenos aires",6
trailers,6
полиция,6
québec,6
nidal,6
"lego city",6
"lego movie",6
"lego set",6
"deeblock duke",6
"top chrono",6
"movie review",6
"cobra kai",6
"Live Speedy",6
булджать,6
オーディション,6
BANGBANGBANG,6
FANTASTICBABY,6
GDRAGON,6
뱅뱅뱅,6
지드래곤,6
"colby & sam",6
"colby brock",6
exploring,6
"ghost adventures",6
"ghost hunting",6
"horror movie",6
"sam & colby",6
"sam golbach",6
"top 10 scary",6
"ben Azelart girlfriend",6
"Brent and pierson",6
"dom brack",6
"lexi hensler",6
"Lexi rivera boyfriend",6
"Mathew beem",6
mylifeaseva,6
LIZ,6
M-1,6
M-1グランプリ,6
storytelling,6
коррупция,6
"couples channels",6
DBL,6
"DRAGON BALL LEGENDS",6
Reveals,6
"Reveals & Stuff",6
Stuff,6
"Video ＆ Stuff",6
"Video and Stuff",6
"new hero",6
"new spell",6
"new troop",6
LOUD,6
pm7,6
"shiny legendary pokemon",6
markiplier,6
прикол,6
Atakhan,6
"Dev update",6
"3rd life",6
"grian life series",6
"life series",6
"wild life",6
Sony,6
"legends z-a",6
"new games",6
"New Pokemon games",6
"pokemon legends z-a",6
"Pokemon Talk",6
"retro games",6
"retro pokemon games",6
"Top Pokemon",6
"game it out",6
gameitout,6
"josh let's game it out",6
"josh lgio",6
"josh simulator",6
"let game it out",6
"let's game it out",6
"let's game it out josh",6
"let's game it out simulator",6
let'sgameitout,6
letgameitout,6
"lets game it out",6
letsgameitout,6
lgio,6
"lgio josh",6
jinx,6
скулбой,6
"apex legends from the rift",6
"apex legends From the Rift trailer",6
"apex legends Lifeline",6
"apex legends pc",6
"apex legends ps4",6
"apex legends ps5",6
"apex legends season 23",6
"apex legends skins",6
"apex legends switch",6
"apex legends trailer",6
"apex legends xbox",6
"collection event",6
Doc,6
"electronic arts",6
Horizon,6
"new LTM",6
"Prestige Skin",6
"respawn entertainment",6
"titanfall 2",6
Wattson,6
2xko,6
"point crow",6
pointcrow,6
"fortnite trailer",6
apuh,6
アプデ,6
ガチャ,6
colette,6
juju,6
spike,6
voodoo,6
up,6
"dubrovsky play",6
"roblox game",6
"roblox gameplay",6
"roblox short",6
"roblox игра",6
"roblox игры",6
"roblox истории",6
"roblox лучшие игры",6
"roblox побег",6
"roblox побег из тюрьмы",6
"roblox побег от бабушки",6
"roblox полицейский",6
"roblox приколы",6
"roblox прятки",6
"roblox пятёрочка",6
"roblox хоррор игры",6
"роблокс игра",6
"роблокс побег",6
"роблокс побег из тюрьмы",6
"роблокс полиция",6
"роблокс прохождение",6
"роблокс прятки",6
"роблокс симулятор",6
"chapter 6",6
leaks,6
girlfriend,6
angelic,6
angels,6
demonic,6
drew,6
"game mode",6
marzio,6
problems,6
edgar,6
kit,6
mortis,6
jacksepticeye,6
milo,6
BO6,6
br,6
pt-br,6
VideoGame,6
"DC Comics",6
"Game of Thrones",6
to,6
vbucks,6
canman,6
"cash minecraft",6
eyestreem,6
gametoons,6
maizen,6
"nico mc",6
ssundee,6
"clash of clans update",6
"coc update",6
"judo sloth",6
"th17 update",6
"town hall 17 update",6
"update sneak peek",6
"dragon age",6
speedrun,6
pewdie,6
pewdiepie,6
pewds,6
"lol esports",6
"build challenge",6
"Caryn and connie",6
carynandconnie,6
"house building",6
"how to build",6
"let’s build",6
"sims 4 build",6
"sims 4 challenge",6
"sims build challenge",6
"sims cheats",6
"sims hacks",6
"sims tips",6
"speed build",6
speedbuilding,6
ahgren,6
ludwig,6
"john michael cup",6
"mandjtv plays",6
ps4,6
"fashion show",6
"fortnite battlepass",6
"new fortnite season",6
Sypherpk,6
Unreal,6
"Worlds 2024",6
Лес,6
star,6
"24 horas",6
magic,6
trick,6
"useful things",6
lifehacks,6
veritasium,6
"logan paul",6
"Stephen A Smith First Take",6
"Stephen A. Smith First Take",6
"smack downs highlights",6
2024-25シーズン,6
即時公開,6
хардкор,6
Friends,6
PaulTyson,6
"International Soccer",6
"soccer debate",6
"soccer on fox",6
"soccer talk",6
"Argentina 6 x 0 Bolivia",6
"Argentina vs Bolivia",6
Bolivia,6
"goles Argentina vs Bolivia",6
"gols Argentina x Bolivia",6
"highlights Argentina vs Bolivia",6
"melhores momentos Argentina x Boliviau",6
"resumen Argentina vs Bolivia",6
boxe,6
combat,6
"AFC North",6
"AFC South",6
NFC,6
"NFC East",6
"NFC South",6
"NFC West",6
Billy,6
w2s,6
"serie b hoje",6
actualités,6
"NRL pre-season",6
"NRL trials",6
"nrl women's highlights",6
"tennis highlights",6
kyrie,6
"steve clarke",6
cnn,6
"Stephen Curry",6
JRA,6
競馬,6
"лига чемпионов",6
лч,6
"обзор матча",6
окко,6
"окко спорт",6
jomboy,6
"jomboy podcast",6
"jomboy videos",6
"new york yankees",6
"talkin yanks",6
but,6
campeonato,6
"mma espn",6
"mma news",6
"ufc news",6
"ufc reaction",6
"ufc recap",6
Dybala,6
"full highlights",6
"gol del mese",6
"highlights inter",6
"highlights juve",6
"highlights juventus",6
"highlights milan",6
"highlights roma",6
"highlights serie a",6
"Inter Milan",6
juve,6
Juventus,6
"lautaro martinez",6
Lazio,6
"lega italia",6
"lega italiana",6
"liga italia",6
"liga italiana",6
lukaku,6
"migliori gol",6
Napoli,6
partita,6
Roma,6
レース,6
Japon,6
viagem,6
"black ops 6 gameplay",6
squad,6
"creative squad",6
box,6
edition,5
spinners,5
"Khamzat Chimaev",5
"Dan Orlovsky",5
"Jerry Jones",5
"NFL on ESPN",5
"Stephen A Smith Cowboys",5
"Jon Jones vs Stipe Miocic",5
"Jones vs Miocic",5
barcelone,5
hardcore,5
"hfc mma",5
"Бои поп ММА",5
германский,5
"кулачные бои",5
"наше дело",5
сидорин,5
сульянов,5
хардкококор,5
"хардкор мма",5
"2024 Season",5
"2024 UEFA Season",5
Greece,5
"klay thompson",5
"luka doncic",5
calfreezy,5
Djokovic,5
"college football 2024",5
"college football espn",5
"college football on espn",5
"espn college football",5
Training,5
WBA,5
WBO,5
lvgp,5
galvão,5
"real madrid cf",5
"vini jr.",5
ダイエット,5
"scotland national team",5
"cnn brasil",5
"notícias de hoje",5
"Caitlin Clark",5
"Denver Nuggets",5
"Paul George",5
Austin,5
"major league baseball",5
buts,5
vini,5
player-1641705,5
team-1610612759,5
Розыгрыш,5
"assistir europa league",5
heavyweight,5
"kylian mbappé",5
duo,5
"AFC Champions League Elite™",5
"asian football",5
JPN,5
マッチョ,5
"golden state warriors",5
national,5
"michael chandler",5
"charles oliveira",5
"Joe Rogan",5
TKO,5
乗馬,5
"bobby lashley",5
"bobby lashley aew",5
"mvp aew",5
"prince nana",5
"shelton benjamin",5
"shelton benjamin aew",5
"swerve strickland",5
Tries,5
"Roller Coasters",5
"Theme Parks",5
国際カップル,5
"call of duty black ops 6",5
creative,5
brawloween,5
"mega box",5
ランキング,5
ben,5
"ben eagle",5
"điện ảnh",5
"diễn viên đóng thế",5
"diễn viên hành động",5
"diễn viên nam phương",5
"đóng thế",5
eagle,5
"eagles academy",5
"học võ",5
"huấn luyện",5
"huấn luyện võ thuật điện ảnh",5
"lớp dạy võ",5
"nam phương",5
"nam phương eagles academy",5
"nam phương tiktok",5
"ngôi sao võ thuật",5
"nhào lộn đường phố",5
"phim hanh dong vo thuat",5
"phim võ thuật",5
"siêu nhân",5
"trung tâm võ",5
"tự vệ",5
"tự vệ thực chiến",5
"và cái kết",5
"võ hiện đại",5
"võ thuật",5
"võ thuật điện ảnh",5
"true crime",5
"knotts berry farm",5
"nidal wonder",5
війна,5
"РС-26 Рубеж",5
"Актуальные новости",5
"арестович украина",5
"война 2024",5
дроны,5
спецоперация,5
"politics ]",5
"курская область",5
belsat,5
белсат,5
"вот так",5
днепр,5
"война на украине",5
навальный,5
удар,5
"конфликт в украине",5
"новости политики",5
"оружие для украины",5
"сво на украине",5
"настоящее время",5
"ядерное оружие",5
起業,5
"ap news",5
"news live",5
wednesday,5
temu,5
"bande annonce",5
vf,5
Nuggets,5
"Eugene Hansen",5
"Legendary Pictures",5
"Warner Brothers",5
WB,5
予告編,5
"Science Fiction",5
legacy,5
Justice,5
Police,5
"Creepy Nuts",5
"stalker 2 gameplay",5
"сталкер 2",5
GOTCHA,5
ピカチュウ,5
Cats,5
shadow,5
stars,5
комедия,5
dnd,5
cachorro,5
"easter egg",5
"обзор авто",5
Академег,5
Тест,5
БМВ,5
Гордей,5
"Дима Гордей",5
"Classic Cars",5
"nissan gtr",5
гонка,5
двс,5
motor,5
"combat crew",5
combatcrew,5
"комбат крю",5
СПОРТКАР,5
"Тачка на прокачку",5
автомобили,5
camaro,5
Булкин,5
"road trip",5
автоваз,5
путешествия,5
ninja,5
из,5
илдар,5
МАП,5
маруся,5
оживление,5
осциллограф,5
падбор,5
проект,5
России,5
элдар,5
ссср,5
"will it drive",5
Pit,5
RB,5
towing,5
"sergio perez",5
championship,5
観光,5
porsche,5
vintage,5
drift,5
milton,5
Gospel,5
WEST,5
"MISAMO 2nd Mini Album",5
"MISAMO Haute Couture",5
"MISAMO Identity M/V",5
"미사모 2집",5
"미사모 Haute Couture",5
"미사모 Identity",5
"미사모 Identity MV",5
ret,5
War,5
WOW,5
rilès,5
ボーカロイド,5
ボカロ,5
0C80BSgjb8M,5
6MCSr65d9Xc,5
7KTt4_M09Rw,5
ALimx-H8C6s,5
dYk-yCsuTUo,5
Kentrell,5
"Make No Sense YoungBoy",5
"nba youngboy top",5
qChxuVxs8FA,5
"Sincerely Kentrell",5
"Sincerely Kentrell album",5
"YB Sincerely Kentrell",5
"YBNBA Sincerely Kentrell",5
"YoungBoy Leak",5
"Youngboy Lost Motives",5
"YoungBoy NBA Music Video",5
"Youngboy NBA Sincerely Kentrell",5
"YoungBoy NBA TOP album",5
"YoungBoy Never Broke Again Sincerely Kentrell",5
"YoungBoy Never Broke Again TOP",5
"YoungBoy Quando Rondo",5
"kevin gates",5
30praum,5
mainstreet,5
"mc poze do rodo",5
"poesia acustica",5
"Люся чеботина",5
Arrocha,5
"Sertanejo Universitário",5
実況プレイ,5
"New Album",5
"New Song",5
afterlyfe,5
lyfe,5
"travis scott",5
"DJ GM",5
hungria,5
kondzilla,5
"MC Lipi",5
acoustic,5
holiday,5
slow,5
visualizer,5
Choreo,5
Choreography,5
"Mantra Challenge",5
"MV Rehearsal",5
Rehearsal,5
"rose bruno mars apt",5
AAA,5
"4세대 아이돌",5
"big hit entertainment",5
BODY,5
Chloe,5
ELLA,5
GAWON,5
"Jeon Somi",5
M/V,5
MEOVV,5
MEOW,5
NARIN,5
"sm entertainment",5
SOMI,5
SOOIN,5
TEASING,5
teddygirlgroup,5
theblacklabel,5
yggirlgroup,5
가원,5
나린,5
뉴진스,5
르세라핌,5
미야오,5
바디,5
수인,5
엘라,5
"엘라 그로스",5
엘라그로스,5
전소미,5
클로이,5
테디,5
테디걸그룹,5
티징,5
"EPIC: The Vengeance Saga (Official Concept Album)",5
"Jorge Rivera-Herrans",5
Afrobeats,5
"Chris Brown",5
"Don Toliver",5
"Justin Bieber",5
BGM,5
スカイピース,5
gnx,5
dancer,5
"Jennie from Blackpink",5
"Jennie Mantra official video",5
"Jennie Mantra video",5
"Odd Atelier",5
rockstar,5
"Benson Boone",5
Lacrim,5
ユンホ,5
видео,5
"breaking benjamin",5
"The Voice",5
soñar,5
son,5
BEFIRST,5
BESTY,5
JUNON,5
MANATO,5
RYOKI,5
RYUHEI,5
SHUNTO,5
レオ,5
"ai mori",5
koshkamoroshka,5
muzloft,5
"radio tapok",5
"ай мори",5
"гитара с нуля",5
"диана анкудинова",5
"живой звук",5
кипелов,5
киш,5
"король и шут",5
кошкаморошка,5
МакSим,5
музлофт,5
"паша ак стар",5
"под пианино",5
"радио тапок",5
рок,5
"рок стрим",5
"русский рок",5
сплин,5
"стас ярушин",5
"хижина музыканта",5
"ярик бро",5
"apartment game",5
"meet me at the",5
"rose apt",5
"rose apt music video",5
"rose apt video",5
"rose bruno mars kiss",5
"rose kiss",5
rosesarerosie,5
"DJ Lag",5
4k,5
Amapiano,5
神回,5
Recipes,5
搞怪日常,5
Китай,5
Харрис,5
Бушкрафт,5
"изба в лесу",5
Тайга,5
редакция,5
女性YouTuber,5
田园生活,5
亲子,5
剧情演绎,5
萌萌与舞桐,5
Звезды,5
book,5
idea,5
#comedy,5
resumo,5
грузия,5
美漫,5
"pas cher",5
tays,5
кузьма,5
подкаст,5
thriller,5
家庭娱乐,5
家庭生活,5
搞笑日常,5
"I LAND",5
WAKEONE,5
아이랜드,5
웨이크원,5
наука,5
comida,5
послезавтра,5
файб,5
"Егор Шкред",5
动漫文化,5
漫画爱好者,5
漫画角色,5
角色分析,5
日常vlog,5
MOTIVATION,5
美食,5
"renato garcia",5
ютуб,5
concept,5
"Daily vlog",5
родители,5
"в реальной жизни",5
"от первого лица",5
Хэллоуин,5
里崎智也,5
Retro,5
"2024 election",5
comedic,5
jokes,5
variety,5
humoriste,5
рецепт,5
"comedy club онлайн",5
"гарик харламов",5
"камеди клаб смотреть онлайн",5
"камеди клаб ютуб",5
"комеди клаб",5
"смотреть comedy club",5
"смотреть камеди клаб",5
"овр шоу ютуб",5
"однажды в россии",5
"однажды в россии лучшее",5
"однажды в россии новое",5
"однажды в россии смотреть онлайн",5
"однажды в россии тнт",5
"однажды в россии ютуб",5
"шоу тнт",5
all,5
colors,5
不破湊,5
oficial,5
concert,5
discussion,5
indie,5
"official music video",5
HOP,5
"skz comeback",5
"SKZ HOP",5
"skzhop hiptape",5
"stray kids hop",5
"스키즈 컴백",5
"스키즈 합",5
"스키즈합 힙테이프",5
"스트레이 키즈 컴백",5
"스트레이 키즈 합",5
합,5
"合 (HOP)",5
"Imaginary Friend",5
"Latin Music",5
lili,5
LLoud,5
вписка,5
djonga,5
Lalisa,5
Lily,5
Kesha,5
"IN THE RAIN",5
"IS THIS LOVE",5
colombia,5
lyon,5
"MC IG",5
birds,5
hugo,5
"dance music",5
"arcane netflix",5
"gr6 explode",5
belle,5
Get_Loud,5
Getloud,5
haneul,5
julie,5
"KISS OF LIFE",5
natty,5
rem,5
겟라우드,5
나띠,5
렘,5
벨,5
선공개곡,5
심혜원,5
알이엠,5
원하늘,5
유튜브,5
쥴리,5
키스오브라이프,5
키오프,5
키오프선공개,5
하늘,5
한쥴리,5
videos,5
documentary,5
"boxing highlights",5
ABEMA,5
AbemaTV,5
アベマ,5
Italy,5
"fifa world cup",5
"fifa world cup qualifier",5
"jogo ceará",5
"england manager",5
luta,5
pfl,5
нокаут,5
climbing,5
パリーグTV,5
Balde,5
"CAMP NOU",5
"de Jong",5
Fermín,5
"Ferran Torres",5
Frenkie,5
"Héctor Fort",5
kounde,5
"Pau Cubarsí",5
Ronald,5
Sepakbola,5
"ter stegen",5
برشلونة،,5
"كرة القدم",5
Karate,5
hj,5
hoje,5
"Джейк Пол",5
"Майк Тайсон",5
"Carabao Cup",5
EFL,5
Memphis,5
"copa sulamericana",5
"alexis mac allister",5
alisson,5
Anfield,5
"Arne Slot",5
darwin,5
"darwin nunez",5
Klopp,5
"Liverpool Football Club",5
"luis diaz",5
"mac allister",5
"mo salah",5
Slot,5
"trent alexander-arnold",5
"virgil van dijk",5
Leicester,5
"Olympique de Marseille",5
Milan,5
wembanyama,5
RIZIN,5
afl,5
"fox footy",5
alimentação,5
aprender,5
"casa dos campeões",5
ct,5
"educação fisica",5
emagrecer,5
Farmacia,5
Farmacologia,5
Fisiologia,5
gordinho,5
ironberg,5
ironbergcast,5
motivar,5
pod,5
projeto,5
quimica,5
"Renato Cariani",5
suplemento,5
"FULL SHOW",5
SMACKDOWN,5
"WWE HIGHLIGHTS",5
"WWE Smackdown Full Match",5
"WWE Smackdown Full Show",5
"WWE Smackdown Highlights",5
"WWE Smackdown Highlights This Week",5
jets,5
Steelers,5
"Bruno Henrique",5
canelo,5
Nice,5
Venezuela,5
"NBA Brasil",5
"rodada nba",5
ドラゴンズ,5
福岡,5
読売,5
RODRI,5
"jogo aberto",5
Discovery,5
"Erling Haaland",5
"Khabib Nurmagomedov",5
"Mohamed Salah",5
"Moto GP",5
"TNT Football",5
"Warner Bros.",5
AngryGinge13,5
Ginge,5
"liga saudita",5
"liga saudita ao vivo",5
"transmissão goat",5
"transmissão liga saudita",5
"campeonato paulista",5
"coletiva leila pereira",5
"coletiva palmeiras",5
"entrevista coletiva",5
"entrevista leila pereira",5
"leila pereira palmeiras",5
"paris saint germain",5
"psg live",5
"psg match",5
"aston villa",5
"epl highlights",5
zirkzee,5
ダゾーン,5
Michigan,5
"atlético mg",5
garro,5
"melhores momentos champions league",5
"123 go",5
Смех,5
delire,5
"bowen yang",5
skit,5
ржака,5
guest,5
doigby,5
parents,5
cyrilmp4,5
"tibo inshape",5
art,5
make,5
"de frente com blogueirinha mari maria",5
"dia tv",5
"mari e as marias",5
"mari maria",5
"mari maria e blogueirinha",5
"mari maria e sua sobrinha",5
"mari maria makeup",5
"mari maria reality",5
KAIChannel,5
かいちゃんねる,5
朝倉海,5
"canais de humor",5
"comedia brasileira",5
"esquetes engraçadas",5
"humor acido",5
satira,5
"videos de humor",5
health,5
português,5
chocolate,5
baltar,5
K.FUN,5
luiz,5
maluco,5
phellipe,5
rafaella,5
vizinho,5
pink,5
"Alan Stokes",5
"Alex Stokes",5
"Coby Persin",5
"ethan bradberry",5
"Moe Adams",5
"moe bradberry",5
pandaboi,5
"Sam Dezz",5
Stokes,5
"sunset park",5
Twins,5
"youtube recommended",5
YouTube最強草野球チーム決定戦,5
おこ,5
ケンカ,5
ブチギレ,5
ブチ切れ,5
めちゃめちゃイケてる,5
よしもと,5
ロンドンブーツ,5
ロンブー,5
加藤浩次,5
吉本坂,5
吉本坂46,5
山本,5
山本圭壱,5
怒り,5
極楽とんぼ,5
極楽とんぼ山本,5
田村淳,5
草野球,5
엔하이픈,5
гаи,5
おろちんゆー,5
生き物,5
sephora,5
nicotine84,5
луномосик,5
crime,5
ENTRETENIMENTO,5
hbo,5
"Childhood Games",5
"Dec 26",5
"Global Phenomenon",5
KContent,5
Christianity,5
dtr,5
Accendio,5
"After LIKE",5
"All Night",5
ANYUJIN,5
behind,5
dive,5
"Either Way",5
GAEUL,5
"girl group",5
hallyu,5
HEYA,5
"I AM",5
"IVE ON",5
"IVE SWITCH",5
JANGWONYOUNG,5
Kitsch,5
LEESEO,5
"LOVE DIVE",5
"Off The Record",5
REI,5
Starshiptv,5
"supernova love",5
가을,5
다이브,5
러브다이브,5
레이,5
리즈,5
배디,5
비하인드,5
수퍼노바러브,5
슈퍼노바러브,5
신곡,5
아센디오,5
아이브온,5
아이엠,5
안유진,5
애프터라이크,5
오프더레코드,5
원영,5
유진,5
이더웨이,5
이서,5
일레븐,5
장원영,5
키치,5
해야,5
アイヴ,5
イソ,5
ウォニョン,5
ガウル,5
ミュージック,5
ミュージックビデオ,5
ユジン,5
リズ,5
レイ,5
ロエン,5
韓流,5
3回戦,5
3回戦全ネタ,5
ネタ動画,5
予選,5
horreur,5
seb,5
клей,5
スイッチ,5
遊戯王,5
"playstation 5",5
"Domer Grief",5
Домер,5
"Домер Гриф",5
мем,5
"CAYLUS gaming",5
パック,5
ending,5
"S.T.A.L.K.E.R. 2: Heart of Chornobyl",5
ザカオ,5
ダーマ,5
チャレンジ,5
マサイ,5
モトキ,5
ンダホ,5
楽しい,5
笑える,5
#MHWilds,5
capcom,5
mh,5
"monster hunter",5
MMO,5
神引き,5
Season,5
MMORPG,5
"blox fruit",5
"blox fruits",5
"blox fruits update",5
"roblox blox fruits",5
DLC,5
バグ,5
guide,5
marrante,5
slime,5
maniqueft,5
угар,5
Standoff,5
Стандофф,5
"Стендофф 2",5
sv_nintendo,5
"DRAGON BALL Z",5
superhero,5
"let's play",5
LCS,5
"lol worlds 2024",5
Worlds,5
Stervio,5
再現,5
検証,5
skyrim,5
date,5
"comedy sketches",5
"Item Shop",5
Défis,5
"Смешное видео",5
"gta rp",5
дпс,5
booster,5
東海オンエア,5
NAMORADA,5
葛葉,5
clexxd,4
wicsur,4
Бискас,4
верниаву,4
Вискас,4
клекс,4
Котизтиктока,4
невернуаву,4
рыжийкот,4
ゆっくり茶番,4
"garten of banban",4
3Z,4
Hoyoverse,4
mihoyo,4
"Triple Z",4
Triple-Z,4
Z·Z·Z,4
zen,4
Zenless,4
"Zenless Zone Zer0",4
"Zenless Zone Zero",4
zer0,4
zero,4
zoneless,4
ZZZ,4
绝区0,4
绝区零,4
"town hall",4
"DougDoug second channel",4
"dougdoug stream",4
"dougdoug stream highlights",4
"dougdoug twitch highlights",4
"DougDoug Youtube",4
"DougDoug's Leftovers",4
DougDougDoug,4
"DougDougDoug Youtube",4
"horror game",4
"twitch plays",4
"playstation 5 pro",4
"ps5 pro",4
LEC,4
"shiny pokemon",4
EdisonPts,4
едисон,4
Эдисон,4
遊戯王マスターデュエル,4
competitive,4
clashon,4
clashon!,4
hammerjam,4
fortnitemares,4
warwick,4
"GTA 5",4
"дота 2",4
ゆーちゅーぶ,4
最強,4
"skibidi toilet 77",4
"squeezie best of",4
"squeezie compilation",4
"squeezie moments marrants",4
firelight,4
スクエニ,4
"game awards",4
"geoff keighley",4
sgf,4
tga,4
"the game awards",4
"video game awards",4
"world premiere",4
"fighting game",4
megame,4
"pointcrow pokemon",4
"pointcrow pokemon challenge",4
"Ice Spice",4
Paramount,4
"brawl stars fr",4
Blog,4
Dama,4
Fischer's,4
Masai,4
Motoki,4
Ndaho,4
SilkRoad,4
Zakao,4
ウーム,4
ウオタミ,4
ウケる,4
ビデオブロガー,4
一発芸,4
大爆笑,4
抱腹絶倒,4
腹筋崩壊,4
身体張る,4
都市伝説,4
bionic,4
lifesteal,4
"minecraft smp",4
socksfor1,4
"Julia Minegirl",4
rp,4
"secret room",4
Silly,4
超究極,4
"Chapter 5",4
"Fortnite Battle Pass",4
"Fortnite Chapter 2 Remix Battle Pass",4
"Fortnite New",4
"adventure story",4
"amber vtuber",4
"anime games",4
"anime style",4
genshi,4
"genshi game",4
"genshi impact",4
"genshi video",4
genshin,4
"genshin game",4
"genshin impact",4
"genshin impact 2020",4
"genshin impact game",4
"genshin impact good",4
"genshin impact graphics",4
"genshin impact introduction",4
"genshin impact manga",4
"genshin impact wiki",4
geshin,4
"geshin game",4
"miHoYo China",4
"miHoYo Japan",4
"MMO PlayStation",4
"open world game",4
Teyvat,4
"yuanshen game",4
シールド,4
ソード,4
人気,4
"mise à jour",4
"Channel Youtube DougDoug",4
"doug doug",4
"dougdoug twitch chat",4
"DougDoug Youtube Channel",4
"twitch chat plays",4
Minegirl,4
"skill up",4
"stalker 2 review",4
"stalker 2 trailer",4
Nuclear,4
luigi,4
"chapter 6 fortnite",4
"chapter 6 trailer",4
"fortnite live event",4
"free skin",4
"juice wrld landmark",4
"juice wrld location",4
"juice wrld mythic",4
"juice wrld update",4
"live event",4
"mythic weapons",4
"remix finale",4
"remix finale event",4
reward,4
unlock,4
critique,4
"liberty falls easter egg",4
"liberty falls easter egg guide",4
"liberty falls guide",4
"Fortnite Chapter 6",4
"Fortnite Live",4
"garena free fire",4
アップデート,4
"hardcore minecraft",4
HermitCraft,4
"100 games",4
"Jeu vidéo",4
map,4
catnap,4
"chapter 4",4
"huggy wuggy",4
"mob entertainment",4
"mob games",4
"mommy long legs",4
"nightmare critters",4
"poppy playtime chapter 4",4
ppt,4
"smiling critters",4
yarnaby,4
"minecraft fatos",4
"minecraft mitos",4
pobrema,4
"pobrema roblox",4
pobrems,4
"pobrems roblox",4
"pobris roblox",4
problema,4
"problema roblox",4
problemas,4
"problems roblox",4
probrems,4
probres,4
"video do pobrems",4
"video do problema",4
"video do problems",4
仕事,4
переписка,4
jd,4
вульф,4
goomba,4
super,4
"t rex",4
kayla,4
Shooter,4
Стендофф,4
Шутер,4
"creative squad 2",4
Sims,4
"next gen",4
ストライカーカード,4
"A Minecraft Movie",4
"Sebastian Eugene Hansen",4
pt,4
red,4
redstone,4
Microsoft,4
ranked,4
"Season 4",4
renju,4
sprunki,4
"clash of clans town hall 17",4
"coc th17",4
"town hall 17 attack",4
Лайв,4
"dragon age the veilguard review",4
"lets play",4
speedrunning,4
"mr roffle woffles",4
"mr rofl waffles",4
"mr rolf waffles",4
mrroflwaffles,4
roffle,4
"roffle waffle",4
rolf,4
woffle,4
lolesports,4
"Season 14",4
"sims tricks",4
aram,4
decides,4
lud,4
ludwigahgren,4
cinemassacre,4
"james rolfe",4
BrawlStars,4
"Fortnite event",4
"Fortnite tips",4
"brawl 2025",4
"brawl stars 2025",4
"brawl stars roadmap",4
"future of brawl",4
roadmap,4
"100 Days",4
"Forge Labs",4
"i survived hardcore minecraft for 100 days and this is what happened",4
"RLCraft Forge Labs",4
jmc,4
"jmc season 3",4
legendaries,4
"legendary pokemon",4
"legends za",4
"mandjtv pm7",4
"pm7 challenge",4
"pm7 legendary pokemon",4
"pm7 mandjtv",4
"pokemon but everything is legendary",4
"pokemon legends za",4
"pokemon race",4
"pokemon randomizer",4
FaZe,4
xenoblade,4
1000000,4
The,4
"Dragon Age the Veilguard",4
"dragon age veilguard",4
"the veilguard",4
"9 year old",4
"9 year old fortnite",4
"9 year old scam",4
"fashion show fortnite",4
"fortnite fashion show",4
"Fortnite OG",4
"free battlepass",4
ghoulz,4
"ghoulz fashion show",4
"girl fortnite",4
"new battlepass",4
"remix fortnite",4
scam,4
subscriber,4
"upgrading My Subscribers Fortnite Account For 24 Hours!",4
tendance,4
Old,4
School,4
persona,4
東大,4
"Launch Trailer",4
Abilities,4
Ability,4
"Ability Reveal",4
"Ability Rundown",4
"Ambessa Abilities",4
"Ambessa Ability Reveal",4
"Ambessa Champion Spotlight",4
"Ambessa Gameplay",4
"Ambessa mage",4
"Ambessa Matriarch of War",4
"Ambessa Medarda",4
"Ambessa Spotlight",4
"Ambessa The Matriarch of War",4
"Champion Reveal",4
"Champion Spotlight",4
Freljord,4
"League of Legends (Video Game)",4
mage,4
"Matriarch of War",4
Mid,4
Reveal,4
Rundown,4
"The Matriarch of War",4
Rire,4
"TOP 1",4
story,4
app,4
no,4
calis,4
callus,4
calus,4
caylus,4
"caylus infinite",4
"caylus myths",4
"caylus roblox",4
"caylus testing myths",4
caylusblox,4
"infinite lists",4
"ambessa cinematic",4
"arcane ambessa",4
"arcane champion",4
"arcane music video",4
"champ theme",4
"champion music",4
"champion theme",4
"league ambessa",4
"league ambessa music",4
"league ambessa theme song",4
"league music",4
"league theme",4
"lol ambessa",4
"music theme",4
"new champion",4
"riot music",4
bingo,4
cblol,4
bethesda,4
"blox fruits noob to pro",4
gift,4
"grande final",4
grim,4
NAMORO,4
VERSUS,4
"th 17",4
"war thunder",4
Divertido,4
How,4
彼氏,4
"Learn To Cook",4
Spanish,4
먹방,4
人类幼崽,4
儿童手工,4
儿童摄影,4
儿童游戏,4
儿童绘画,4
儿童阅读,4
姐姐依依,4
宠物趣事,4
家庭烹饪,4
小蚂蚁,4
幼儿成长,4
弟弟浩宇,4
弟弟浩鸣,4
意想不到的结局,4
童年趣闻,4
童言无忌,4
萌娃搞笑,4
萌娃日常,4
萌宝贝,4
"i built a soccer stadium in my house",4
"i exposed the worlds most evil 10 year old",4
"i survived the worlds worst rated cruise",4
"Japanese food",4
"таежная изба",4
"labour prep",4
"third baby",4
"unmedicated birth",4
Izalick,4
"family entertainment",4
"family humor",4
"family jokes",4
"#brittanybroski #broski #royalcourt",4
expensive,4
YouTubers,4
"5 min crafts",4
"5 year crafts",4
"5-minutes repair",4
blossom,4
"DIY & Crafts",4
"diy and crafts",4
"electric hacks",4
"five minute crafts",4
"For Crafts Sake",4
"for crafts sake shorts",4
"glue gun hacks",4
man,4
"manly hacks",4
"project farm",4
"repair gadgets",4
"repair hacks",4
"repair projects",4
"the maker",4
"the q",4
tip,4
"wood work",4
"workshop gadgets",4
"workshop hacks",4
"помощь людям",4
幽默生活,4
oce,4
oce.rthn,4
oceane,4
"océane les anges",4
advent,4
vlogust,4
#challenge,4
"#funny video",4
#test,4
#vlog,4
生活,4
golos,4
"liga portugal",4
"season 24/25",4
sp:st=soccer,4
sp:ty=high,4
Remodel,4
"I built",4
пранк,4
reacts,4
"новый выпуск",4
даник,4
лига,4
海外旅行,4
истории,4
"тру крайм",4
трукрайм,4
"еда челлендж",4
"челлендж с едой",4
"family fun",4
亲子关系,4
亲子游戏,4
欢乐时光,4
"internet haul",4
safia,4
"safiya and tyler",4
"safiya nygaard",4
sofia,4
Bingham,4
"Bingham Family",4
Binghams,4
"How We Bingham",4
"justin bingham",4
"justin bingham accident",4
"justin bingham death",4
"justin bingham family",4
"justin bingham funeral",4
"justin bingham memorial",4
"justin bingham memorial service",4
"justin bingham obituary",4
"justin bingham passed away",4
"justin bingham remembered",4
"justin bingham service",4
"Our Family",4
"The Binghams",4
"This Is How We Bingham",4
TIHWB,4
faib,4
GEO,4
redroom,4
"александр файб",4
варламов,4
минаев,4
простовещи,4
"простые вещи",4
"саша файб",4
"сергей минаев",4
"серийный номер",4
сулим,4
фаиб,4
революция,4
сталин,4
大家族,4
"Kendrick Lamar reaction",4
"Tropical Storm",4
娱乐频道,4
幽默剧情,4
beauty,4
carro,4
"leo da hornet",4
"celebrity interview",4
"full episode",4
"Kelly Clarkson",4
"kelly clarkson cover",4
"kelly clarkson interviews",4
"kelly clarkson moments",4
"kelly clarkson show collection",4
"kelly clarkson show moments",4
"kelly clarkson talk show",4
"the kelly clarkson show",4
"the kelly clarkson show interviews",4
"wicked movie cast",4
"тик ток",4
тренды,4
主題歌,4
defi,4
pere,4
日常生活,4
"супер стас",4
"3rd wheeling",4
"a day in my life in nyc",4
"a day in my life vlog",4
"college vlog",4
"Emily ha",4
"erica ha",4
"erica ha's vlog",4
"first day of school",4
"fred and evelyn",4
"fred and hjevelyn",4
"fred and hjevelyn dating?",4
"fred liu",4
"Freddie liu",4
fredliu,4
"ha sisters",4
"highschool vlog",4
hjevelyn,4
"korean food",4
"nicole laeno",4
"Nicole laeno dance",4
"Nicole laeno vlogs",4
"teenager vlog",4
"third wheeling my sister",4
thirdwheeling,4
"what I eat in a day korean food",4
"what I eat in a week",4
starbucks,4
skateboard,4
"christmas decor",4
"house tour",4
vlogger,4
"barrios ramos",4
camron,4
"face to face",4
face2face,4
"goyat nunes",4
liveonnetflix,4
"taylor serrano",4
дети,4
duchess,4
дюшес,4
勉強,4
受験,4
大学生,4
casal,4
arcade,4
classic,4
"educação financeira",4
"finanças pessoais",4
investir,4
子育て,4
беспредел,4
快乐分享,4
日常趣事,4
exclusive,4
"presidential election",4
Avengers,4
"jimmy fallon",4
talent,4
tonight,4
"tonight show",4
"comedy club",4
"stand up",4
搞笑剧情,4
"тимур батрутдинов",4
مضحك,4
conspiracy,4
Dawson,4
docuseries,4
"investigative journalism",4
journalism,4
hopescope,4
"justkass pregnant",4
"justkass sephora",4
pregnancy,4
"pregnancy vlog",4
Franchise,4
"Animated Shorts",4
"Disney Disney Videos Disney YouTube The Walt Disney Company Disney Top 10",4
"Tsum Tsum",4
"sephora haul",4
"sephora vlog",4
"best of yellowstone",4
"kevin costner",4
"rip wheeler",4
"yellowstone new episodes",4
"yellowstone recap",4
"actually good",4
american,4
biscuits,4
Brits,4
carrott,4
englishman,4
gabie,4
Gentleman,4
gravy,4
highschoolers,4
hottest,4
"infinite possibilities",4
JOLLY,4
kendal,4
kook,4
L.A.,4
michelin,4
nyc,4
ollie,4
online,4
rappers,4
"sorted food",4
southern,4
spiciest,4
spicy,4
"steven lim",4
taste,4
watcher,4
weird,4
weirdest,4
Pope,4
"90s makeup",4
bailey,4
"Bailey sarian",4
"bailey sarian youtube",4
"dark history",4
"flawless foundation",4
"get ready with me and makeup",4
grunge,4
"grwm and makeup",4
"history story",4
"makeup and story time",4
"makeup grwm",4
"monday mystery makeup",4
"monday story time",4
"mystery makeup",4
"mystery makeup monday",4
"mystery makeup mondays",4
"mystery monday",4
"new makeup tutorial",4
"story time and makeup",4
"tattoo tour",4
tattoos,4
"true crime story",4
"youtube bailey sarian",4
"Home Schooled",4
"Specs Gonzalez",4
"legends of runeterra",4
"Life at Riot",4
"Riot Careers",4
"hip hop reactions",4
"gavin magnus",4
"jiji wonder",4
"Broke up",4
"kendrick lamar gnx",4
"wicked cast",4
"wicked part 1",4
"Battle Animation",4
DBX,4
"DEATH BATTLE",4
"DEATH BATTLE Cast",4
deathbattle,4
"Goku VS Superman",4
screwattack,4
"Versus Matchups",4
"Who would win",4
"радио свобода",4
"владимир путин",4
"alexey arestovych",4
Bitcoin,4
usachevshow,4
usachevtoday,4
Руслан,4
"Руслан Усачев",4
Усачев,4
"kamala harris",4
беспилотники,4
"украина сегодня",4
"swing states",4
Actus,4
"Actus du jour",4
"Hugo Travers",4
HugoDécrypte,4
Travers,4
киев,4
херсон,4
РС-26,4
навальная,4
мобилизация,4
"арестович дневник войны",4
"дальнобойные ракеты",4
Гордон,4
"арестович война",4
портников,4
эфир,4
"us news",4
"вторжение в украину",4
"Premier ministre",4
"Al Roker",4
concerts,4
"domestic news",4
"Hoda Kotb",4
"International News",4
"Natalie Morales",4
Today,4
"Today Show",4
moscow,4
"межконтинентальная баллистическая ракета",4
investimentos,4
"max holloway",4
"First Take Stephen A.",4
"First Take Stephen A. Smith",4
"Shannon Sharpe First Take",4
イングランド,4
реалити,4
friendly,4
"nfl draft",4
"West indies vs India",4
"Amanda Serrano",4
"Katie Taylor",4
"nba agora",4
"nba games",4
"nba ontem",4
"torcida do corinthians",4
guarani,4
"ufc fight pass",4
"football talk",4
"nfl season",4
"gol anulado",4
"MIA vs. ATL",4
大谷翔平,4
"les vidéos de riles",4
"nba extra",4
emocionante,4
"dallas cowboys news",4
#badminton,4
#BWF,4
#BWFWorldTour,4
#HSBCbadminton,4
donotshow,4
"Gregoria Mariska TUNJUNG",4
p_83802,4
wt_2024,4
"actu foot",4
"actualités sport",4
canal+sport,4
"l ‘équipe en direct",4
L’équipe,4
"l’équipe 21",4
"l’équipe du soir",4
"La chaîne l’équipe",4
"rmc sport",4
"NRL Womens",4
Haka,4
ATP,4
"atp streams",4
"atp tennis videos",4
"ATP Tour",4
"best tennis videos",4
"djokovic fritz",4
"djokovic highlights",4
"highlight reel",4
"Hot Shots",4
"jannik sinner",4
"novak djokovic",4
"rolex shanghai masters",4
"rolex shanghai masters 2024",4
shanghai,4
"shanghai 2024",4
"shanghai tennis",4
sinner,4
"sinner highlights",4
"sinner machac",4
"taylor fritz",4
"tennis live",4
"tennis streaming",4
"tennis streams",4
"Tennis TV",4
"tennis videos",4
"tomas machac",4
"galvão bueno",4
Osasuna,4
sul-americana,4
Cruzeiro,4
OLYMPIA,4
筋トレ,4
"john mcginn goal",4
"cnn ao vivo",4
"cnn ao vivo agora",4
"cnn ao vivo agora online",4
"cnn brasil ao vivo",4
"cnn brasil ao vivo agora hoje",4
"cnn brasil notícias",4
"jornal cnn brasil",4
"notícias ao vivo",4
"últimas notícias cnn brasil",4
"Ankle Breakers",4
"Buzzer Beaters",4
"Game Winner",4
"Giannis Antetokounmpo",4
"House of Highlights",4
"Jimmy Highroller",4
"kobe bryant",4
"Michael Jordan",4
"nba breaking news",4
"NBA Championship",4
"nba free agency",4
"NBA trade",4
"NBA trash talk",4
"Olympic basketball",4
Rebound,4
"team usa",4
"Victor Wembenyama",4
WNBA,4
"ronaldo portugal",4
"lamelo ball",4
гол,4
"guess the pro",4
"aaron boone",4
"baseball podcast",4
"brian cashman",4
"jomboy media",4
"jomboy yankees",4
"mlb podcast",4
steinbrenner,4
"talkin yanks podcast",4
"talkin' yanks",4
"talkin' yanks podcast",4
"yankees podcast",4
yanks,4
rodrygo,4
Garnacho,4
"tnt sports champions league",4
"europa league ao vivo",4
"europa league cazetv",4
routine,4
#ufc309,4
"espn ufc",4
"jon jones ufc 309",4
"jones ufc 309",4
"miocic jones",4
"mma on espn",4
"ufc espn",4
"ufc on espn",4
"Stephen a",4
"Molly Qerim",4
"Nations League",4
curry,4
"golden state",4
セリーグ,4
日本一,4
amazonas,4
"who won",4
aus,4
clue,4
escape,4
#keyshawnlemos,4
"simon jordan",4
"thomas tuchel england",4
tuchel,4
"alex pereira",4
"MIA vs. NE",4
"Chael Sonnen",4
ATLAS,4
"five guys",4
"NRL Women's",4
GⅠ,4
GⅡ,4
GⅢ,4
WINS,4
日本中央競馬会,4
競走馬,4
alhaymon,4
"Bakhram Murtazaliev",4
"Bakhram Murtazaliev vs. Tim Tszyu",4
bestof,4
boxer,4
broner,4
ibf,4
ibo,4
knockouts,4
mayweather,4
munguia,4
murtazaliev,4
"murtazaliev vs tszyu",4
PBC,4
"pbc on prime",4
porter,4
"premier boxing",4
"prime video boxing",4
spence,4
thurman,4
"tim tszyko loss",4
"tim tszyu",4
"tim tszyu ko",4
tszyu,4
"tszyu vs murtazaliev",4
wilder,4
Leganés,4
homecoming,4
amazing,4
OMG,4
国際結婚,4
"vegas strip",4
cabin,4
"black ops 6 multiplayer",4
cr3at1VEsq&ad,4
feuripe,4
smp,4
"fortnite free skin",4
"fortnite how to",4
"fortnite how to unlock juice wrld",4
"fortnite juice wrld event",4
"fortnite juice wrld skin free",4
"fortnite news",4
"fortnite travis scott",4
oShven,4
ssbu,4
cs4,4
Irmandade,4
mendrake,4
NAIT,4
arg,4
puzzle,4
ビデオゲーム,4
granny,4
"Star Wars",4
jaidenanimation,4
jaidenanimations,4
ディズニー,4
"Disney Pixar",4
"Pixar Movie",4
Enfant,4
Mystère,4
Prison,4
аниме,4
"trailer oficial",4
ポケモンSV,4
ポケモンカード,4
ポケモン剣盾,4
Bob,4
boyfriend,4
Dad,4
flashback,4
"Trick or treat",4
witch,4
fantasy,4
illymation,4
"фильм 2024",4
emotional,4
"large family",4
"pulling an all nighter",4
фильм,4
стс,4
"стс медиа",4
Romance,4
"storytime animation",4
田中圭,4
ジャンプ,4
ハイキュー,4
呪術廻戦,4
銀魂,4
Filme,4
Noël,4
ashnikko,4
Cait,4
"city council",4
"final season",4
Heimer,4
Heimerdinger,4
kiramman,4
"last season",4
"paint the town blue",4
promo,4
S2,4
sevika,4
"Tom Morello",4
d&d,4
"dnd 5e",4
"dungeons and dragons",4
"funny animation",4
animatic,4
zeus,4
afton,4
freddy,4
spy,4
автообзор,4
Академик,4
заруцкий,4
Костя,4
offroad,4
675lt,4
flooded,4
p1,4
AI,4
"humanoid robot",4
"rebuilding a car",4
"rebuilding a wrecked car",4
"twin turbo",4
"выживание в лесу",4
gtr,4
nissan,4
wrecked,4
балацко,4
"corvette z06",4
"ferrari f8",4
"porsche gt3",4
гараж,4
асафьев,4
copart,4
corvette,4
LS,4
shop,4
"big ferrari guy",4
"BPR F40",4
"BPR Racing",4
"Carbon Kevlar",4
"Dream build",4
Enzo,4
F40,4
"F40 GTE",4
"F40 race car",4
F50,4
F80,4
"Ferrari F40 Build",4
"Ferrari F40 race car",4
"Ferrari GT1",4
"Ferrari GTE",4
"Ferrari Motorsport",4
GT1,4
LaFerrari,4
"Motorsports build",4
StanceWorks,4
"StanceWorks F40",4
"StanceWorks Ferrari",4
"Supercar build",4
"SW F40",4
SW40,4
"Time Attack F40",4
"Tube chassis",4
"Tube Chassis F40",4
"Tube chassis Ferrari",4
"Ultimate F40",4
Unlimited,4
Bulkin,4
автовлог,4
"второй канал",4
"новый канал",4
fix,4
"husband and wife",4
"flower boy",4
motorhome,4
35,4
b1,4
b2,4
marusia,4
marussia,4
VQ,4
zavozin,4
автомобиль,4
гриша,4
датчик,4
диагностика,4
завозин,4
масса,4
Николай,4
проводка,4
российский,4
русский,4
Фоменко,4
НастяТуман,4
"покупка авто",4
синдикат,4
electric,4
"new video",4
washington,4
damaged,4
"Big time",4
BIGTIME,4
"bmw m3",4
Donutmedia,4
"Garage build",4
"home garage",4
"Jeremiah Burton",4
"Money Pit",4
"working on cars",4
"Zach Jobe",4
